,Unnamed: 0,File directory,File name,Dimension(filtered),N(sample),N(filtered feature),Repetition Rate,File directory(CEB server/Iris),,"In RegPA, experiments were done in two times, once with  50<=size<=300, once with 300<=size<=500. One of datasets of size 300 got double counted. 8 datasets got replaced with other datasets with the same last 8 digit in filenames. Hence, there are 704 datasets for RegPA results.",
61,61,/Users/dangoo/My documents/PhD Research/Pairwise Approach/RP/qsar_data_unsorted/data_CHEMBL2286.csv,data_CHEMBL2286.csv,"(30, 50)",30,50,0.066666667,/home/iris/PA/qsar_data_unsorted/data_CHEMBL2286.csv,,,
348,348,/Users/dangoo/My documents/PhD Research/Pairwise Approach/RP/qsar_data_unsorted/data_CHEMBL4785.csv,data_CHEMBL4785.csv,"(30, 52)",30,52,0.133333333,/home/iris/PA/qsar_data_unsorted/data_CHEMBL4785.csv,,,
412,412,/Users/dangoo/My documents/PhD Research/Pairwise Approach/RP/qsar_data_unsorted/data_CHEMBL2281.csv,data_CHEMBL2281.csv,"(30, 50)",30,50,0.366666667,/home/iris/PA/qsar_data_unsorted/data_CHEMBL2281.csv,,,
565,565,/Users/dangoo/My documents/PhD Research/Pairwise Approach/RP/qsar_data_unsorted/data_CHEMBL4181.csv,data_CHEMBL4181.csv,"(30, 54)",30,54,0.033333333,/home/iris/PA/qsar_data_unsorted/data_CHEMBL4181.csv,,,
611,611,/Users/dangoo/My documents/PhD Research/Pairwise Approach/RP/qsar_data_unsorted/data_CHEMBL1907606.csv,data_CHEMBL1907606.csv,"(30, 116)",30,116,0.1,/home/iris/PA/qsar_data_unsorted/data_CHEMBL1907606.csv,,,
758,758,/Users/dangoo/My documents/PhD Research/Pairwise Approach/RP/qsar_data_unsorted/data_CHEMBL4091.csv,data_CHEMBL4091.csv,"(30, 48)",30,48,0.1,/home/iris/PA/qsar_data_unsorted/data_CHEMBL4091.csv,,,
773,773,/Users/dangoo/My documents/PhD Research/Pairwise Approach/RP/qsar_data_unsorted/data_CHEMBL4867.csv,data_CHEMBL4867.csv,"(30, 86)",30,86,0.166666667,/home/iris/PA/qsar_data_unsorted/data_CHEMBL4867.csv,,,
785,785,/Users/dangoo/My documents/PhD Research/Pairwise Approach/RP/qsar_data_unsorted/data_CHEMBL5990.csv,data_CHEMBL5990.csv,"(30, 54)",30,54,0.033333333,/home/iris/PA/qsar_data_unsorted/data_CHEMBL5990.csv,,,
923,923,/Users/dangoo/My documents/PhD Research/Pairwise Approach/RP/qsar_data_unsorted/data_CHEMBL4693.csv,data_CHEMBL4693.csv,"(30, 45)",30,45,0.133333333,/home/iris/PA/qsar_data_unsorted/data_CHEMBL4693.csv,,,
946,946,/Users/dangoo/My documents/PhD Research/Pairwise Approach/RP/qsar_data_unsorted/data_CHEMBL1770047.csv,data_CHEMBL1770047.csv,"(30, 51)",30,51,0.066666667,/home/iris/PA/qsar_data_unsorted/data_CHEMBL1770047.csv,,,
979,979,/Users/dangoo/My documents/PhD Research/Pairwise Approach/RP/qsar_data_unsorted/data_CHEMBL5558.csv,data_CHEMBL5558.csv,"(30, 88)",30,88,0.033333333,/home/iris/PA/qsar_data_unsorted/data_CHEMBL5558.csv,,,
1013,1013,/Users/dangoo/My documents/PhD Research/Pairwise Approach/RP/qsar_data_unsorted/data_CHEMBL1795181.csv,data_CHEMBL1795181.csv,"(30, 69)",30,69,0.5,/home/iris/PA/qsar_data_unsorted/data_CHEMBL1795181.csv,,,
1098,1098,/Users/dangoo/My documents/PhD Research/Pairwise Approach/RP/qsar_data_unsorted/data_CHEMBL2111394.csv,data_CHEMBL2111394.csv,"(30, 56)",30,56,0.066666667,/home/iris/PA/qsar_data_unsorted/data_CHEMBL2111394.csv,,,
1125,1125,/Users/dangoo/My documents/PhD Research/Pairwise Approach/RP/qsar_data_unsorted/data_CHEMBL3858.csv,data_CHEMBL3858.csv,"(30, 43)",30,43,0.133333333,/home/iris/PA/qsar_data_unsorted/data_CHEMBL3858.csv,,,
1202,1202,/Users/dangoo/My documents/PhD Research/Pairwise Approach/RP/qsar_data_unsorted/data_CHEMBL2602.csv,data_CHEMBL2602.csv,"(30, 62)",30,62,0.033333333,/home/iris/PA/qsar_data_unsorted/data_CHEMBL2602.csv,,,
1309,1309,/Users/dangoo/My documents/PhD Research/Pairwise Approach/RP/qsar_data_unsorted/data_CHEMBL5350.csv,data_CHEMBL5350.csv,"(30, 46)",30,46,0.333333333,/home/iris/PA/qsar_data_unsorted/data_CHEMBL5350.csv,,,
1395,1395,/Users/dangoo/My documents/PhD Research/Pairwise Approach/RP/qsar_data_unsorted/data_CHEMBL1944490.csv,data_CHEMBL1944490.csv,"(30, 21)",30,21,0.166666667,/home/iris/PA/qsar_data_unsorted/data_CHEMBL1944490.csv,,,
1443,1443,/Users/dangoo/My documents/PhD Research/Pairwise Approach/RP/qsar_data_unsorted/data_CHEMBL5431.csv,data_CHEMBL5431.csv,"(30, 32)",30,32,0.466666667,/home/iris/PA/qsar_data_unsorted/data_CHEMBL5431.csv,,,
1550,1550,/Users/dangoo/My documents/PhD Research/Pairwise Approach/RP/qsar_data_unsorted/data_CHEMBL3595.csv,data_CHEMBL3595.csv,"(30, 96)",30,96,0.066666667,/home/iris/PA/qsar_data_unsorted/data_CHEMBL3595.csv,,,
1552,1552,/Users/dangoo/My documents/PhD Research/Pairwise Approach/RP/qsar_data_unsorted/data_CHEMBL5866.csv,data_CHEMBL5866.csv,"(30, 169)",30,169,0.4,/home/iris/PA/qsar_data_unsorted/data_CHEMBL5866.csv,,,
1564,1564,/Users/dangoo/My documents/PhD Research/Pairwise Approach/RP/qsar_data_unsorted/data_CHEMBL4013.csv,data_CHEMBL4013.csv,"(30, 50)",30,50,0.066666667,/home/iris/PA/qsar_data_unsorted/data_CHEMBL4013.csv,,,
1584,1584,/Users/dangoo/My documents/PhD Research/Pairwise Approach/RP/qsar_data_unsorted/data_CHEMBL1293224.csv,data_CHEMBL1293224.csv,"(30, 91)",30,91,0.066666667,/home/iris/PA/qsar_data_unsorted/data_CHEMBL1293224.csv,,,
1592,1592,/Users/dangoo/My documents/PhD Research/Pairwise Approach/RP/qsar_data_unsorted/data_CHEMBL3422.csv,data_CHEMBL3422.csv,"(30, 77)",30,77,0.066666667,/home/iris/PA/qsar_data_unsorted/data_CHEMBL3422.csv,,,
1637,1637,/Users/dangoo/My documents/PhD Research/Pairwise Approach/RP/qsar_data_unsorted/data_CHEMBL1988.csv,data_CHEMBL1988.csv,"(30, 56)",30,56,0.066666667,/home/iris/PA/qsar_data_unsorted/data_CHEMBL1988.csv,,,
1648,1648,/Users/dangoo/My documents/PhD Research/Pairwise Approach/RP/qsar_data_unsorted/data_CHEMBL2305.csv,data_CHEMBL2305.csv,"(30, 63)",30,63,0.133333333,/home/iris/PA/qsar_data_unsorted/data_CHEMBL2305.csv,,,
1654,1654,/Users/dangoo/My documents/PhD Research/Pairwise Approach/RP/qsar_data_unsorted/data_CHEMBL5867.csv,data_CHEMBL5867.csv,"(30, 29)",30,29,0.066666667,/home/iris/PA/qsar_data_unsorted/data_CHEMBL5867.csv,,,
1708,1708,/Users/dangoo/My documents/PhD Research/Pairwise Approach/RP/qsar_data_unsorted/data_CHEMBL1075134.csv,data_CHEMBL1075134.csv,"(30, 52)",30,52,0.133333333,/home/iris/PA/qsar_data_unsorted/data_CHEMBL1075134.csv,,,
1755,1755,/Users/dangoo/My documents/PhD Research/Pairwise Approach/RP/qsar_data_unsorted/data_CHEMBL4401.csv,data_CHEMBL4401.csv,"(30, 33)",30,33,0.1,/home/iris/PA/qsar_data_unsorted/data_CHEMBL4401.csv,,,
2010,2010,/Users/dangoo/My documents/PhD Research/Pairwise Approach/RP/qsar_data_unsorted/data_CHEMBL1275217.csv,data_CHEMBL1275217.csv,"(30, 47)",30,47,0.1,/home/iris/PA/qsar_data_unsorted/data_CHEMBL1275217.csv,,,
2046,2046,/Users/dangoo/My documents/PhD Research/Pairwise Approach/RP/qsar_data_unsorted/data_CHEMBL1972.csv,data_CHEMBL1972.csv,"(30, 67)",30,67,0.433333333,/home/iris/PA/qsar_data_unsorted/data_CHEMBL1972.csv,,,
2078,2078,/Users/dangoo/My documents/PhD Research/Pairwise Approach/RP/qsar_data_unsorted/data_CHEMBL2095232.csv,data_CHEMBL2095232.csv,"(30, 170)",30,170,0.3,/home/iris/PA/qsar_data_unsorted/data_CHEMBL2095232.csv,,,
50,50,/Users/dangoo/My documents/PhD Research/Pairwise Approach/RP/qsar_data_unsorted/data_CHEMBL5270.csv,data_CHEMBL5270.csv,"(31, 54)",31,54,0.032258065,/home/iris/PA/qsar_data_unsorted/data_CHEMBL5270.csv,,,
160,160,/Users/dangoo/My documents/PhD Research/Pairwise Approach/RP/qsar_data_unsorted/data_CHEMBL1921662.csv,data_CHEMBL1921662.csv,"(31, 29)",31,29,0.290322581,/home/iris/PA/qsar_data_unsorted/data_CHEMBL1921662.csv,,,
208,208,/Users/dangoo/My documents/PhD Research/Pairwise Approach/RP/qsar_data_unsorted/data_CHEMBL4838.csv,data_CHEMBL4838.csv,"(31, 69)",31,69,0.064516129,/home/iris/PA/qsar_data_unsorted/data_CHEMBL4838.csv,,,
290,290,/Users/dangoo/My documents/PhD Research/Pairwise Approach/RP/qsar_data_unsorted/data_CHEMBL6169.csv,data_CHEMBL6169.csv,"(31, 60)",31,60,0.064516129,/home/iris/PA/qsar_data_unsorted/data_CHEMBL6169.csv,,,
385,385,/Users/dangoo/My documents/PhD Research/Pairwise Approach/RP/qsar_data_unsorted/data_CHEMBL1275209.csv,data_CHEMBL1275209.csv,"(31, 120)",31,120,0.161290323,/home/iris/PA/qsar_data_unsorted/data_CHEMBL1275209.csv,,,
529,529,/Users/dangoo/My documents/PhD Research/Pairwise Approach/RP/qsar_data_unsorted/data_CHEMBL3412.csv,data_CHEMBL3412.csv,"(31, 63)",31,63,0.129032258,/home/iris/PA/qsar_data_unsorted/data_CHEMBL3412.csv,,,
532,532,/Users/dangoo/My documents/PhD Research/Pairwise Approach/RP/qsar_data_unsorted/data_CHEMBL2146300.csv,data_CHEMBL2146300.csv,"(31, 137)",31,137,0.548387097,/home/iris/PA/qsar_data_unsorted/data_CHEMBL2146300.csv,,,
618,618,/Users/dangoo/My documents/PhD Research/Pairwise Approach/RP/qsar_data_unsorted/data_CHEMBL3528.csv,data_CHEMBL3528.csv,"(31, 74)",31,74,0.35483871,/home/iris/PA/qsar_data_unsorted/data_CHEMBL3528.csv,,,
634,634,/Users/dangoo/My documents/PhD Research/Pairwise Approach/RP/qsar_data_unsorted/data_CHEMBL1854.csv,data_CHEMBL1854.csv,"(31, 78)",31,78,0.064516129,/home/iris/PA/qsar_data_unsorted/data_CHEMBL1854.csv,,,
862,862,/Users/dangoo/My documents/PhD Research/Pairwise Approach/RP/qsar_data_unsorted/data_CHEMBL2111358.csv,data_CHEMBL2111358.csv,"(31, 93)",31,93,0.419354839,/home/iris/PA/qsar_data_unsorted/data_CHEMBL2111358.csv,,,
1038,1038,/Users/dangoo/My documents/PhD Research/Pairwise Approach/RP/qsar_data_unsorted/data_CHEMBL6093.csv,data_CHEMBL6093.csv,"(31, 70)",31,70,0.064516129,/home/iris/PA/qsar_data_unsorted/data_CHEMBL6093.csv,,,
1092,1092,/Users/dangoo/My documents/PhD Research/Pairwise Approach/RP/qsar_data_unsorted/data_CHEMBL2111425.csv,data_CHEMBL2111425.csv,"(31, 83)",31,83,0.096774194,/home/iris/PA/qsar_data_unsorted/data_CHEMBL2111425.csv,,,
1154,1154,/Users/dangoo/My documents/PhD Research/Pairwise Approach/RP/qsar_data_unsorted/data_CHEMBL2992.csv,data_CHEMBL2992.csv,"(31, 43)",31,43,0.064516129,/home/iris/PA/qsar_data_unsorted/data_CHEMBL2992.csv,,,
1218,1218,/Users/dangoo/My documents/PhD Research/Pairwise Approach/RP/qsar_data_unsorted/data_CHEMBL1743127.csv,data_CHEMBL1743127.csv,"(31, 201)",31,201,0.129032258,/home/iris/PA/qsar_data_unsorted/data_CHEMBL1743127.csv,,,
1248,1248,/Users/dangoo/My documents/PhD Research/Pairwise Approach/RP/qsar_data_unsorted/data_CHEMBL3873.csv,data_CHEMBL3873.csv,"(31, 68)",31,68,0.677419355,/home/iris/PA/qsar_data_unsorted/data_CHEMBL3873.csv,,,
1265,1265,/Users/dangoo/My documents/PhD Research/Pairwise Approach/RP/qsar_data_unsorted/data_CHEMBL3480.csv,data_CHEMBL3480.csv,"(31, 83)",31,83,0.032258065,/home/iris/PA/qsar_data_unsorted/data_CHEMBL3480.csv,,,
1275,1275,/Users/dangoo/My documents/PhD Research/Pairwise Approach/RP/qsar_data_unsorted/data_CHEMBL3325.csv,data_CHEMBL3325.csv,"(31, 91)",31,91,0.096774194,/home/iris/PA/qsar_data_unsorted/data_CHEMBL3325.csv,,,
1318,1318,/Users/dangoo/My documents/PhD Research/Pairwise Approach/RP/qsar_data_unsorted/data_CHEMBL2601.csv,data_CHEMBL2601.csv,"(31, 42)",31,42,0.064516129,/home/iris/PA/qsar_data_unsorted/data_CHEMBL2601.csv,,,
1328,1328,/Users/dangoo/My documents/PhD Research/Pairwise Approach/RP/qsar_data_unsorted/data_CHEMBL3255.csv,data_CHEMBL3255.csv,"(31, 59)",31,59,0.419354839,/home/iris/PA/qsar_data_unsorted/data_CHEMBL3255.csv,,,
1333,1333,/Users/dangoo/My documents/PhD Research/Pairwise Approach/RP/qsar_data_unsorted/data_CHEMBL1250381.csv,data_CHEMBL1250381.csv,"(31, 68)",31,68,0.64516129,/home/iris/PA/qsar_data_unsorted/data_CHEMBL1250381.csv,,,
1381,1381,/Users/dangoo/My documents/PhD Research/Pairwise Approach/RP/qsar_data_unsorted/data_CHEMBL5989.csv,data_CHEMBL5989.csv,"(31, 68)",31,68,0.096774194,/home/iris/PA/qsar_data_unsorted/data_CHEMBL5989.csv,,,
1494,1494,/Users/dangoo/My documents/PhD Research/Pairwise Approach/RP/qsar_data_unsorted/data_CHEMBL2997.csv,data_CHEMBL2997.csv,"(31, 42)",31,42,0.064516129,/home/iris/PA/qsar_data_unsorted/data_CHEMBL2997.csv,,,
1518,1518,/Users/dangoo/My documents/PhD Research/Pairwise Approach/RP/qsar_data_unsorted/data_CHEMBL1250368.csv,data_CHEMBL1250368.csv,"(31, 71)",31,71,0.258064516,/home/iris/PA/qsar_data_unsorted/data_CHEMBL1250368.csv,,,
1722,1722,/Users/dangoo/My documents/PhD Research/Pairwise Approach/RP/qsar_data_unsorted/data_CHEMBL3186.csv,data_CHEMBL3186.csv,"(31, 114)",31,114,0.225806452,/home/iris/PA/qsar_data_unsorted/data_CHEMBL3186.csv,,,
1812,1812,/Users/dangoo/My documents/PhD Research/Pairwise Approach/RP/qsar_data_unsorted/data_CHEMBL3226.csv,data_CHEMBL3226.csv,"(31, 64)",31,64,0.096774194,/home/iris/PA/qsar_data_unsorted/data_CHEMBL3226.csv,,,
1889,1889,/Users/dangoo/My documents/PhD Research/Pairwise Approach/RP/qsar_data_unsorted/data_CHEMBL1075246.csv,data_CHEMBL1075246.csv,"(31, 53)",31,53,0.064516129,/home/iris/PA/qsar_data_unsorted/data_CHEMBL1075246.csv,,,
1901,1901,/Users/dangoo/My documents/PhD Research/Pairwise Approach/RP/qsar_data_unsorted/data_CHEMBL2095153.csv,data_CHEMBL2095153.csv,"(31, 92)",31,92,0.064516129,/home/iris/PA/qsar_data_unsorted/data_CHEMBL2095153.csv,,,
1953,1953,/Users/dangoo/My documents/PhD Research/Pairwise Approach/RP/qsar_data_unsorted/data_CHEMBL2111333.csv,data_CHEMBL2111333.csv,"(31, 117)",31,117,0.096774194,/home/iris/PA/qsar_data_unsorted/data_CHEMBL2111333.csv,,,
2026,2026,/Users/dangoo/My documents/PhD Research/Pairwise Approach/RP/qsar_data_unsorted/data_CHEMBL5916.csv,data_CHEMBL5916.csv,"(31, 58)",31,58,0.193548387,/home/iris/PA/qsar_data_unsorted/data_CHEMBL5916.csv,,,
112,112,/Users/dangoo/My documents/PhD Research/Pairwise Approach/RP/qsar_data_unsorted/data_CHEMBL4609.csv,data_CHEMBL4609.csv,"(32, 71)",32,71,0.125,/home/iris/PA/qsar_data_unsorted/data_CHEMBL4609.csv,,,
210,210,/Users/dangoo/My documents/PhD Research/Pairwise Approach/RP/qsar_data_unsorted/data_CHEMBL5298.csv,data_CHEMBL5298.csv,"(32, 75)",32,75,0.0625,/home/iris/PA/qsar_data_unsorted/data_CHEMBL5298.csv,,,
217,217,/Users/dangoo/My documents/PhD Research/Pairwise Approach/RP/qsar_data_unsorted/data_CHEMBL3372.csv,data_CHEMBL3372.csv,"(32, 97)",32,97,0.09375,/home/iris/PA/qsar_data_unsorted/data_CHEMBL3372.csv,,,
267,267,/Users/dangoo/My documents/PhD Research/Pairwise Approach/RP/qsar_data_unsorted/data_CHEMBL4636.csv,data_CHEMBL4636.csv,"(32, 71)",32,71,0.15625,/home/iris/PA/qsar_data_unsorted/data_CHEMBL4636.csv,,,
395,395,/Users/dangoo/My documents/PhD Research/Pairwise Approach/RP/qsar_data_unsorted/data_CHEMBL1255126.csv,data_CHEMBL1255126.csv,"(32, 78)",32,78,0.125,/home/iris/PA/qsar_data_unsorted/data_CHEMBL1255126.csv,,,
434,434,/Users/dangoo/My documents/PhD Research/Pairwise Approach/RP/qsar_data_unsorted/data_CHEMBL5465.csv,data_CHEMBL5465.csv,"(32, 88)",32,88,0.09375,/home/iris/PA/qsar_data_unsorted/data_CHEMBL5465.csv,,,
455,455,/Users/dangoo/My documents/PhD Research/Pairwise Approach/RP/qsar_data_unsorted/data_CHEMBL3570.csv,data_CHEMBL3570.csv,"(32, 51)",32,51,0.0625,/home/iris/PA/qsar_data_unsorted/data_CHEMBL3570.csv,,,
474,474,/Users/dangoo/My documents/PhD Research/Pairwise Approach/RP/qsar_data_unsorted/data_CHEMBL2687.csv,data_CHEMBL2687.csv,"(32, 25)",32,25,0.15625,/home/iris/PA/qsar_data_unsorted/data_CHEMBL2687.csv,,,
576,576,/Users/dangoo/My documents/PhD Research/Pairwise Approach/RP/qsar_data_unsorted/data_CHEMBL4963.csv,data_CHEMBL4963.csv,"(32, 59)",32,59,0.25,/home/iris/PA/qsar_data_unsorted/data_CHEMBL4963.csv,,,
648,648,/Users/dangoo/My documents/PhD Research/Pairwise Approach/RP/qsar_data_unsorted/data_CHEMBL1075029.csv,data_CHEMBL1075029.csv,"(32, 24)",32,24,0.0625,/home/iris/PA/qsar_data_unsorted/data_CHEMBL1075029.csv,,,
829,829,/Users/dangoo/My documents/PhD Research/Pairwise Approach/RP/qsar_data_unsorted/data_CHEMBL3674.csv,data_CHEMBL3674.csv,"(32, 84)",32,84,0.375,/home/iris/PA/qsar_data_unsorted/data_CHEMBL3674.csv,,,
884,884,/Users/dangoo/My documents/PhD Research/Pairwise Approach/RP/qsar_data_unsorted/data_CHEMBL3102.csv,data_CHEMBL3102.csv,"(32, 45)",32,45,0.09375,/home/iris/PA/qsar_data_unsorted/data_CHEMBL3102.csv,,,
1001,1001,/Users/dangoo/My documents/PhD Research/Pairwise Approach/RP/qsar_data_unsorted/data_CHEMBL3317.csv,data_CHEMBL3317.csv,"(32, 56)",32,56,0.40625,/home/iris/PA/qsar_data_unsorted/data_CHEMBL3317.csv,,,
1315,1315,/Users/dangoo/My documents/PhD Research/Pairwise Approach/RP/qsar_data_unsorted/data_CHEMBL1287620.csv,data_CHEMBL1287620.csv,"(32, 150)",32,150,0.625,/home/iris/PA/qsar_data_unsorted/data_CHEMBL1287620.csv,,,
1368,1368,/Users/dangoo/My documents/PhD Research/Pairwise Approach/RP/qsar_data_unsorted/data_CHEMBL1795148.csv,data_CHEMBL1795148.csv,"(32, 47)",32,47,0.0625,/home/iris/PA/qsar_data_unsorted/data_CHEMBL1795148.csv,,,
1439,1439,/Users/dangoo/My documents/PhD Research/Pairwise Approach/RP/qsar_data_unsorted/data_CHEMBL6110.csv,data_CHEMBL6110.csv,"(32, 49)",32,49,0.125,/home/iris/PA/qsar_data_unsorted/data_CHEMBL6110.csv,,,
1460,1460,/Users/dangoo/My documents/PhD Research/Pairwise Approach/RP/qsar_data_unsorted/data_CHEMBL1075025.csv,data_CHEMBL1075025.csv,"(32, 63)",32,63,0.0625,/home/iris/PA/qsar_data_unsorted/data_CHEMBL1075025.csv,,,
1557,1557,/Users/dangoo/My documents/PhD Research/Pairwise Approach/RP/qsar_data_unsorted/data_CHEMBL2094114.csv,data_CHEMBL2094114.csv,"(32, 73)",32,73,0.0625,/home/iris/PA/qsar_data_unsorted/data_CHEMBL2094114.csv,,,
1617,1617,/Users/dangoo/My documents/PhD Research/Pairwise Approach/RP/qsar_data_unsorted/data_CHEMBL3345.csv,data_CHEMBL3345.csv,"(32, 57)",32,57,0.0625,/home/iris/PA/qsar_data_unsorted/data_CHEMBL3345.csv,,,
1731,1731,/Users/dangoo/My documents/PhD Research/Pairwise Approach/RP/qsar_data_unsorted/data_CHEMBL3421.csv,data_CHEMBL3421.csv,"(32, 159)",32,159,0.4375,/home/iris/PA/qsar_data_unsorted/data_CHEMBL3421.csv,,,
1814,1814,/Users/dangoo/My documents/PhD Research/Pairwise Approach/RP/qsar_data_unsorted/data_CHEMBL2672.csv,data_CHEMBL2672.csv,"(32, 67)",32,67,0.0625,/home/iris/PA/qsar_data_unsorted/data_CHEMBL2672.csv,,,
1865,1865,/Users/dangoo/My documents/PhD Research/Pairwise Approach/RP/qsar_data_unsorted/data_CHEMBL4820.csv,data_CHEMBL4820.csv,"(32, 48)",32,48,0.0625,/home/iris/PA/qsar_data_unsorted/data_CHEMBL4820.csv,,,
1977,1977,/Users/dangoo/My documents/PhD Research/Pairwise Approach/RP/qsar_data_unsorted/data_CHEMBL3751.csv,data_CHEMBL3751.csv,"(32, 91)",32,91,0.0625,/home/iris/PA/qsar_data_unsorted/data_CHEMBL3751.csv,,,
2083,2083,/Users/dangoo/My documents/PhD Research/Pairwise Approach/RP/qsar_data_unsorted/data_CHEMBL2331070.csv,data_CHEMBL2331070.csv,"(32, 46)",32,46,0.0625,/home/iris/PA/qsar_data_unsorted/data_CHEMBL2331070.csv,,,
145,145,/Users/dangoo/My documents/PhD Research/Pairwise Approach/RP/qsar_data_unsorted/data_CHEMBL2111472.csv,data_CHEMBL2111472.csv,"(33, 59)",33,59,0.090909091,/home/iris/PA/qsar_data_unsorted/data_CHEMBL2111472.csv,,,
156,156,/Users/dangoo/My documents/PhD Research/Pairwise Approach/RP/qsar_data_unsorted/data_CHEMBL2097167.csv,data_CHEMBL2097167.csv,"(33, 80)",33,80,0.272727273,/home/iris/PA/qsar_data_unsorted/data_CHEMBL2097167.csv,,,
288,288,/Users/dangoo/My documents/PhD Research/Pairwise Approach/RP/qsar_data_unsorted/data_CHEMBL3777.csv,data_CHEMBL3777.csv,"(33, 103)",33,103,0.272727273,/home/iris/PA/qsar_data_unsorted/data_CHEMBL3777.csv,,,
495,495,/Users/dangoo/My documents/PhD Research/Pairwise Approach/RP/qsar_data_unsorted/data_CHEMBL1826.csv,data_CHEMBL1826.csv,"(33, 36)",33,36,0.151515152,/home/iris/PA/qsar_data_unsorted/data_CHEMBL1826.csv,,,
516,516,/Users/dangoo/My documents/PhD Research/Pairwise Approach/RP/qsar_data_unsorted/data_CHEMBL2283.csv,data_CHEMBL2283.csv,"(33, 55)",33,55,0.060606061,/home/iris/PA/qsar_data_unsorted/data_CHEMBL2283.csv,,,
610,610,/Users/dangoo/My documents/PhD Research/Pairwise Approach/RP/qsar_data_unsorted/data_CHEMBL2034807.csv,data_CHEMBL2034807.csv,"(33, 49)",33,49,0.060606061,/home/iris/PA/qsar_data_unsorted/data_CHEMBL2034807.csv,,,
616,616,/Users/dangoo/My documents/PhD Research/Pairwise Approach/RP/qsar_data_unsorted/data_CHEMBL4521.csv,data_CHEMBL4521.csv,"(33, 56)",33,56,0.090909091,/home/iris/PA/qsar_data_unsorted/data_CHEMBL4521.csv,,,
716,716,/Users/dangoo/My documents/PhD Research/Pairwise Approach/RP/qsar_data_unsorted/data_CHEMBL6109.csv,data_CHEMBL6109.csv,"(33, 53)",33,53,1,/home/iris/PA/qsar_data_unsorted/data_CHEMBL6109.csv,,,
740,740,/Users/dangoo/My documents/PhD Research/Pairwise Approach/RP/qsar_data_unsorted/data_CHEMBL2029198.csv,data_CHEMBL2029198.csv,"(33, 71)",33,71,0.090909091,/home/iris/PA/qsar_data_unsorted/data_CHEMBL2029198.csv,,,
1004,1004,/Users/dangoo/My documents/PhD Research/Pairwise Approach/RP/qsar_data_unsorted/data_CHEMBL5000.csv,data_CHEMBL5000.csv,"(33, 86)",33,86,0.242424242,/home/iris/PA/qsar_data_unsorted/data_CHEMBL5000.csv,,,
1045,1045,/Users/dangoo/My documents/PhD Research/Pairwise Approach/RP/qsar_data_unsorted/data_CHEMBL3882.csv,data_CHEMBL3882.csv,"(33, 81)",33,81,0.03030303,/home/iris/PA/qsar_data_unsorted/data_CHEMBL3882.csv,,,
1208,1208,/Users/dangoo/My documents/PhD Research/Pairwise Approach/RP/qsar_data_unsorted/data_CHEMBL4259.csv,data_CHEMBL4259.csv,"(33, 52)",33,52,0.393939394,/home/iris/PA/qsar_data_unsorted/data_CHEMBL4259.csv,,,
1281,1281,/Users/dangoo/My documents/PhD Research/Pairwise Approach/RP/qsar_data_unsorted/data_CHEMBL1075036.csv,data_CHEMBL1075036.csv,"(33, 29)",33,29,0.151515152,/home/iris/PA/qsar_data_unsorted/data_CHEMBL1075036.csv,,,
1300,1300,/Users/dangoo/My documents/PhD Research/Pairwise Approach/RP/qsar_data_unsorted/data_CHEMBL3084.csv,data_CHEMBL3084.csv,"(33, 71)",33,71,0.303030303,/home/iris/PA/qsar_data_unsorted/data_CHEMBL3084.csv,,,
1350,1350,/Users/dangoo/My documents/PhD Research/Pairwise Approach/RP/qsar_data_unsorted/data_CHEMBL4664.csv,data_CHEMBL4664.csv,"(33, 74)",33,74,0.090909091,/home/iris/PA/qsar_data_unsorted/data_CHEMBL4664.csv,,,
1452,1452,/Users/dangoo/My documents/PhD Research/Pairwise Approach/RP/qsar_data_unsorted/data_CHEMBL3652.csv,data_CHEMBL3652.csv,"(33, 87)",33,87,0.121212121,/home/iris/PA/qsar_data_unsorted/data_CHEMBL3652.csv,,,
1497,1497,/Users/dangoo/My documents/PhD Research/Pairwise Approach/RP/qsar_data_unsorted/data_CHEMBL4464.csv,data_CHEMBL4464.csv,"(33, 62)",33,62,0.090909091,/home/iris/PA/qsar_data_unsorted/data_CHEMBL4464.csv,,,
1530,1530,/Users/dangoo/My documents/PhD Research/Pairwise Approach/RP/qsar_data_unsorted/data_CHEMBL2111384.csv,data_CHEMBL2111384.csv,"(33, 57)",33,57,0.060606061,/home/iris/PA/qsar_data_unsorted/data_CHEMBL2111384.csv,,,
1544,1544,/Users/dangoo/My documents/PhD Research/Pairwise Approach/RP/qsar_data_unsorted/data_CHEMBL3218.csv,data_CHEMBL3218.csv,"(33, 43)",33,43,0.03030303,/home/iris/PA/qsar_data_unsorted/data_CHEMBL3218.csv,,,
1596,1596,/Users/dangoo/My documents/PhD Research/Pairwise Approach/RP/qsar_data_unsorted/data_CHEMBL1795139.csv,data_CHEMBL1795139.csv,"(33, 59)",33,59,0.060606061,/home/iris/PA/qsar_data_unsorted/data_CHEMBL1795139.csv,,,
1635,1635,/Users/dangoo/My documents/PhD Research/Pairwise Approach/RP/qsar_data_unsorted/data_CHEMBL6017.csv,data_CHEMBL6017.csv,"(33, 88)",33,88,0.060606061,/home/iris/PA/qsar_data_unsorted/data_CHEMBL6017.csv,,,
1645,1645,/Users/dangoo/My documents/PhD Research/Pairwise Approach/RP/qsar_data_unsorted/data_CHEMBL4760.csv,data_CHEMBL4760.csv,"(33, 46)",33,46,0.060606061,/home/iris/PA/qsar_data_unsorted/data_CHEMBL4760.csv,,,
1698,1698,/Users/dangoo/My documents/PhD Research/Pairwise Approach/RP/qsar_data_unsorted/data_CHEMBL4010.csv,data_CHEMBL4010.csv,"(33, 54)",33,54,0.060606061,/home/iris/PA/qsar_data_unsorted/data_CHEMBL4010.csv,,,
1795,1795,/Users/dangoo/My documents/PhD Research/Pairwise Approach/RP/qsar_data_unsorted/data_CHEMBL4039.csv,data_CHEMBL4039.csv,"(33, 86)",33,86,0.121212121,/home/iris/PA/qsar_data_unsorted/data_CHEMBL4039.csv,,,
1891,1891,/Users/dangoo/My documents/PhD Research/Pairwise Approach/RP/qsar_data_unsorted/data_CHEMBL2908.csv,data_CHEMBL2908.csv,"(33, 88)",33,88,0.818181818,/home/iris/PA/qsar_data_unsorted/data_CHEMBL2908.csv,,,
1898,1898,/Users/dangoo/My documents/PhD Research/Pairwise Approach/RP/qsar_data_unsorted/data_CHEMBL5040.csv,data_CHEMBL5040.csv,"(33, 50)",33,50,0.060606061,/home/iris/PA/qsar_data_unsorted/data_CHEMBL5040.csv,,,
2091,2091,/Users/dangoo/My documents/PhD Research/Pairwise Approach/RP/qsar_data_unsorted/data_CHEMBL2111456.csv,data_CHEMBL2111456.csv,"(33, 78)",33,78,0.090909091,/home/iris/PA/qsar_data_unsorted/data_CHEMBL2111456.csv,,,
179,179,/Users/dangoo/My documents/PhD Research/Pairwise Approach/RP/qsar_data_unsorted/data_CHEMBL4031.csv,data_CHEMBL4031.csv,"(34, 89)",34,89,0.088235294,/home/iris/PA/qsar_data_unsorted/data_CHEMBL4031.csv,,,
391,391,/Users/dangoo/My documents/PhD Research/Pairwise Approach/RP/qsar_data_unsorted/data_CHEMBL2096.csv,data_CHEMBL2096.csv,"(34, 69)",34,69,0.235294118,/home/iris/PA/qsar_data_unsorted/data_CHEMBL2096.csv,,,
551,551,/Users/dangoo/My documents/PhD Research/Pairwise Approach/RP/qsar_data_unsorted/data_CHEMBL3413.csv,data_CHEMBL3413.csv,"(34, 23)",34,23,0.147058824,/home/iris/PA/qsar_data_unsorted/data_CHEMBL3413.csv,,,
633,633,/Users/dangoo/My documents/PhD Research/Pairwise Approach/RP/qsar_data_unsorted/data_CHEMBL1250417.csv,data_CHEMBL1250417.csv,"(34, 62)",34,62,0.117647059,/home/iris/PA/qsar_data_unsorted/data_CHEMBL1250417.csv,,,
649,649,/Users/dangoo/My documents/PhD Research/Pairwise Approach/RP/qsar_data_unsorted/data_CHEMBL3879.csv,data_CHEMBL3879.csv,"(34, 82)",34,82,0.117647059,/home/iris/PA/qsar_data_unsorted/data_CHEMBL3879.csv,,,
787,787,/Users/dangoo/My documents/PhD Research/Pairwise Approach/RP/qsar_data_unsorted/data_CHEMBL5748.csv,data_CHEMBL5748.csv,"(34, 215)",34,215,0.147058824,/home/iris/PA/qsar_data_unsorted/data_CHEMBL5748.csv,,,
828,828,/Users/dangoo/My documents/PhD Research/Pairwise Approach/RP/qsar_data_unsorted/data_CHEMBL5205.csv,data_CHEMBL5205.csv,"(34, 89)",34,89,0.088235294,/home/iris/PA/qsar_data_unsorted/data_CHEMBL5205.csv,,,
893,893,/Users/dangoo/My documents/PhD Research/Pairwise Approach/RP/qsar_data_unsorted/data_CHEMBL4335.csv,data_CHEMBL4335.csv,"(34, 59)",34,59,0.058823529,/home/iris/PA/qsar_data_unsorted/data_CHEMBL4335.csv,,,
932,932,/Users/dangoo/My documents/PhD Research/Pairwise Approach/RP/qsar_data_unsorted/data_CHEMBL4917.csv,data_CHEMBL4917.csv,"(34, 32)",34,32,0.117647059,/home/iris/PA/qsar_data_unsorted/data_CHEMBL4917.csv,,,
1454,1454,/Users/dangoo/My documents/PhD Research/Pairwise Approach/RP/qsar_data_unsorted/data_CHEMBL4883.csv,data_CHEMBL4883.csv,"(34, 107)",34,107,0.176470588,/home/iris/PA/qsar_data_unsorted/data_CHEMBL4883.csv,,,
1535,1535,/Users/dangoo/My documents/PhD Research/Pairwise Approach/RP/qsar_data_unsorted/data_CHEMBL2111353.csv,data_CHEMBL2111353.csv,"(34, 165)",34,165,0.088235294,/home/iris/PA/qsar_data_unsorted/data_CHEMBL2111353.csv,,,
1601,1601,/Users/dangoo/My documents/PhD Research/Pairwise Approach/RP/qsar_data_unsorted/data_CHEMBL1075269.csv,data_CHEMBL1075269.csv,"(34, 51)",34,51,0.058823529,/home/iris/PA/qsar_data_unsorted/data_CHEMBL1075269.csv,,,
1636,1636,/Users/dangoo/My documents/PhD Research/Pairwise Approach/RP/qsar_data_unsorted/data_CHEMBL5536.csv,data_CHEMBL5536.csv,"(34, 69)",34,69,0.117647059,/home/iris/PA/qsar_data_unsorted/data_CHEMBL5536.csv,,,
1662,1662,/Users/dangoo/My documents/PhD Research/Pairwise Approach/RP/qsar_data_unsorted/data_CHEMBL2331049.csv,data_CHEMBL2331049.csv,"(34, 47)",34,47,0.5,/home/iris/PA/qsar_data_unsorted/data_CHEMBL2331049.csv,,,
1765,1765,/Users/dangoo/My documents/PhD Research/Pairwise Approach/RP/qsar_data_unsorted/data_CHEMBL1075069.csv,data_CHEMBL1075069.csv,"(34, 95)",34,95,0.058823529,/home/iris/PA/qsar_data_unsorted/data_CHEMBL1075069.csv,,,
1849,1849,/Users/dangoo/My documents/PhD Research/Pairwise Approach/RP/qsar_data_unsorted/data_CHEMBL5492.csv,data_CHEMBL5492.csv,"(34, 86)",34,86,0.029411765,/home/iris/PA/qsar_data_unsorted/data_CHEMBL5492.csv,,,
10,10,/Users/dangoo/My documents/PhD Research/Pairwise Approach/RP/qsar_data_unsorted/data_CHEMBL2111473.csv,data_CHEMBL2111473.csv,"(35, 93)",35,93,0.114285714,/home/iris/PA/qsar_data_unsorted/data_CHEMBL2111473.csv,,,
12,12,/Users/dangoo/My documents/PhD Research/Pairwise Approach/RP/qsar_data_unsorted/data_CHEMBL2046259.csv,data_CHEMBL2046259.csv,"(35, 74)",35,74,0.114285714,/home/iris/PA/qsar_data_unsorted/data_CHEMBL2046259.csv,,,
91,91,/Users/dangoo/My documents/PhD Research/Pairwise Approach/RP/qsar_data_unsorted/data_CHEMBL5729.csv,data_CHEMBL5729.csv,"(35, 68)",35,68,1,/home/iris/PA/qsar_data_unsorted/data_CHEMBL5729.csv,,,
147,147,/Users/dangoo/My documents/PhD Research/Pairwise Approach/RP/qsar_data_unsorted/data_CHEMBL2898.csv,data_CHEMBL2898.csv,"(35, 43)",35,43,0.085714286,/home/iris/PA/qsar_data_unsorted/data_CHEMBL2898.csv,,,
460,460,/Users/dangoo/My documents/PhD Research/Pairwise Approach/RP/qsar_data_unsorted/data_CHEMBL2097163.csv,data_CHEMBL2097163.csv,"(35, 118)",35,118,0.057142857,/home/iris/PA/qsar_data_unsorted/data_CHEMBL2097163.csv,,,
477,477,/Users/dangoo/My documents/PhD Research/Pairwise Approach/RP/qsar_data_unsorted/data_CHEMBL1770032.csv,data_CHEMBL1770032.csv,"(35, 131)",35,131,0.028571429,/home/iris/PA/qsar_data_unsorted/data_CHEMBL1770032.csv,,,
679,679,/Users/dangoo/My documents/PhD Research/Pairwise Approach/RP/qsar_data_unsorted/data_CHEMBL5010.csv,data_CHEMBL5010.csv,"(35, 65)",35,65,0.085714286,/home/iris/PA/qsar_data_unsorted/data_CHEMBL5010.csv,,,
811,811,/Users/dangoo/My documents/PhD Research/Pairwise Approach/RP/qsar_data_unsorted/data_CHEMBL5007.csv,data_CHEMBL5007.csv,"(35, 222)",35,222,1,/home/iris/PA/qsar_data_unsorted/data_CHEMBL5007.csv,,,
867,867,/Users/dangoo/My documents/PhD Research/Pairwise Approach/RP/qsar_data_unsorted/data_CHEMBL4731.csv,data_CHEMBL4731.csv,"(35, 97)",35,97,0.057142857,/home/iris/PA/qsar_data_unsorted/data_CHEMBL4731.csv,,,
903,903,/Users/dangoo/My documents/PhD Research/Pairwise Approach/RP/qsar_data_unsorted/data_CHEMBL2963.csv,data_CHEMBL2963.csv,"(35, 123)",35,123,0.228571429,/home/iris/PA/qsar_data_unsorted/data_CHEMBL2963.csv,,,
1026,1026,/Users/dangoo/My documents/PhD Research/Pairwise Approach/RP/qsar_data_unsorted/data_CHEMBL4445.csv,data_CHEMBL4445.csv,"(35, 93)",35,93,0.085714286,/home/iris/PA/qsar_data_unsorted/data_CHEMBL4445.csv,,,
1033,1033,/Users/dangoo/My documents/PhD Research/Pairwise Approach/RP/qsar_data_unsorted/data_CHEMBL4848.csv,data_CHEMBL4848.csv,"(35, 85)",35,85,0.028571429,/home/iris/PA/qsar_data_unsorted/data_CHEMBL4848.csv,,,
1063,1063,/Users/dangoo/My documents/PhD Research/Pairwise Approach/RP/qsar_data_unsorted/data_CHEMBL3074.csv,data_CHEMBL3074.csv,"(35, 60)",35,60,0.142857143,/home/iris/PA/qsar_data_unsorted/data_CHEMBL3074.csv,,,
1083,1083,/Users/dangoo/My documents/PhD Research/Pairwise Approach/RP/qsar_data_unsorted/data_CHEMBL2111366.csv,data_CHEMBL2111366.csv,"(35, 76)",35,76,0.228571429,/home/iris/PA/qsar_data_unsorted/data_CHEMBL2111366.csv,,,
1138,1138,/Users/dangoo/My documents/PhD Research/Pairwise Approach/RP/qsar_data_unsorted/data_CHEMBL5756.csv,data_CHEMBL5756.csv,"(35, 73)",35,73,0.057142857,/home/iris/PA/qsar_data_unsorted/data_CHEMBL5756.csv,,,
1161,1161,/Users/dangoo/My documents/PhD Research/Pairwise Approach/RP/qsar_data_unsorted/data_CHEMBL1075021.csv,data_CHEMBL1075021.csv,"(35, 71)",35,71,0.028571429,/home/iris/PA/qsar_data_unsorted/data_CHEMBL1075021.csv,,,
1183,1183,/Users/dangoo/My documents/PhD Research/Pairwise Approach/RP/qsar_data_unsorted/data_CHEMBL3939.csv,data_CHEMBL3939.csv,"(35, 23)",35,23,0.085714286,/home/iris/PA/qsar_data_unsorted/data_CHEMBL3939.csv,,,
1250,1250,/Users/dangoo/My documents/PhD Research/Pairwise Approach/RP/qsar_data_unsorted/data_CHEMBL5033.csv,data_CHEMBL5033.csv,"(35, 76)",35,76,0.085714286,/home/iris/PA/qsar_data_unsorted/data_CHEMBL5033.csv,,,
1276,1276,/Users/dangoo/My documents/PhD Research/Pairwise Approach/RP/qsar_data_unsorted/data_CHEMBL1075022.csv,data_CHEMBL1075022.csv,"(35, 71)",35,71,0.057142857,/home/iris/PA/qsar_data_unsorted/data_CHEMBL1075022.csv,,,
1284,1284,/Users/dangoo/My documents/PhD Research/Pairwise Approach/RP/qsar_data_unsorted/data_CHEMBL6088.csv,data_CHEMBL6088.csv,"(35, 124)",35,124,0.342857143,/home/iris/PA/qsar_data_unsorted/data_CHEMBL6088.csv,,,
1417,1417,/Users/dangoo/My documents/PhD Research/Pairwise Approach/RP/qsar_data_unsorted/data_CHEMBL2111387.csv,data_CHEMBL2111387.csv,"(35, 96)",35,96,0.142857143,/home/iris/PA/qsar_data_unsorted/data_CHEMBL2111387.csv,,,
1517,1517,/Users/dangoo/My documents/PhD Research/Pairwise Approach/RP/qsar_data_unsorted/data_CHEMBL5381.csv,data_CHEMBL5381.csv,"(35, 99)",35,99,0.057142857,/home/iris/PA/qsar_data_unsorted/data_CHEMBL5381.csv,,,
1529,1529,/Users/dangoo/My documents/PhD Research/Pairwise Approach/RP/qsar_data_unsorted/data_CHEMBL2111390.csv,data_CHEMBL2111390.csv,"(35, 96)",35,96,0.085714286,/home/iris/PA/qsar_data_unsorted/data_CHEMBL2111390.csv,,,
1717,1717,/Users/dangoo/My documents/PhD Research/Pairwise Approach/RP/qsar_data_unsorted/data_CHEMBL1075097.csv,data_CHEMBL1075097.csv,"(35, 53)",35,53,0.057142857,/home/iris/PA/qsar_data_unsorted/data_CHEMBL1075097.csv,,,
1908,1908,/Users/dangoo/My documents/PhD Research/Pairwise Approach/RP/qsar_data_unsorted/data_CHEMBL4835.csv,data_CHEMBL4835.csv,"(35, 93)",35,93,0.057142857,/home/iris/PA/qsar_data_unsorted/data_CHEMBL4835.csv,,,
1909,1909,/Users/dangoo/My documents/PhD Research/Pairwise Approach/RP/qsar_data_unsorted/data_CHEMBL5295.csv,data_CHEMBL5295.csv,"(35, 67)",35,67,1,/home/iris/PA/qsar_data_unsorted/data_CHEMBL5295.csv,,,
1914,1914,/Users/dangoo/My documents/PhD Research/Pairwise Approach/RP/qsar_data_unsorted/data_CHEMBL5530.csv,data_CHEMBL5530.csv,"(35, 121)",35,121,0.028571429,/home/iris/PA/qsar_data_unsorted/data_CHEMBL5530.csv,,,
2000,2000,/Users/dangoo/My documents/PhD Research/Pairwise Approach/RP/qsar_data_unsorted/data_CHEMBL1783.csv,data_CHEMBL1783.csv,"(35, 86)",35,86,0.057142857,/home/iris/PA/qsar_data_unsorted/data_CHEMBL1783.csv,,,
2023,2023,/Users/dangoo/My documents/PhD Research/Pairwise Approach/RP/qsar_data_unsorted/data_CHEMBL3383.csv,data_CHEMBL3383.csv,"(35, 40)",35,40,0.057142857,/home/iris/PA/qsar_data_unsorted/data_CHEMBL3383.csv,,,
2065,2065,/Users/dangoo/My documents/PhD Research/Pairwise Approach/RP/qsar_data_unsorted/data_CHEMBL3963.csv,data_CHEMBL3963.csv,"(35, 54)",35,54,0.085714286,/home/iris/PA/qsar_data_unsorted/data_CHEMBL3963.csv,,,
4,4,/Users/dangoo/My documents/PhD Research/Pairwise Approach/RP/qsar_data_unsorted/data_CHEMBL2669.csv,data_CHEMBL2669.csv,"(36, 106)",36,106,0.055555556,/home/iris/PA/qsar_data_unsorted/data_CHEMBL2669.csv,,,
7,7,/Users/dangoo/My documents/PhD Research/Pairwise Approach/RP/qsar_data_unsorted/data_CHEMBL2034803.csv,data_CHEMBL2034803.csv,"(36, 34)",36,34,0.027777778,/home/iris/PA/qsar_data_unsorted/data_CHEMBL2034803.csv,,,
263,263,/Users/dangoo/My documents/PhD Research/Pairwise Approach/RP/qsar_data_unsorted/data_CHEMBL3818.csv,data_CHEMBL3818.csv,"(36, 88)",36,88,0.138888889,/home/iris/PA/qsar_data_unsorted/data_CHEMBL3818.csv,,,
373,373,/Users/dangoo/My documents/PhD Research/Pairwise Approach/RP/qsar_data_unsorted/data_CHEMBL3808.csv,data_CHEMBL3808.csv,"(36, 94)",36,94,0.055555556,/home/iris/PA/qsar_data_unsorted/data_CHEMBL3808.csv,,,
431,431,/Users/dangoo/My documents/PhD Research/Pairwise Approach/RP/qsar_data_unsorted/data_CHEMBL4009.csv,data_CHEMBL4009.csv,"(36, 57)",36,57,0.305555556,/home/iris/PA/qsar_data_unsorted/data_CHEMBL4009.csv,,,
480,480,/Users/dangoo/My documents/PhD Research/Pairwise Approach/RP/qsar_data_unsorted/data_CHEMBL1075305.csv,data_CHEMBL1075305.csv,"(36, 64)",36,64,0.083333333,/home/iris/PA/qsar_data_unsorted/data_CHEMBL1075305.csv,,,
631,631,/Users/dangoo/My documents/PhD Research/Pairwise Approach/RP/qsar_data_unsorted/data_CHEMBL3919.csv,data_CHEMBL3919.csv,"(36, 100)",36,100,0.055555556,/home/iris/PA/qsar_data_unsorted/data_CHEMBL3919.csv,,,
705,705,/Users/dangoo/My documents/PhD Research/Pairwise Approach/RP/qsar_data_unsorted/data_CHEMBL1615381.csv,data_CHEMBL1615381.csv,"(36, 46)",36,46,0.055555556,/home/iris/PA/qsar_data_unsorted/data_CHEMBL1615381.csv,,,
985,985,/Users/dangoo/My documents/PhD Research/Pairwise Approach/RP/qsar_data_unsorted/data_CHEMBL4108.csv,data_CHEMBL4108.csv,"(36, 75)",36,75,0.055555556,/home/iris/PA/qsar_data_unsorted/data_CHEMBL4108.csv,,,
1088,1088,/Users/dangoo/My documents/PhD Research/Pairwise Approach/RP/qsar_data_unsorted/data_CHEMBL5150.csv,data_CHEMBL5150.csv,"(36, 58)",36,58,0.611111111,/home/iris/PA/qsar_data_unsorted/data_CHEMBL5150.csv,,,
1213,1213,/Users/dangoo/My documents/PhD Research/Pairwise Approach/RP/qsar_data_unsorted/data_CHEMBL2111432.csv,data_CHEMBL2111432.csv,"(36, 90)",36,90,0.083333333,/home/iris/PA/qsar_data_unsorted/data_CHEMBL2111432.csv,,,
1329,1329,/Users/dangoo/My documents/PhD Research/Pairwise Approach/RP/qsar_data_unsorted/data_CHEMBL3241.csv,data_CHEMBL3241.csv,"(36, 51)",36,51,0.083333333,/home/iris/PA/qsar_data_unsorted/data_CHEMBL3241.csv,,,
1659,1659,/Users/dangoo/My documents/PhD Research/Pairwise Approach/RP/qsar_data_unsorted/data_CHEMBL2675.csv,data_CHEMBL2675.csv,"(36, 86)",36,86,0.111111111,/home/iris/PA/qsar_data_unsorted/data_CHEMBL2675.csv,,,
1673,1673,/Users/dangoo/My documents/PhD Research/Pairwise Approach/RP/qsar_data_unsorted/data_CHEMBL2111479.csv,data_CHEMBL2111479.csv,"(36, 74)",36,74,0.222222222,/home/iris/PA/qsar_data_unsorted/data_CHEMBL2111479.csv,,,
1676,1676,/Users/dangoo/My documents/PhD Research/Pairwise Approach/RP/qsar_data_unsorted/data_CHEMBL3569.csv,data_CHEMBL3569.csv,"(36, 94)",36,94,0.055555556,/home/iris/PA/qsar_data_unsorted/data_CHEMBL3569.csv,,,
1678,1678,/Users/dangoo/My documents/PhD Research/Pairwise Approach/RP/qsar_data_unsorted/data_CHEMBL5859.csv,data_CHEMBL5859.csv,"(36, 53)",36,53,0.25,/home/iris/PA/qsar_data_unsorted/data_CHEMBL5859.csv,,,
1684,1684,/Users/dangoo/My documents/PhD Research/Pairwise Approach/RP/qsar_data_unsorted/data_CHEMBL5865.csv,data_CHEMBL5865.csv,"(36, 34)",36,34,0.083333333,/home/iris/PA/qsar_data_unsorted/data_CHEMBL5865.csv,,,
2011,2011,/Users/dangoo/My documents/PhD Research/Pairwise Approach/RP/qsar_data_unsorted/data_CHEMBL5724.csv,data_CHEMBL5724.csv,"(36, 42)",36,42,0.305555556,/home/iris/PA/qsar_data_unsorted/data_CHEMBL5724.csv,,,
2021,2021,/Users/dangoo/My documents/PhD Research/Pairwise Approach/RP/qsar_data_unsorted/data_CHEMBL3382.csv,data_CHEMBL3382.csv,"(36, 83)",36,83,0.055555556,/home/iris/PA/qsar_data_unsorted/data_CHEMBL3382.csv,,,
32,32,/Users/dangoo/My documents/PhD Research/Pairwise Approach/RP/qsar_data_unsorted/data_CHEMBL4032.csv,data_CHEMBL4032.csv,"(37, 72)",37,72,0.108108108,/home/iris/PA/qsar_data_unsorted/data_CHEMBL4032.csv,,,
90,90,/Users/dangoo/My documents/PhD Research/Pairwise Approach/RP/qsar_data_unsorted/data_CHEMBL1641348.csv,data_CHEMBL1641348.csv,"(37, 192)",37,192,0.027027027,/home/iris/PA/qsar_data_unsorted/data_CHEMBL1641348.csv,,,
601,601,/Users/dangoo/My documents/PhD Research/Pairwise Approach/RP/qsar_data_unsorted/data_CHEMBL4208.csv,data_CHEMBL4208.csv,"(37, 98)",37,98,0.135135135,/home/iris/PA/qsar_data_unsorted/data_CHEMBL4208.csv,,,
803,803,/Users/dangoo/My documents/PhD Research/Pairwise Approach/RP/qsar_data_unsorted/data_CHEMBL1744522.csv,data_CHEMBL1744522.csv,"(37, 122)",37,122,0.135135135,/home/iris/PA/qsar_data_unsorted/data_CHEMBL1744522.csv,,,
911,911,/Users/dangoo/My documents/PhD Research/Pairwise Approach/RP/qsar_data_unsorted/data_CHEMBL4320.csv,data_CHEMBL4320.csv,"(37, 58)",37,58,0.054054054,/home/iris/PA/qsar_data_unsorted/data_CHEMBL4320.csv,,,
929,929,/Users/dangoo/My documents/PhD Research/Pairwise Approach/RP/qsar_data_unsorted/data_CHEMBL3881.csv,data_CHEMBL3881.csv,"(37, 61)",37,61,0.108108108,/home/iris/PA/qsar_data_unsorted/data_CHEMBL3881.csv,,,
1071,1071,/Users/dangoo/My documents/PhD Research/Pairwise Approach/RP/qsar_data_unsorted/data_CHEMBL4280.csv,data_CHEMBL4280.csv,"(37, 75)",37,75,0.054054054,/home/iris/PA/qsar_data_unsorted/data_CHEMBL4280.csv,,,
1073,1073,/Users/dangoo/My documents/PhD Research/Pairwise Approach/RP/qsar_data_unsorted/data_CHEMBL5161.csv,data_CHEMBL5161.csv,"(37, 66)",37,66,0.243243243,/home/iris/PA/qsar_data_unsorted/data_CHEMBL5161.csv,,,
1084,1084,/Users/dangoo/My documents/PhD Research/Pairwise Approach/RP/qsar_data_unsorted/data_CHEMBL4531.csv,data_CHEMBL4531.csv,"(37, 72)",37,72,0.054054054,/home/iris/PA/qsar_data_unsorted/data_CHEMBL4531.csv,,,
1105,1105,/Users/dangoo/My documents/PhD Research/Pairwise Approach/RP/qsar_data_unsorted/data_CHEMBL6115.csv,data_CHEMBL6115.csv,"(37, 69)",37,69,0.054054054,/home/iris/PA/qsar_data_unsorted/data_CHEMBL6115.csv,,,
1129,1129,/Users/dangoo/My documents/PhD Research/Pairwise Approach/RP/qsar_data_unsorted/data_CHEMBL3870.csv,data_CHEMBL3870.csv,"(37, 61)",37,61,0.108108108,/home/iris/PA/qsar_data_unsorted/data_CHEMBL3870.csv,,,
1184,1184,/Users/dangoo/My documents/PhD Research/Pairwise Approach/RP/qsar_data_unsorted/data_CHEMBL6114.csv,data_CHEMBL6114.csv,"(37, 118)",37,118,0.27027027,/home/iris/PA/qsar_data_unsorted/data_CHEMBL6114.csv,,,
1194,1194,/Users/dangoo/My documents/PhD Research/Pairwise Approach/RP/qsar_data_unsorted/data_CHEMBL2111381.csv,data_CHEMBL2111381.csv,"(37, 107)",37,107,0.081081081,/home/iris/PA/qsar_data_unsorted/data_CHEMBL2111381.csv,,,
1374,1374,/Users/dangoo/My documents/PhD Research/Pairwise Approach/RP/qsar_data_unsorted/data_CHEMBL5963.csv,data_CHEMBL5963.csv,"(37, 112)",37,112,0.054054054,/home/iris/PA/qsar_data_unsorted/data_CHEMBL5963.csv,,,
1435,1435,/Users/dangoo/My documents/PhD Research/Pairwise Approach/RP/qsar_data_unsorted/data_CHEMBL2111391.csv,data_CHEMBL2111391.csv,"(37, 80)",37,80,0.189189189,/home/iris/PA/qsar_data_unsorted/data_CHEMBL2111391.csv,,,
1580,1580,/Users/dangoo/My documents/PhD Research/Pairwise Approach/RP/qsar_data_unsorted/data_CHEMBL4615.csv,data_CHEMBL4615.csv,"(37, 42)",37,42,0.108108108,/home/iris/PA/qsar_data_unsorted/data_CHEMBL4615.csv,,,
1743,1743,/Users/dangoo/My documents/PhD Research/Pairwise Approach/RP/qsar_data_unsorted/data_CHEMBL2095180.csv,data_CHEMBL2095180.csv,"(37, 78)",37,78,0.135135135,/home/iris/PA/qsar_data_unsorted/data_CHEMBL2095180.csv,,,
1767,1767,/Users/dangoo/My documents/PhD Research/Pairwise Approach/RP/qsar_data_unsorted/data_CHEMBL3187.csv,data_CHEMBL3187.csv,"(37, 112)",37,112,0.189189189,/home/iris/PA/qsar_data_unsorted/data_CHEMBL3187.csv,,,
338,338,/Users/dangoo/My documents/PhD Research/Pairwise Approach/RP/qsar_data_unsorted/data_CHEMBL2052028.csv,data_CHEMBL2052028.csv,"(38, 45)",38,45,0.131578947,/home/iris/PA/qsar_data_unsorted/data_CHEMBL2052028.csv,,,
416,416,/Users/dangoo/My documents/PhD Research/Pairwise Approach/RP/qsar_data_unsorted/data_CHEMBL1741164.csv,data_CHEMBL1741164.csv,"(38, 202)",38,202,0.052631579,/home/iris/PA/qsar_data_unsorted/data_CHEMBL1741164.csv,,,
458,458,/Users/dangoo/My documents/PhD Research/Pairwise Approach/RP/qsar_data_unsorted/data_CHEMBL1697668.csv,data_CHEMBL1697668.csv,"(38, 229)",38,229,0.052631579,/home/iris/PA/qsar_data_unsorted/data_CHEMBL1697668.csv,,,
468,468,/Users/dangoo/My documents/PhD Research/Pairwise Approach/RP/qsar_data_unsorted/data_CHEMBL2136.csv,data_CHEMBL2136.csv,"(38, 93)",38,93,0.342105263,/home/iris/PA/qsar_data_unsorted/data_CHEMBL2136.csv,,,
815,815,/Users/dangoo/My documents/PhD Research/Pairwise Approach/RP/qsar_data_unsorted/data_CHEMBL6095.csv,data_CHEMBL6095.csv,"(38, 64)",38,64,0.078947368,/home/iris/PA/qsar_data_unsorted/data_CHEMBL6095.csv,,,
1022,1022,/Users/dangoo/My documents/PhD Research/Pairwise Approach/RP/qsar_data_unsorted/data_CHEMBL5015.csv,data_CHEMBL5015.csv,"(38, 55)",38,55,0.078947368,/home/iris/PA/qsar_data_unsorted/data_CHEMBL5015.csv,,,
1177,1177,/Users/dangoo/My documents/PhD Research/Pairwise Approach/RP/qsar_data_unsorted/data_CHEMBL4139.csv,data_CHEMBL4139.csv,"(38, 240)",38,240,0.684210526,/home/iris/PA/qsar_data_unsorted/data_CHEMBL4139.csv,,,
1321,1321,/Users/dangoo/My documents/PhD Research/Pairwise Approach/RP/qsar_data_unsorted/data_CHEMBL2111369.csv,data_CHEMBL2111369.csv,"(38, 119)",38,119,0.052631579,/home/iris/PA/qsar_data_unsorted/data_CHEMBL2111369.csv,,,
1323,1323,/Users/dangoo/My documents/PhD Research/Pairwise Approach/RP/qsar_data_unsorted/data_CHEMBL2111351.csv,data_CHEMBL2111351.csv,"(38, 121)",38,121,0.105263158,/home/iris/PA/qsar_data_unsorted/data_CHEMBL2111351.csv,,,
1365,1365,/Users/dangoo/My documents/PhD Research/Pairwise Approach/RP/qsar_data_unsorted/data_CHEMBL1293255.csv,data_CHEMBL1293255.csv,"(38, 68)",38,68,0.026315789,/home/iris/PA/qsar_data_unsorted/data_CHEMBL1293255.csv,,,
1448,1448,/Users/dangoo/My documents/PhD Research/Pairwise Approach/RP/qsar_data_unsorted/data_CHEMBL1914272.csv,data_CHEMBL1914272.csv,"(38, 76)",38,76,0.394736842,/home/iris/PA/qsar_data_unsorted/data_CHEMBL1914272.csv,,,
1541,1541,/Users/dangoo/My documents/PhD Research/Pairwise Approach/RP/qsar_data_unsorted/data_CHEMBL1293191.csv,data_CHEMBL1293191.csv,"(38, 104)",38,104,0.105263158,/home/iris/PA/qsar_data_unsorted/data_CHEMBL1293191.csv,,,
1833,1833,/Users/dangoo/My documents/PhD Research/Pairwise Approach/RP/qsar_data_unsorted/data_CHEMBL4773.csv,data_CHEMBL4773.csv,"(38, 66)",38,66,0.157894737,/home/iris/PA/qsar_data_unsorted/data_CHEMBL4773.csv,,,
1903,1903,/Users/dangoo/My documents/PhD Research/Pairwise Approach/RP/qsar_data_unsorted/data_CHEMBL1649055.csv,data_CHEMBL1649055.csv,"(38, 101)",38,101,0.026315789,/home/iris/PA/qsar_data_unsorted/data_CHEMBL1649055.csv,,,
1921,1921,/Users/dangoo/My documents/PhD Research/Pairwise Approach/RP/qsar_data_unsorted/data_CHEMBL3784.csv,data_CHEMBL3784.csv,"(38, 122)",38,122,0.368421053,/home/iris/PA/qsar_data_unsorted/data_CHEMBL3784.csv,,,
1961,1961,/Users/dangoo/My documents/PhD Research/Pairwise Approach/RP/qsar_data_unsorted/data_CHEMBL3235.csv,data_CHEMBL3235.csv,"(38, 104)",38,104,0.078947368,/home/iris/PA/qsar_data_unsorted/data_CHEMBL3235.csv,,,
1990,1990,/Users/dangoo/My documents/PhD Research/Pairwise Approach/RP/qsar_data_unsorted/data_CHEMBL4162.csv,data_CHEMBL4162.csv,"(38, 157)",38,157,0.078947368,/home/iris/PA/qsar_data_unsorted/data_CHEMBL4162.csv,,,
34,34,/Users/dangoo/My documents/PhD Research/Pairwise Approach/RP/qsar_data_unsorted/data_CHEMBL2325.csv,data_CHEMBL2325.csv,"(39, 47)",39,47,0.076923077,/home/iris/PA/qsar_data_unsorted/data_CHEMBL2325.csv,,,
44,44,/Users/dangoo/My documents/PhD Research/Pairwise Approach/RP/qsar_data_unsorted/data_CHEMBL6194.csv,data_CHEMBL6194.csv,"(39, 128)",39,128,0.230769231,/home/iris/PA/qsar_data_unsorted/data_CHEMBL6194.csv,,,
280,280,/Users/dangoo/My documents/PhD Research/Pairwise Approach/RP/qsar_data_unsorted/data_CHEMBL6141.csv,data_CHEMBL6141.csv,"(39, 39)",39,39,0.051282051,/home/iris/PA/qsar_data_unsorted/data_CHEMBL6141.csv,,,
401,401,/Users/dangoo/My documents/PhD Research/Pairwise Approach/RP/qsar_data_unsorted/data_CHEMBL2010636.csv,data_CHEMBL2010636.csv,"(39, 82)",39,82,0.205128205,/home/iris/PA/qsar_data_unsorted/data_CHEMBL2010636.csv,,,
424,424,/Users/dangoo/My documents/PhD Research/Pairwise Approach/RP/qsar_data_unsorted/data_CHEMBL1075111.csv,data_CHEMBL1075111.csv,"(39, 103)",39,103,0.282051282,/home/iris/PA/qsar_data_unsorted/data_CHEMBL1075111.csv,,,
638,638,/Users/dangoo/My documents/PhD Research/Pairwise Approach/RP/qsar_data_unsorted/data_CHEMBL2096972.csv,data_CHEMBL2096972.csv,"(39, 126)",39,126,0.256410256,/home/iris/PA/qsar_data_unsorted/data_CHEMBL2096972.csv,,,
894,894,/Users/dangoo/My documents/PhD Research/Pairwise Approach/RP/qsar_data_unsorted/data_CHEMBL2988.csv,data_CHEMBL2988.csv,"(39, 64)",39,64,0.58974359,/home/iris/PA/qsar_data_unsorted/data_CHEMBL2988.csv,,,
957,957,/Users/dangoo/My documents/PhD Research/Pairwise Approach/RP/qsar_data_unsorted/data_CHEMBL2633.csv,data_CHEMBL2633.csv,"(39, 51)",39,51,0.076923077,/home/iris/PA/qsar_data_unsorted/data_CHEMBL2633.csv,,,
1103,1103,/Users/dangoo/My documents/PhD Research/Pairwise Approach/RP/qsar_data_unsorted/data_CHEMBL2096984.csv,data_CHEMBL2096984.csv,"(39, 103)",39,103,0.076923077,/home/iris/PA/qsar_data_unsorted/data_CHEMBL2096984.csv,,,
1216,1216,/Users/dangoo/My documents/PhD Research/Pairwise Approach/RP/qsar_data_unsorted/data_CHEMBL3278.csv,data_CHEMBL3278.csv,"(39, 85)",39,85,0.051282051,/home/iris/PA/qsar_data_unsorted/data_CHEMBL3278.csv,,,
1442,1442,/Users/dangoo/My documents/PhD Research/Pairwise Approach/RP/qsar_data_unsorted/data_CHEMBL3726.csv,data_CHEMBL3726.csv,"(39, 69)",39,69,0.076923077,/home/iris/PA/qsar_data_unsorted/data_CHEMBL3726.csv,,,
1464,1464,/Users/dangoo/My documents/PhD Research/Pairwise Approach/RP/qsar_data_unsorted/data_CHEMBL3849.csv,data_CHEMBL3849.csv,"(39, 125)",39,125,0.076923077,/home/iris/PA/qsar_data_unsorted/data_CHEMBL3849.csv,,,
1534,1534,/Users/dangoo/My documents/PhD Research/Pairwise Approach/RP/qsar_data_unsorted/data_CHEMBL2111435.csv,data_CHEMBL2111435.csv,"(39, 90)",39,90,0.153846154,/home/iris/PA/qsar_data_unsorted/data_CHEMBL2111435.csv,,,
1675,1675,/Users/dangoo/My documents/PhD Research/Pairwise Approach/RP/qsar_data_unsorted/data_CHEMBL1697671.csv,data_CHEMBL1697671.csv,"(39, 51)",39,51,0.333333333,/home/iris/PA/qsar_data_unsorted/data_CHEMBL1697671.csv,,,
1687,1687,/Users/dangoo/My documents/PhD Research/Pairwise Approach/RP/qsar_data_unsorted/data_CHEMBL2878.csv,data_CHEMBL2878.csv,"(39, 100)",39,100,0.076923077,/home/iris/PA/qsar_data_unsorted/data_CHEMBL2878.csv,,,
1809,1809,/Users/dangoo/My documents/PhD Research/Pairwise Approach/RP/qsar_data_unsorted/data_CHEMBL2111478.csv,data_CHEMBL2111478.csv,"(39, 74)",39,74,0.025641026,/home/iris/PA/qsar_data_unsorted/data_CHEMBL2111478.csv,,,
1887,1887,/Users/dangoo/My documents/PhD Research/Pairwise Approach/RP/qsar_data_unsorted/data_CHEMBL2934.csv,data_CHEMBL2934.csv,"(39, 78)",39,78,0.076923077,/home/iris/PA/qsar_data_unsorted/data_CHEMBL2934.csv,,,
178,178,/Users/dangoo/My documents/PhD Research/Pairwise Approach/RP/qsar_data_unsorted/data_CHEMBL2052039.csv,data_CHEMBL2052039.csv,"(40, 69)",40,69,0.45,/home/iris/PA/qsar_data_unsorted/data_CHEMBL2052039.csv,,,
218,218,/Users/dangoo/My documents/PhD Research/Pairwise Approach/RP/qsar_data_unsorted/data_CHEMBL2079848.csv,data_CHEMBL2079848.csv,"(40, 57)",40,57,0.1,/home/iris/PA/qsar_data_unsorted/data_CHEMBL2079848.csv,,,
232,232,/Users/dangoo/My documents/PhD Research/Pairwise Approach/RP/qsar_data_unsorted/data_CHEMBL5931.csv,data_CHEMBL5931.csv,"(40, 111)",40,111,0.05,/home/iris/PA/qsar_data_unsorted/data_CHEMBL5931.csv,,,
264,264,/Users/dangoo/My documents/PhD Research/Pairwise Approach/RP/qsar_data_unsorted/data_CHEMBL6035.csv,data_CHEMBL6035.csv,"(40, 43)",40,43,0.075,/home/iris/PA/qsar_data_unsorted/data_CHEMBL6035.csv,,,
574,574,/Users/dangoo/My documents/PhD Research/Pairwise Approach/RP/qsar_data_unsorted/data_CHEMBL1984.csv,data_CHEMBL1984.csv,"(40, 84)",40,84,0.525,/home/iris/PA/qsar_data_unsorted/data_CHEMBL1984.csv,,,
718,718,/Users/dangoo/My documents/PhD Research/Pairwise Approach/RP/qsar_data_unsorted/data_CHEMBL5372.csv,data_CHEMBL5372.csv,"(40, 56)",40,56,0.225,/home/iris/PA/qsar_data_unsorted/data_CHEMBL5372.csv,,,
719,719,/Users/dangoo/My documents/PhD Research/Pairwise Approach/RP/qsar_data_unsorted/data_CHEMBL5831.csv,data_CHEMBL5831.csv,"(40, 39)",40,39,0.125,/home/iris/PA/qsar_data_unsorted/data_CHEMBL5831.csv,,,
879,879,/Users/dangoo/My documents/PhD Research/Pairwise Approach/RP/qsar_data_unsorted/data_CHEMBL4137.csv,data_CHEMBL4137.csv,"(40, 46)",40,46,0.2,/home/iris/PA/qsar_data_unsorted/data_CHEMBL4137.csv,,,
960,960,/Users/dangoo/My documents/PhD Research/Pairwise Approach/RP/qsar_data_unsorted/data_CHEMBL3505.csv,data_CHEMBL3505.csv,"(40, 103)",40,103,0.275,/home/iris/PA/qsar_data_unsorted/data_CHEMBL3505.csv,,,
1085,1085,/Users/dangoo/My documents/PhD Research/Pairwise Approach/RP/qsar_data_unsorted/data_CHEMBL2140.csv,data_CHEMBL2140.csv,"(40, 74)",40,74,0.725,/home/iris/PA/qsar_data_unsorted/data_CHEMBL2140.csv,,,
1162,1162,/Users/dangoo/My documents/PhD Research/Pairwise Approach/RP/qsar_data_unsorted/data_CHEMBL3871.csv,data_CHEMBL3871.csv,"(40, 111)",40,111,0.375,/home/iris/PA/qsar_data_unsorted/data_CHEMBL3871.csv,,,
1291,1291,/Users/dangoo/My documents/PhD Research/Pairwise Approach/RP/qsar_data_unsorted/data_CHEMBL1293292.csv,data_CHEMBL1293292.csv,"(40, 65)",40,65,0.125,/home/iris/PA/qsar_data_unsorted/data_CHEMBL1293292.csv,,,
1533,1533,/Users/dangoo/My documents/PhD Research/Pairwise Approach/RP/qsar_data_unsorted/data_CHEMBL2029196.csv,data_CHEMBL2029196.csv,"(40, 65)",40,65,0.05,/home/iris/PA/qsar_data_unsorted/data_CHEMBL2029196.csv,,,
1558,1558,/Users/dangoo/My documents/PhD Research/Pairwise Approach/RP/qsar_data_unsorted/data_CHEMBL3026.csv,data_CHEMBL3026.csv,"(40, 123)",40,123,0.025,/home/iris/PA/qsar_data_unsorted/data_CHEMBL3026.csv,,,
1595,1595,/Users/dangoo/My documents/PhD Research/Pairwise Approach/RP/qsar_data_unsorted/data_CHEMBL1075282.csv,data_CHEMBL1075282.csv,"(40, 76)",40,76,0.375,/home/iris/PA/qsar_data_unsorted/data_CHEMBL1075282.csv,,,
1639,1639,/Users/dangoo/My documents/PhD Research/Pairwise Approach/RP/qsar_data_unsorted/data_CHEMBL2021745.csv,data_CHEMBL2021745.csv,"(40, 65)",40,65,0.175,/home/iris/PA/qsar_data_unsorted/data_CHEMBL2021745.csv,,,
1760,1760,/Users/dangoo/My documents/PhD Research/Pairwise Approach/RP/qsar_data_unsorted/data_CHEMBL3805.csv,data_CHEMBL3805.csv,"(40, 76)",40,76,0.075,/home/iris/PA/qsar_data_unsorted/data_CHEMBL3805.csv,,,
1800,1800,/Users/dangoo/My documents/PhD Research/Pairwise Approach/RP/qsar_data_unsorted/data_CHEMBL3597.csv,data_CHEMBL3597.csv,"(40, 88)",40,88,0.05,/home/iris/PA/qsar_data_unsorted/data_CHEMBL3597.csv,,,
1834,1834,/Users/dangoo/My documents/PhD Research/Pairwise Approach/RP/qsar_data_unsorted/data_CHEMBL3034.csv,data_CHEMBL3034.csv,"(40, 114)",40,114,0.075,/home/iris/PA/qsar_data_unsorted/data_CHEMBL3034.csv,,,
1962,1962,/Users/dangoo/My documents/PhD Research/Pairwise Approach/RP/qsar_data_unsorted/data_CHEMBL2097168.csv,data_CHEMBL2097168.csv,"(40, 82)",40,82,0.05,/home/iris/PA/qsar_data_unsorted/data_CHEMBL2097168.csv,,,
1991,1991,/Users/dangoo/My documents/PhD Research/Pairwise Approach/RP/qsar_data_unsorted/data_CHEMBL3619.csv,data_CHEMBL3619.csv,"(40, 156)",40,156,0.05,/home/iris/PA/qsar_data_unsorted/data_CHEMBL3619.csv,,,
123,123,/Users/dangoo/My documents/PhD Research/Pairwise Approach/RP/qsar_data_unsorted/data_CHEMBL4972.csv,data_CHEMBL4972.csv,"(41, 91)",41,91,0.073170732,/home/iris/PA/qsar_data_unsorted/data_CHEMBL4972.csv,,,
149,149,/Users/dangoo/My documents/PhD Research/Pairwise Approach/RP/qsar_data_unsorted/data_CHEMBL1741214.csv,data_CHEMBL1741214.csv,"(41, 207)",41,207,0.292682927,/home/iris/PA/qsar_data_unsorted/data_CHEMBL1741214.csv,,,
215,215,/Users/dangoo/My documents/PhD Research/Pairwise Approach/RP/qsar_data_unsorted/data_CHEMBL1681620.csv,data_CHEMBL1681620.csv,"(41, 75)",41,75,0.048780488,/home/iris/PA/qsar_data_unsorted/data_CHEMBL1681620.csv,,,
300,300,/Users/dangoo/My documents/PhD Research/Pairwise Approach/RP/qsar_data_unsorted/data_CHEMBL1795091.csv,data_CHEMBL1795091.csv,"(41, 37)",41,37,0.048780488,/home/iris/PA/qsar_data_unsorted/data_CHEMBL1795091.csv,,,
365,365,/Users/dangoo/My documents/PhD Research/Pairwise Approach/RP/qsar_data_unsorted/data_CHEMBL5262.csv,data_CHEMBL5262.csv,"(41, 94)",41,94,0.146341463,/home/iris/PA/qsar_data_unsorted/data_CHEMBL5262.csv,,,
663,663,/Users/dangoo/My documents/PhD Research/Pairwise Approach/RP/qsar_data_unsorted/data_CHEMBL1795190.csv,data_CHEMBL1795190.csv,"(41, 62)",41,62,0.073170732,/home/iris/PA/qsar_data_unsorted/data_CHEMBL1795190.csv,,,
668,668,/Users/dangoo/My documents/PhD Research/Pairwise Approach/RP/qsar_data_unsorted/data_CHEMBL5951.csv,data_CHEMBL5951.csv,"(41, 83)",41,83,0.048780488,/home/iris/PA/qsar_data_unsorted/data_CHEMBL5951.csv,,,
715,715,/Users/dangoo/My documents/PhD Research/Pairwise Approach/RP/qsar_data_unsorted/data_CHEMBL5366.csv,data_CHEMBL5366.csv,"(41, 124)",41,124,0.146341463,/home/iris/PA/qsar_data_unsorted/data_CHEMBL5366.csv,,,
721,721,/Users/dangoo/My documents/PhD Research/Pairwise Approach/RP/qsar_data_unsorted/data_CHEMBL2111377.csv,data_CHEMBL2111377.csv,"(41, 126)",41,126,0.097560976,/home/iris/PA/qsar_data_unsorted/data_CHEMBL2111377.csv,,,
734,734,/Users/dangoo/My documents/PhD Research/Pairwise Approach/RP/qsar_data_unsorted/data_CHEMBL5166.csv,data_CHEMBL5166.csv,"(41, 85)",41,85,0.317073171,/home/iris/PA/qsar_data_unsorted/data_CHEMBL5166.csv,,,
757,757,/Users/dangoo/My documents/PhD Research/Pairwise Approach/RP/qsar_data_unsorted/data_CHEMBL4085.csv,data_CHEMBL4085.csv,"(41, 55)",41,55,0.073170732,/home/iris/PA/qsar_data_unsorted/data_CHEMBL4085.csv,,,
795,795,/Users/dangoo/My documents/PhD Research/Pairwise Approach/RP/qsar_data_unsorted/data_CHEMBL1938219.csv,data_CHEMBL1938219.csv,"(41, 52)",41,52,0.048780488,/home/iris/PA/qsar_data_unsorted/data_CHEMBL1938219.csv,,,
901,901,/Users/dangoo/My documents/PhD Research/Pairwise Approach/RP/qsar_data_unsorted/data_CHEMBL3499.csv,data_CHEMBL3499.csv,"(41, 91)",41,91,0.048780488,/home/iris/PA/qsar_data_unsorted/data_CHEMBL3499.csv,,,
904,904,/Users/dangoo/My documents/PhD Research/Pairwise Approach/RP/qsar_data_unsorted/data_CHEMBL2977.csv,data_CHEMBL2977.csv,"(41, 78)",41,78,0.048780488,/home/iris/PA/qsar_data_unsorted/data_CHEMBL2977.csv,,,
922,922,/Users/dangoo/My documents/PhD Research/Pairwise Approach/RP/qsar_data_unsorted/data_CHEMBL3842.csv,data_CHEMBL3842.csv,"(41, 86)",41,86,0.097560976,/home/iris/PA/qsar_data_unsorted/data_CHEMBL3842.csv,,,
1078,1078,/Users/dangoo/My documents/PhD Research/Pairwise Approach/RP/qsar_data_unsorted/data_CHEMBL3504.csv,data_CHEMBL3504.csv,"(41, 110)",41,110,0.268292683,/home/iris/PA/qsar_data_unsorted/data_CHEMBL3504.csv,,,
1236,1236,/Users/dangoo/My documents/PhD Research/Pairwise Approach/RP/qsar_data_unsorted/data_CHEMBL2096617.csv,data_CHEMBL2096617.csv,"(41, 109)",41,109,0.097560976,/home/iris/PA/qsar_data_unsorted/data_CHEMBL2096617.csv,,,
1547,1547,/Users/dangoo/My documents/PhD Research/Pairwise Approach/RP/qsar_data_unsorted/data_CHEMBL2331048.csv,data_CHEMBL2331048.csv,"(41, 73)",41,73,0.292682927,/home/iris/PA/qsar_data_unsorted/data_CHEMBL2331048.csv,,,
1624,1624,/Users/dangoo/My documents/PhD Research/Pairwise Approach/RP/qsar_data_unsorted/data_CHEMBL1793.csv,data_CHEMBL1793.csv,"(41, 110)",41,110,0.048780488,/home/iris/PA/qsar_data_unsorted/data_CHEMBL1793.csv,,,
1688,1688,/Users/dangoo/My documents/PhD Research/Pairwise Approach/RP/qsar_data_unsorted/data_CHEMBL5871.csv,data_CHEMBL5871.csv,"(41, 108)",41,108,0.56097561,/home/iris/PA/qsar_data_unsorted/data_CHEMBL5871.csv,,,
1960,1960,/Users/dangoo/My documents/PhD Research/Pairwise Approach/RP/qsar_data_unsorted/data_CHEMBL5888.csv,data_CHEMBL5888.csv,"(41, 124)",41,124,0.097560976,/home/iris/PA/qsar_data_unsorted/data_CHEMBL5888.csv,,,
87,87,/Users/dangoo/My documents/PhD Research/Pairwise Approach/RP/qsar_data_unsorted/data_CHEMBL1075261.csv,data_CHEMBL1075261.csv,"(42, 56)",42,56,0.071428571,/home/iris/PA/qsar_data_unsorted/data_CHEMBL1075261.csv,,,
143,143,/Users/dangoo/My documents/PhD Research/Pairwise Approach/RP/qsar_data_unsorted/data_CHEMBL2654.csv,data_CHEMBL2654.csv,"(42, 98)",42,98,0.095238095,/home/iris/PA/qsar_data_unsorted/data_CHEMBL2654.csv,,,
188,188,/Users/dangoo/My documents/PhD Research/Pairwise Approach/RP/qsar_data_unsorted/data_CHEMBL3945.csv,data_CHEMBL3945.csv,"(42, 100)",42,100,0.047619048,/home/iris/PA/qsar_data_unsorted/data_CHEMBL3945.csv,,,
284,284,/Users/dangoo/My documents/PhD Research/Pairwise Approach/RP/qsar_data_unsorted/data_CHEMBL2052038.csv,data_CHEMBL2052038.csv,"(42, 71)",42,71,0.619047619,/home/iris/PA/qsar_data_unsorted/data_CHEMBL2052038.csv,,,
307,307,/Users/dangoo/My documents/PhD Research/Pairwise Approach/RP/qsar_data_unsorted/data_CHEMBL4540.csv,data_CHEMBL4540.csv,"(42, 178)",42,178,0.166666667,/home/iris/PA/qsar_data_unsorted/data_CHEMBL4540.csv,,,
316,316,/Users/dangoo/My documents/PhD Research/Pairwise Approach/RP/qsar_data_unsorted/data_CHEMBL2034805.csv,data_CHEMBL2034805.csv,"(42, 61)",42,61,0.214285714,/home/iris/PA/qsar_data_unsorted/data_CHEMBL2034805.csv,,,
340,340,/Users/dangoo/My documents/PhD Research/Pairwise Approach/RP/qsar_data_unsorted/data_CHEMBL4752.csv,data_CHEMBL4752.csv,"(42, 42)",42,42,0.30952381,/home/iris/PA/qsar_data_unsorted/data_CHEMBL4752.csv,,,
347,347,/Users/dangoo/My documents/PhD Research/Pairwise Approach/RP/qsar_data_unsorted/data_CHEMBL2094133.csv,data_CHEMBL2094133.csv,"(42, 104)",42,104,0.214285714,/home/iris/PA/qsar_data_unsorted/data_CHEMBL2094133.csv,,,
403,403,/Users/dangoo/My documents/PhD Research/Pairwise Approach/RP/qsar_data_unsorted/data_CHEMBL4343.csv,data_CHEMBL4343.csv,"(42, 139)",42,139,0.047619048,/home/iris/PA/qsar_data_unsorted/data_CHEMBL4343.csv,,,
639,639,/Users/dangoo/My documents/PhD Research/Pairwise Approach/RP/qsar_data_unsorted/data_CHEMBL6068.csv,data_CHEMBL6068.csv,"(42, 120)",42,120,0.047619048,/home/iris/PA/qsar_data_unsorted/data_CHEMBL6068.csv,,,
814,814,/Users/dangoo/My documents/PhD Research/Pairwise Approach/RP/qsar_data_unsorted/data_CHEMBL1163113.csv,data_CHEMBL1163113.csv,"(42, 46)",42,46,0.238095238,/home/iris/PA/qsar_data_unsorted/data_CHEMBL1163113.csv,,,
855,855,/Users/dangoo/My documents/PhD Research/Pairwise Approach/RP/qsar_data_unsorted/data_CHEMBL2608.csv,data_CHEMBL2608.csv,"(42, 110)",42,110,0.071428571,/home/iris/PA/qsar_data_unsorted/data_CHEMBL2608.csv,,,
877,877,/Users/dangoo/My documents/PhD Research/Pairwise Approach/RP/qsar_data_unsorted/data_CHEMBL1293314.csv,data_CHEMBL1293314.csv,"(42, 220)",42,220,0.5,/home/iris/PA/qsar_data_unsorted/data_CHEMBL1293314.csv,,,
936,936,/Users/dangoo/My documents/PhD Research/Pairwise Approach/RP/qsar_data_unsorted/data_CHEMBL2096975.csv,data_CHEMBL2096975.csv,"(42, 119)",42,119,0.047619048,/home/iris/PA/qsar_data_unsorted/data_CHEMBL2096975.csv,,,
1034,1034,/Users/dangoo/My documents/PhD Research/Pairwise Approach/RP/qsar_data_unsorted/data_CHEMBL3699.csv,data_CHEMBL3699.csv,"(42, 93)",42,93,0.071428571,/home/iris/PA/qsar_data_unsorted/data_CHEMBL3699.csv,,,
1210,1210,/Users/dangoo/My documents/PhD Research/Pairwise Approach/RP/qsar_data_unsorted/data_CHEMBL2109241.csv,data_CHEMBL2109241.csv,"(42, 129)",42,129,0.166666667,/home/iris/PA/qsar_data_unsorted/data_CHEMBL2109241.csv,,,
1438,1438,/Users/dangoo/My documents/PhD Research/Pairwise Approach/RP/qsar_data_unsorted/data_CHEMBL3295.csv,data_CHEMBL3295.csv,"(42, 134)",42,134,0.119047619,/home/iris/PA/qsar_data_unsorted/data_CHEMBL3295.csv,,,
1508,1508,/Users/dangoo/My documents/PhD Research/Pairwise Approach/RP/qsar_data_unsorted/data_CHEMBL1075024.csv,data_CHEMBL1075024.csv,"(42, 111)",42,111,0.30952381,/home/iris/PA/qsar_data_unsorted/data_CHEMBL1075024.csv,,,
1538,1538,/Users/dangoo/My documents/PhD Research/Pairwise Approach/RP/qsar_data_unsorted/data_CHEMBL1697672.csv,data_CHEMBL1697672.csv,"(42, 70)",42,70,0.404761905,/home/iris/PA/qsar_data_unsorted/data_CHEMBL1697672.csv,,,
1575,1575,/Users/dangoo/My documents/PhD Research/Pairwise Approach/RP/qsar_data_unsorted/data_CHEMBL2096677.csv,data_CHEMBL2096677.csv,"(42, 61)",42,61,0.071428571,/home/iris/PA/qsar_data_unsorted/data_CHEMBL2096677.csv,,,
1723,1723,/Users/dangoo/My documents/PhD Research/Pairwise Approach/RP/qsar_data_unsorted/data_CHEMBL1791.csv,data_CHEMBL1791.csv,"(42, 68)",42,68,0.047619048,/home/iris/PA/qsar_data_unsorted/data_CHEMBL1791.csv,,,
1781,1781,/Users/dangoo/My documents/PhD Research/Pairwise Approach/RP/qsar_data_unsorted/data_CHEMBL4788.csv,data_CHEMBL4788.csv,"(42, 68)",42,68,0.047619048,/home/iris/PA/qsar_data_unsorted/data_CHEMBL4788.csv,,,
1799,1799,/Users/dangoo/My documents/PhD Research/Pairwise Approach/RP/qsar_data_unsorted/data_CHEMBL2845.csv,data_CHEMBL2845.csv,"(42, 103)",42,103,0.428571429,/home/iris/PA/qsar_data_unsorted/data_CHEMBL2845.csv,,,
1954,1954,/Users/dangoo/My documents/PhD Research/Pairwise Approach/RP/qsar_data_unsorted/data_CHEMBL2111331.csv,data_CHEMBL2111331.csv,"(42, 85)",42,85,0.047619048,/home/iris/PA/qsar_data_unsorted/data_CHEMBL2111331.csv,,,
2029,2029,/Users/dangoo/My documents/PhD Research/Pairwise Approach/RP/qsar_data_unsorted/data_CHEMBL1255139.csv,data_CHEMBL1255139.csv,"(42, 91)",42,91,0.833333333,/home/iris/PA/qsar_data_unsorted/data_CHEMBL1255139.csv,,,
16,16,/Users/dangoo/My documents/PhD Research/Pairwise Approach/RP/qsar_data_unsorted/data_CHEMBL2866.csv,data_CHEMBL2866.csv,"(43, 88)",43,88,0.046511628,/home/iris/PA/qsar_data_unsorted/data_CHEMBL2866.csv,,,
148,148,/Users/dangoo/My documents/PhD Research/Pairwise Approach/RP/qsar_data_unsorted/data_CHEMBL2046264.csv,data_CHEMBL2046264.csv,"(43, 72)",43,72,0.046511628,/home/iris/PA/qsar_data_unsorted/data_CHEMBL2046264.csv,,,
470,470,/Users/dangoo/My documents/PhD Research/Pairwise Approach/RP/qsar_data_unsorted/data_CHEMBL3228.csv,data_CHEMBL3228.csv,"(43, 105)",43,105,0.162790698,/home/iris/PA/qsar_data_unsorted/data_CHEMBL3228.csv,,,
546,546,/Users/dangoo/My documents/PhD Research/Pairwise Approach/RP/qsar_data_unsorted/data_CHEMBL2010635.csv,data_CHEMBL2010635.csv,"(43, 79)",43,79,0.093023256,/home/iris/PA/qsar_data_unsorted/data_CHEMBL2010635.csv,,,
796,796,/Users/dangoo/My documents/PhD Research/Pairwise Approach/RP/qsar_data_unsorted/data_CHEMBL5952.csv,data_CHEMBL5952.csv,"(43, 82)",43,82,0.046511628,/home/iris/PA/qsar_data_unsorted/data_CHEMBL5952.csv,,,
993,993,/Users/dangoo/My documents/PhD Research/Pairwise Approach/RP/qsar_data_unsorted/data_CHEMBL5982.csv,data_CHEMBL5982.csv,"(43, 107)",43,107,0.11627907,/home/iris/PA/qsar_data_unsorted/data_CHEMBL5982.csv,,,
1028,1028,/Users/dangoo/My documents/PhD Research/Pairwise Approach/RP/qsar_data_unsorted/data_CHEMBL4323.csv,data_CHEMBL4323.csv,"(43, 91)",43,91,0.372093023,/home/iris/PA/qsar_data_unsorted/data_CHEMBL4323.csv,,,
1142,1142,/Users/dangoo/My documents/PhD Research/Pairwise Approach/RP/qsar_data_unsorted/data_CHEMBL3482.csv,data_CHEMBL3482.csv,"(43, 78)",43,78,0.209302326,/home/iris/PA/qsar_data_unsorted/data_CHEMBL3482.csv,,,
1217,1217,/Users/dangoo/My documents/PhD Research/Pairwise Approach/RP/qsar_data_unsorted/data_CHEMBL4271.csv,data_CHEMBL4271.csv,"(43, 72)",43,72,0.046511628,/home/iris/PA/qsar_data_unsorted/data_CHEMBL4271.csv,,,
1341,1341,/Users/dangoo/My documents/PhD Research/Pairwise Approach/RP/qsar_data_unsorted/data_CHEMBL1075146.csv,data_CHEMBL1075146.csv,"(43, 40)",43,40,0.046511628,/home/iris/PA/qsar_data_unsorted/data_CHEMBL1075146.csv,,,
1539,1539,/Users/dangoo/My documents/PhD Research/Pairwise Approach/RP/qsar_data_unsorted/data_CHEMBL3224.csv,data_CHEMBL3224.csv,"(43, 176)",43,176,0.046511628,/home/iris/PA/qsar_data_unsorted/data_CHEMBL3224.csv,,,
1599,1599,/Users/dangoo/My documents/PhD Research/Pairwise Approach/RP/qsar_data_unsorted/data_CHEMBL3393.csv,data_CHEMBL3393.csv,"(43, 66)",43,66,0.069767442,/home/iris/PA/qsar_data_unsorted/data_CHEMBL3393.csv,,,
1631,1631,/Users/dangoo/My documents/PhD Research/Pairwise Approach/RP/qsar_data_unsorted/data_CHEMBL4614.csv,data_CHEMBL4614.csv,"(43, 62)",43,62,0.046511628,/home/iris/PA/qsar_data_unsorted/data_CHEMBL4614.csv,,,
1757,1757,/Users/dangoo/My documents/PhD Research/Pairwise Approach/RP/qsar_data_unsorted/data_CHEMBL1955712.csv,data_CHEMBL1955712.csv,"(43, 59)",43,59,0.093023256,/home/iris/PA/qsar_data_unsorted/data_CHEMBL1955712.csv,,,
336,336,/Users/dangoo/My documents/PhD Research/Pairwise Approach/RP/qsar_data_unsorted/data_CHEMBL3997.csv,data_CHEMBL3997.csv,"(44, 76)",44,76,0.113636364,/home/iris/PA/qsar_data_unsorted/data_CHEMBL3997.csv,,,
402,402,/Users/dangoo/My documents/PhD Research/Pairwise Approach/RP/qsar_data_unsorted/data_CHEMBL4425.csv,data_CHEMBL4425.csv,"(44, 180)",44,180,0.386363636,/home/iris/PA/qsar_data_unsorted/data_CHEMBL4425.csv,,,
435,435,/Users/dangoo/My documents/PhD Research/Pairwise Approach/RP/qsar_data_unsorted/data_CHEMBL3014.csv,data_CHEMBL3014.csv,"(44, 87)",44,87,0.136363636,/home/iris/PA/qsar_data_unsorted/data_CHEMBL3014.csv,,,
467,467,/Users/dangoo/My documents/PhD Research/Pairwise Approach/RP/qsar_data_unsorted/data_CHEMBL2097161.csv,data_CHEMBL2097161.csv,"(44, 49)",44,49,0.545454545,/home/iris/PA/qsar_data_unsorted/data_CHEMBL2097161.csv,,,
690,690,/Users/dangoo/My documents/PhD Research/Pairwise Approach/RP/qsar_data_unsorted/data_CHEMBL1075028.csv,data_CHEMBL1075028.csv,"(44, 110)",44,110,0.022727273,/home/iris/PA/qsar_data_unsorted/data_CHEMBL1075028.csv,,,
699,699,/Users/dangoo/My documents/PhD Research/Pairwise Approach/RP/qsar_data_unsorted/data_CHEMBL4087.csv,data_CHEMBL4087.csv,"(44, 105)",44,105,0.068181818,/home/iris/PA/qsar_data_unsorted/data_CHEMBL4087.csv,,,
702,702,/Users/dangoo/My documents/PhD Research/Pairwise Approach/RP/qsar_data_unsorted/data_CHEMBL3924.csv,data_CHEMBL3924.csv,"(44, 78)",44,78,0.25,/home/iris/PA/qsar_data_unsorted/data_CHEMBL3924.csv,,,
792,792,/Users/dangoo/My documents/PhD Research/Pairwise Approach/RP/qsar_data_unsorted/data_CHEMBL1075214.csv,data_CHEMBL1075214.csv,"(44, 101)",44,101,0.045454545,/home/iris/PA/qsar_data_unsorted/data_CHEMBL1075214.csv,,,
802,802,/Users/dangoo/My documents/PhD Research/Pairwise Approach/RP/qsar_data_unsorted/data_CHEMBL1781859.csv,data_CHEMBL1781859.csv,"(44, 179)",44,179,0.045454545,/home/iris/PA/qsar_data_unsorted/data_CHEMBL1781859.csv,,,
943,943,/Users/dangoo/My documents/PhD Research/Pairwise Approach/RP/qsar_data_unsorted/data_CHEMBL4042.csv,data_CHEMBL4042.csv,"(44, 83)",44,83,0.25,/home/iris/PA/qsar_data_unsorted/data_CHEMBL4042.csv,,,
1047,1047,/Users/dangoo/My documents/PhD Research/Pairwise Approach/RP/qsar_data_unsorted/data_CHEMBL2096619.csv,data_CHEMBL2096619.csv,"(44, 105)",44,105,0.045454545,/home/iris/PA/qsar_data_unsorted/data_CHEMBL2096619.csv,,,
1115,1115,/Users/dangoo/My documents/PhD Research/Pairwise Approach/RP/qsar_data_unsorted/data_CHEMBL4886.csv,data_CHEMBL4886.csv,"(44, 59)",44,59,0.090909091,/home/iris/PA/qsar_data_unsorted/data_CHEMBL4886.csv,,,
1166,1166,/Users/dangoo/My documents/PhD Research/Pairwise Approach/RP/qsar_data_unsorted/data_CHEMBL4844.csv,data_CHEMBL4844.csv,"(44, 70)",44,70,0.045454545,/home/iris/PA/qsar_data_unsorted/data_CHEMBL4844.csv,,,
1408,1408,/Users/dangoo/My documents/PhD Research/Pairwise Approach/RP/qsar_data_unsorted/data_CHEMBL3917.csv,data_CHEMBL3917.csv,"(44, 65)",44,65,0.386363636,/home/iris/PA/qsar_data_unsorted/data_CHEMBL3917.csv,,,
100,100,/Users/dangoo/My documents/PhD Research/Pairwise Approach/RP/qsar_data_unsorted/data_CHEMBL3416.csv,data_CHEMBL3416.csv,"(45, 73)",45,73,0.044444444,/home/iris/PA/qsar_data_unsorted/data_CHEMBL3416.csv,,,
243,243,/Users/dangoo/My documents/PhD Research/Pairwise Approach/RP/qsar_data_unsorted/data_CHEMBL4420.csv,data_CHEMBL4420.csv,"(45, 93)",45,93,0.066666667,/home/iris/PA/qsar_data_unsorted/data_CHEMBL4420.csv,,,
684,684,/Users/dangoo/My documents/PhD Research/Pairwise Approach/RP/qsar_data_unsorted/data_CHEMBL1935.csv,data_CHEMBL1935.csv,"(45, 70)",45,70,0.066666667,/home/iris/PA/qsar_data_unsorted/data_CHEMBL1935.csv,,,
809,809,/Users/dangoo/My documents/PhD Research/Pairwise Approach/RP/qsar_data_unsorted/data_CHEMBL4319.csv,data_CHEMBL4319.csv,"(45, 80)",45,80,0.288888889,/home/iris/PA/qsar_data_unsorted/data_CHEMBL4319.csv,,,
930,930,/Users/dangoo/My documents/PhD Research/Pairwise Approach/RP/qsar_data_unsorted/data_CHEMBL4136.csv,data_CHEMBL4136.csv,"(45, 56)",45,56,0.066666667,/home/iris/PA/qsar_data_unsorted/data_CHEMBL4136.csv,,,
1055,1055,/Users/dangoo/My documents/PhD Research/Pairwise Approach/RP/qsar_data_unsorted/data_CHEMBL1075165.csv,data_CHEMBL1075165.csv,"(45, 182)",45,182,0.466666667,/home/iris/PA/qsar_data_unsorted/data_CHEMBL1075165.csv,,,
1082,1082,/Users/dangoo/My documents/PhD Research/Pairwise Approach/RP/qsar_data_unsorted/data_CHEMBL2111372.csv,data_CHEMBL2111372.csv,"(45, 77)",45,77,0.044444444,/home/iris/PA/qsar_data_unsorted/data_CHEMBL2111372.csv,,,
1868,1868,/Users/dangoo/My documents/PhD Research/Pairwise Approach/RP/qsar_data_unsorted/data_CHEMBL1649054.csv,data_CHEMBL1649054.csv,"(45, 74)",45,74,0.066666667,/home/iris/PA/qsar_data_unsorted/data_CHEMBL1649054.csv,,,
1883,1883,/Users/dangoo/My documents/PhD Research/Pairwise Approach/RP/qsar_data_unsorted/data_CHEMBL3381.csv,data_CHEMBL3381.csv,"(45, 97)",45,97,0.4,/home/iris/PA/qsar_data_unsorted/data_CHEMBL3381.csv,,,
2043,2043,/Users/dangoo/My documents/PhD Research/Pairwise Approach/RP/qsar_data_unsorted/data_CHEMBL3195.csv,data_CHEMBL3195.csv,"(45, 64)",45,64,0.066666667,/home/iris/PA/qsar_data_unsorted/data_CHEMBL3195.csv,,,
79,79,/Users/dangoo/My documents/PhD Research/Pairwise Approach/RP/qsar_data_unsorted/data_CHEMBL2912.csv,data_CHEMBL2912.csv,"(46, 87)",46,87,0.043478261,/home/iris/PA/qsar_data_unsorted/data_CHEMBL2912.csv,,,
914,914,/Users/dangoo/My documents/PhD Research/Pairwise Approach/RP/qsar_data_unsorted/data_CHEMBL1944499.csv,data_CHEMBL1944499.csv,"(46, 120)",46,120,0.02173913,/home/iris/PA/qsar_data_unsorted/data_CHEMBL1944499.csv,,,
1152,1152,/Users/dangoo/My documents/PhD Research/Pairwise Approach/RP/qsar_data_unsorted/data_CHEMBL3326.csv,data_CHEMBL3326.csv,"(46, 107)",46,107,0.043478261,/home/iris/PA/qsar_data_unsorted/data_CHEMBL3326.csv,,,
1170,1170,/Users/dangoo/My documents/PhD Research/Pairwise Approach/RP/qsar_data_unsorted/data_CHEMBL4677.csv,data_CHEMBL4677.csv,"(46, 117)",46,117,0.108695652,/home/iris/PA/qsar_data_unsorted/data_CHEMBL4677.csv,,,
1190,1190,/Users/dangoo/My documents/PhD Research/Pairwise Approach/RP/qsar_data_unsorted/data_CHEMBL1743125.csv,data_CHEMBL1743125.csv,"(46, 81)",46,81,0.086956522,/home/iris/PA/qsar_data_unsorted/data_CHEMBL1743125.csv,,,
1246,1246,/Users/dangoo/My documents/PhD Research/Pairwise Approach/RP/qsar_data_unsorted/data_CHEMBL2073670.csv,data_CHEMBL2073670.csv,"(46, 198)",46,198,0.02173913,/home/iris/PA/qsar_data_unsorted/data_CHEMBL2073670.csv,,,
1536,1536,/Users/dangoo/My documents/PhD Research/Pairwise Approach/RP/qsar_data_unsorted/data_CHEMBL4510.csv,data_CHEMBL4510.csv,"(46, 222)",46,222,0.47826087,/home/iris/PA/qsar_data_unsorted/data_CHEMBL4510.csv,,,
1553,1553,/Users/dangoo/My documents/PhD Research/Pairwise Approach/RP/qsar_data_unsorted/data_CHEMBL1926488.csv,data_CHEMBL1926488.csv,"(46, 28)",46,28,0.043478261,/home/iris/PA/qsar_data_unsorted/data_CHEMBL1926488.csv,,,
2004,2004,/Users/dangoo/My documents/PhD Research/Pairwise Approach/RP/qsar_data_unsorted/data_CHEMBL4360.csv,data_CHEMBL4360.csv,"(46, 96)",46,96,0.043478261,/home/iris/PA/qsar_data_unsorted/data_CHEMBL4360.csv,,,
2093,2093,/Users/dangoo/My documents/PhD Research/Pairwise Approach/RP/qsar_data_unsorted/data_CHEMBL4573.csv,data_CHEMBL4573.csv,"(46, 123)",46,123,0.130434783,/home/iris/PA/qsar_data_unsorted/data_CHEMBL4573.csv,,,
139,139,/Users/dangoo/My documents/PhD Research/Pairwise Approach/RP/qsar_data_unsorted/data_CHEMBL4580.csv,data_CHEMBL4580.csv,"(47, 62)",47,62,0.063829787,/home/iris/PA/qsar_data_unsorted/data_CHEMBL4580.csv,,,
256,256,/Users/dangoo/My documents/PhD Research/Pairwise Approach/RP/qsar_data_unsorted/data_CHEMBL5070.csv,data_CHEMBL5070.csv,"(47, 83)",47,83,0.063829787,/home/iris/PA/qsar_data_unsorted/data_CHEMBL5070.csv,,,
426,426,/Users/dangoo/My documents/PhD Research/Pairwise Approach/RP/qsar_data_unsorted/data_CHEMBL3799.csv,data_CHEMBL3799.csv,"(47, 139)",47,139,0.042553191,/home/iris/PA/qsar_data_unsorted/data_CHEMBL3799.csv,,,
484,484,/Users/dangoo/My documents/PhD Research/Pairwise Approach/RP/qsar_data_unsorted/data_CHEMBL3994.csv,data_CHEMBL3994.csv,"(47, 94)",47,94,0.042553191,/home/iris/PA/qsar_data_unsorted/data_CHEMBL3994.csv,,,
606,606,/Users/dangoo/My documents/PhD Research/Pairwise Approach/RP/qsar_data_unsorted/data_CHEMBL2111463.csv,data_CHEMBL2111463.csv,"(47, 113)",47,113,0.14893617,/home/iris/PA/qsar_data_unsorted/data_CHEMBL2111463.csv,,,
689,689,/Users/dangoo/My documents/PhD Research/Pairwise Approach/RP/qsar_data_unsorted/data_CHEMBL3878.csv,data_CHEMBL3878.csv,"(47, 55)",47,55,0.042553191,/home/iris/PA/qsar_data_unsorted/data_CHEMBL3878.csv,,,
692,692,/Users/dangoo/My documents/PhD Research/Pairwise Approach/RP/qsar_data_unsorted/data_CHEMBL2555.csv,data_CHEMBL2555.csv,"(47, 108)",47,108,0.085106383,/home/iris/PA/qsar_data_unsorted/data_CHEMBL2555.csv,,,
783,783,/Users/dangoo/My documents/PhD Research/Pairwise Approach/RP/qsar_data_unsorted/data_CHEMBL5774.csv,data_CHEMBL5774.csv,"(47, 97)",47,97,0.063829787,/home/iris/PA/qsar_data_unsorted/data_CHEMBL5774.csv,,,
868,868,/Users/dangoo/My documents/PhD Research/Pairwise Approach/RP/qsar_data_unsorted/data_CHEMBL3738.csv,data_CHEMBL3738.csv,"(47, 54)",47,54,0.085106383,/home/iris/PA/qsar_data_unsorted/data_CHEMBL3738.csv,,,
905,905,/Users/dangoo/My documents/PhD Research/Pairwise Approach/RP/qsar_data_unsorted/data_CHEMBL1255150.csv,data_CHEMBL1255150.csv,"(47, 85)",47,85,0.276595745,/home/iris/PA/qsar_data_unsorted/data_CHEMBL1255150.csv,,,
1066,1066,/Users/dangoo/My documents/PhD Research/Pairwise Approach/RP/qsar_data_unsorted/data_CHEMBL4069.csv,data_CHEMBL4069.csv,"(47, 119)",47,119,0.170212766,/home/iris/PA/qsar_data_unsorted/data_CHEMBL4069.csv,,,
1119,1119,/Users/dangoo/My documents/PhD Research/Pairwise Approach/RP/qsar_data_unsorted/data_CHEMBL2213.csv,data_CHEMBL2213.csv,"(47, 53)",47,53,0.042553191,/home/iris/PA/qsar_data_unsorted/data_CHEMBL2213.csv,,,
1220,1220,/Users/dangoo/My documents/PhD Research/Pairwise Approach/RP/qsar_data_unsorted/data_CHEMBL3720.csv,data_CHEMBL3720.csv,"(47, 88)",47,88,0.063829787,/home/iris/PA/qsar_data_unsorted/data_CHEMBL3720.csv,,,
1310,1310,/Users/dangoo/My documents/PhD Research/Pairwise Approach/RP/qsar_data_unsorted/data_CHEMBL3047.csv,data_CHEMBL3047.csv,"(47, 72)",47,72,0.042553191,/home/iris/PA/qsar_data_unsorted/data_CHEMBL3047.csv,,,
1312,1312,/Users/dangoo/My documents/PhD Research/Pairwise Approach/RP/qsar_data_unsorted/data_CHEMBL1743126.csv,data_CHEMBL1743126.csv,"(47, 297)",47,297,0.042553191,/home/iris/PA/qsar_data_unsorted/data_CHEMBL1743126.csv,,,
1335,1335,/Users/dangoo/My documents/PhD Research/Pairwise Approach/RP/qsar_data_unsorted/data_CHEMBL5368.csv,data_CHEMBL5368.csv,"(47, 155)",47,155,0.042553191,/home/iris/PA/qsar_data_unsorted/data_CHEMBL5368.csv,,,
1546,1546,/Users/dangoo/My documents/PhD Research/Pairwise Approach/RP/qsar_data_unsorted/data_CHEMBL4211.csv,data_CHEMBL4211.csv,"(47, 109)",47,109,0.042553191,/home/iris/PA/qsar_data_unsorted/data_CHEMBL4211.csv,,,
1614,1614,/Users/dangoo/My documents/PhD Research/Pairwise Approach/RP/qsar_data_unsorted/data_CHEMBL1795138.csv,data_CHEMBL1795138.csv,"(47, 94)",47,94,0.042553191,/home/iris/PA/qsar_data_unsorted/data_CHEMBL1795138.csv,,,
1737,1737,/Users/dangoo/My documents/PhD Research/Pairwise Approach/RP/qsar_data_unsorted/data_CHEMBL1909044.csv,data_CHEMBL1909044.csv,"(47, 142)",47,142,0.042553191,/home/iris/PA/qsar_data_unsorted/data_CHEMBL1909044.csv,,,
1824,1824,/Users/dangoo/My documents/PhD Research/Pairwise Approach/RP/qsar_data_unsorted/data_CHEMBL5135.csv,data_CHEMBL5135.csv,"(47, 93)",47,93,0.063829787,/home/iris/PA/qsar_data_unsorted/data_CHEMBL5135.csv,,,
2024,2024,/Users/dangoo/My documents/PhD Research/Pairwise Approach/RP/qsar_data_unsorted/data_CHEMBL5080.csv,data_CHEMBL5080.csv,"(47, 82)",47,82,0.212765957,/home/iris/PA/qsar_data_unsorted/data_CHEMBL5080.csv,,,
2077,2077,/Users/dangoo/My documents/PhD Research/Pairwise Approach/RP/qsar_data_unsorted/data_CHEMBL4017.csv,data_CHEMBL4017.csv,"(47, 89)",47,89,0.063829787,/home/iris/PA/qsar_data_unsorted/data_CHEMBL4017.csv,,,
126,126,/Users/dangoo/My documents/PhD Research/Pairwise Approach/RP/qsar_data_unsorted/data_CHEMBL5339.csv,data_CHEMBL5339.csv,"(48, 58)",48,58,0.041666667,/home/iris/PA/qsar_data_unsorted/data_CHEMBL5339.csv,,,
362,362,/Users/dangoo/My documents/PhD Research/Pairwise Approach/RP/qsar_data_unsorted/data_CHEMBL5538.csv,data_CHEMBL5538.csv,"(48, 102)",48,102,0.145833333,/home/iris/PA/qsar_data_unsorted/data_CHEMBL5538.csv,,,
363,363,/Users/dangoo/My documents/PhD Research/Pairwise Approach/RP/qsar_data_unsorted/data_CHEMBL3161.csv,data_CHEMBL3161.csv,"(48, 105)",48,105,0.0625,/home/iris/PA/qsar_data_unsorted/data_CHEMBL3161.csv,,,
501,501,/Users/dangoo/My documents/PhD Research/Pairwise Approach/RP/qsar_data_unsorted/data_CHEMBL3638.csv,data_CHEMBL3638.csv,"(48, 45)",48,45,0.020833333,/home/iris/PA/qsar_data_unsorted/data_CHEMBL3638.csv,,,
657,657,/Users/dangoo/My documents/PhD Research/Pairwise Approach/RP/qsar_data_unsorted/data_CHEMBL4327.csv,data_CHEMBL4327.csv,"(48, 73)",48,73,0.333333333,/home/iris/PA/qsar_data_unsorted/data_CHEMBL4327.csv,,,
1331,1331,/Users/dangoo/My documents/PhD Research/Pairwise Approach/RP/qsar_data_unsorted/data_CHEMBL1932895.csv,data_CHEMBL1932895.csv,"(48, 83)",48,83,0.1875,/home/iris/PA/qsar_data_unsorted/data_CHEMBL1932895.csv,,,
1414,1414,/Users/dangoo/My documents/PhD Research/Pairwise Approach/RP/qsar_data_unsorted/data_CHEMBL3718.csv,data_CHEMBL3718.csv,"(48, 50)",48,50,0.0625,/home/iris/PA/qsar_data_unsorted/data_CHEMBL3718.csv,,,
1429,1429,/Users/dangoo/My documents/PhD Research/Pairwise Approach/RP/qsar_data_unsorted/data_CHEMBL5155.csv,data_CHEMBL5155.csv,"(48, 80)",48,80,0.270833333,/home/iris/PA/qsar_data_unsorted/data_CHEMBL5155.csv,,,
1525,1525,/Users/dangoo/My documents/PhD Research/Pairwise Approach/RP/qsar_data_unsorted/data_CHEMBL2052040.csv,data_CHEMBL2052040.csv,"(48, 47)",48,47,1,/home/iris/PA/qsar_data_unsorted/data_CHEMBL2052040.csv,,,
1590,1590,/Users/dangoo/My documents/PhD Research/Pairwise Approach/RP/qsar_data_unsorted/data_CHEMBL3436.csv,data_CHEMBL3436.csv,"(48, 83)",48,83,0.104166667,/home/iris/PA/qsar_data_unsorted/data_CHEMBL3436.csv,,,
1652,1652,/Users/dangoo/My documents/PhD Research/Pairwise Approach/RP/qsar_data_unsorted/data_CHEMBL3027.csv,data_CHEMBL3027.csv,"(48, 97)",48,97,0.083333333,/home/iris/PA/qsar_data_unsorted/data_CHEMBL3027.csv,,,
1929,1929,/Users/dangoo/My documents/PhD Research/Pairwise Approach/RP/qsar_data_unsorted/data_CHEMBL5450.csv,data_CHEMBL5450.csv,"(48, 136)",48,136,0.083333333,/home/iris/PA/qsar_data_unsorted/data_CHEMBL5450.csv,,,
1930,1930,/Users/dangoo/My documents/PhD Research/Pairwise Approach/RP/qsar_data_unsorted/data_CHEMBL3021.csv,data_CHEMBL3021.csv,"(48, 101)",48,101,0.041666667,/home/iris/PA/qsar_data_unsorted/data_CHEMBL3021.csv,,,
1982,1982,/Users/dangoo/My documents/PhD Research/Pairwise Approach/RP/qsar_data_unsorted/data_CHEMBL1909485.csv,data_CHEMBL1909485.csv,"(48, 51)",48,51,0.520833333,/home/iris/PA/qsar_data_unsorted/data_CHEMBL1909485.csv,,,
2003,2003,/Users/dangoo/My documents/PhD Research/Pairwise Approach/RP/qsar_data_unsorted/data_CHEMBL4837.csv,data_CHEMBL4837.csv,"(48, 77)",48,77,0.020833333,/home/iris/PA/qsar_data_unsorted/data_CHEMBL4837.csv,,,
2074,2074,/Users/dangoo/My documents/PhD Research/Pairwise Approach/RP/qsar_data_unsorted/data_CHEMBL6172.csv,data_CHEMBL6172.csv,"(48, 88)",48,88,0.229166667,/home/iris/PA/qsar_data_unsorted/data_CHEMBL6172.csv,,,
85,85,/Users/dangoo/My documents/PhD Research/Pairwise Approach/RP/qsar_data_unsorted/data_CHEMBL5098.csv,data_CHEMBL5098.csv,"(49, 97)",49,97,0.06122449,/home/iris/PA/qsar_data_unsorted/data_CHEMBL5098.csv,,,
313,313,/Users/dangoo/My documents/PhD Research/Pairwise Approach/RP/qsar_data_unsorted/data_CHEMBL3575.csv,data_CHEMBL3575.csv,"(49, 71)",49,71,0.285714286,/home/iris/PA/qsar_data_unsorted/data_CHEMBL3575.csv,,,
727,727,/Users/dangoo/My documents/PhD Research/Pairwise Approach/RP/qsar_data_unsorted/data_CHEMBL2111363.csv,data_CHEMBL2111363.csv,"(49, 141)",49,141,0.040816327,/home/iris/PA/qsar_data_unsorted/data_CHEMBL2111363.csv,,,
771,771,/Users/dangoo/My documents/PhD Research/Pairwise Approach/RP/qsar_data_unsorted/data_CHEMBL4640.csv,data_CHEMBL4640.csv,"(49, 210)",49,210,0.469387755,/home/iris/PA/qsar_data_unsorted/data_CHEMBL4640.csv,,,
1239,1239,/Users/dangoo/My documents/PhD Research/Pairwise Approach/RP/qsar_data_unsorted/data_CHEMBL2576.csv,data_CHEMBL2576.csv,"(49, 70)",49,70,0.081632653,/home/iris/PA/qsar_data_unsorted/data_CHEMBL2576.csv,,,
1258,1258,/Users/dangoo/My documents/PhD Research/Pairwise Approach/RP/qsar_data_unsorted/data_CHEMBL4305.csv,data_CHEMBL4305.csv,"(49, 102)",49,102,0.12244898,/home/iris/PA/qsar_data_unsorted/data_CHEMBL4305.csv,,,
1319,1319,/Users/dangoo/My documents/PhD Research/Pairwise Approach/RP/qsar_data_unsorted/data_CHEMBL4264.csv,data_CHEMBL4264.csv,"(49, 74)",49,74,0.795918367,/home/iris/PA/qsar_data_unsorted/data_CHEMBL4264.csv,,,
1501,1501,/Users/dangoo/My documents/PhD Research/Pairwise Approach/RP/qsar_data_unsorted/data_CHEMBL3690.csv,data_CHEMBL3690.csv,"(49, 114)",49,114,0.142857143,/home/iris/PA/qsar_data_unsorted/data_CHEMBL3690.csv,,,
1670,1670,/Users/dangoo/My documents/PhD Research/Pairwise Approach/RP/qsar_data_unsorted/data_CHEMBL2109234.csv,data_CHEMBL2109234.csv,"(49, 168)",49,168,0.040816327,/home/iris/PA/qsar_data_unsorted/data_CHEMBL2109234.csv,,,
1773,1773,/Users/dangoo/My documents/PhD Research/Pairwise Approach/RP/qsar_data_unsorted/data_CHEMBL3150.csv,data_CHEMBL3150.csv,"(49, 48)",49,48,0.081632653,/home/iris/PA/qsar_data_unsorted/data_CHEMBL3150.csv,,,
1811,1811,/Users/dangoo/My documents/PhD Research/Pairwise Approach/RP/qsar_data_unsorted/data_CHEMBL4549.csv,data_CHEMBL4549.csv,"(49, 47)",49,47,0.06122449,/home/iris/PA/qsar_data_unsorted/data_CHEMBL4549.csv,,,
9,9,/Users/dangoo/My documents/PhD Research/Pairwise Approach/RP/qsar_data_unsorted/data_CHEMBL2899.csv,data_CHEMBL2899.csv,"(50, 56)",50,56,0.06,/home/iris/PA/qsar_data_unsorted/data_CHEMBL2899.csv,,,
548,548,/Users/dangoo/My documents/PhD Research/Pairwise Approach/RP/qsar_data_unsorted/data_CHEMBL1275223.csv,data_CHEMBL1275223.csv,"(50, 155)",50,155,0.62,/home/iris/PA/qsar_data_unsorted/data_CHEMBL1275223.csv,,,6136.csv
841,841,/Users/dangoo/My documents/PhD Research/Pairwise Approach/RP/qsar_data_unsorted/data_CHEMBL6136.csv,data_CHEMBL6136.csv,"(50, 108)",50,108,0.06,/home/iris/PA/qsar_data_unsorted/data_CHEMBL6136.csv,,,
844,844,/Users/dangoo/My documents/PhD Research/Pairwise Approach/RP/qsar_data_unsorted/data_CHEMBL5359.csv,data_CHEMBL5359.csv,"(50, 114)",50,114,0.04,/home/iris/PA/qsar_data_unsorted/data_CHEMBL5359.csv,,,
1325,1325,/Users/dangoo/My documents/PhD Research/Pairwise Approach/RP/qsar_data_unsorted/data_CHEMBL2111437.csv,data_CHEMBL2111437.csv,"(50, 110)",50,110,0.26,/home/iris/PA/qsar_data_unsorted/data_CHEMBL2111437.csv,,,3733.csv
1462,1462,/Users/dangoo/My documents/PhD Research/Pairwise Approach/RP/qsar_data_unsorted/data_CHEMBL2073676.csv,data_CHEMBL2073676.csv,"(50, 242)",50,242,0.04,/home/iris/PA/qsar_data_unsorted/data_CHEMBL2073676.csv,,,
1524,1524,/Users/dangoo/My documents/PhD Research/Pairwise Approach/RP/qsar_data_unsorted/data_CHEMBL3733.csv,data_CHEMBL3733.csv,"(50, 131)",50,131,0.04,/home/iris/PA/qsar_data_unsorted/data_CHEMBL3733.csv,,,
1531,1531,/Users/dangoo/My documents/PhD Research/Pairwise Approach/RP/qsar_data_unsorted/data_CHEMBL5626.csv,data_CHEMBL5626.csv,"(50, 62)",50,62,0.04,/home/iris/PA/qsar_data_unsorted/data_CHEMBL5626.csv,,,
1661,1661,/Users/dangoo/My documents/PhD Research/Pairwise Approach/RP/qsar_data_unsorted/data_CHEMBL2113.csv,data_CHEMBL2113.csv,"(50, 83)",50,83,0.14,/home/iris/PA/qsar_data_unsorted/data_CHEMBL2113.csv,,,
1729,1729,/Users/dangoo/My documents/PhD Research/Pairwise Approach/RP/qsar_data_unsorted/data_CHEMBL2107838.csv,data_CHEMBL2107838.csv,"(50, 111)",50,111,0.14,/home/iris/PA/qsar_data_unsorted/data_CHEMBL2107838.csv,,,
1756,1756,/Users/dangoo/My documents/PhD Research/Pairwise Approach/RP/qsar_data_unsorted/data_CHEMBL1075294.csv,data_CHEMBL1075294.csv,"(50, 124)",50,124,0.08,/home/iris/PA/qsar_data_unsorted/data_CHEMBL1075294.csv,,,
1869,1869,/Users/dangoo/My documents/PhD Research/Pairwise Approach/RP/qsar_data_unsorted/data_CHEMBL4411.csv,data_CHEMBL4411.csv,"(50, 129)",50,129,0.34,/home/iris/PA/qsar_data_unsorted/data_CHEMBL4411.csv,,,3461.csv
2001,2001,/Users/dangoo/My documents/PhD Research/Pairwise Approach/RP/qsar_data_unsorted/data_CHEMBL3194.csv,data_CHEMBL3194.csv,"(50, 78)",50,78,0.28,/home/iris/PA/qsar_data_unsorted/data_CHEMBL3194.csv,,,3666.csv
2018,2018,/Users/dangoo/My documents/PhD Research/Pairwise Approach/RP/qsar_data_unsorted/data_CHEMBL2095192.csv,data_CHEMBL2095192.csv,"(50, 118)",50,118,0.04,/home/iris/PA/qsar_data_unsorted/data_CHEMBL2095192.csv,,,
246,246,/Users/dangoo/My documents/PhD Research/Pairwise Approach/RP/qsar_data_unsorted/data_CHEMBL1681621.csv,data_CHEMBL1681621.csv,"(51, 166)",51,166,0.431372549,/home/iris/PA/qsar_data_unsorted/data_CHEMBL1681621.csv,,,3534.csv
273,273,/Users/dangoo/My documents/PhD Research/Pairwise Approach/RP/qsar_data_unsorted/data_CHEMBL3944.csv,data_CHEMBL3944.csv,"(51, 78)",51,78,0.039215686,/home/iris/PA/qsar_data_unsorted/data_CHEMBL3944.csv,,,
678,678,/Users/dangoo/My documents/PhD Research/Pairwise Approach/RP/qsar_data_unsorted/data_CHEMBL3461.csv,data_CHEMBL3461.csv,"(51, 72)",51,72,0.117647059,/home/iris/PA/qsar_data_unsorted/data_CHEMBL3461.csv,,,
1040,1040,/Users/dangoo/My documents/PhD Research/Pairwise Approach/RP/qsar_data_unsorted/data_CHEMBL3666.csv,data_CHEMBL3666.csv,"(51, 124)",51,124,0.078431373,/home/iris/PA/qsar_data_unsorted/data_CHEMBL3666.csv,,,
1123,1123,/Users/dangoo/My documents/PhD Research/Pairwise Approach/RP/qsar_data_unsorted/data_CHEMBL4676.csv,data_CHEMBL4676.csv,"(51, 66)",51,66,0.039215686,/home/iris/PA/qsar_data_unsorted/data_CHEMBL4676.csv,,,
1206,1206,/Users/dangoo/My documents/PhD Research/Pairwise Approach/RP/qsar_data_unsorted/data_CHEMBL3534.csv,data_CHEMBL3534.csv,"(51, 49)",51,49,0.058823529,/home/iris/PA/qsar_data_unsorted/data_CHEMBL3534.csv,,,
1227,1227,/Users/dangoo/My documents/PhD Research/Pairwise Approach/RP/qsar_data_unsorted/data_CHEMBL2096978.csv,data_CHEMBL2096978.csv,"(51, 121)",51,121,0.411764706,/home/iris/PA/qsar_data_unsorted/data_CHEMBL2096978.csv,,,2517.csv
1363,1363,/Users/dangoo/My documents/PhD Research/Pairwise Approach/RP/qsar_data_unsorted/data_CHEMBL4843.csv,data_CHEMBL4843.csv,"(51, 79)",51,79,0.039215686,/home/iris/PA/qsar_data_unsorted/data_CHEMBL4843.csv,,,
1453,1453,/Users/dangoo/My documents/PhD Research/Pairwise Approach/RP/qsar_data_unsorted/data_CHEMBL5223.csv,data_CHEMBL5223.csv,"(51, 83)",51,83,0.823529412,/home/iris/PA/qsar_data_unsorted/data_CHEMBL5223.csv,,,1347.csv
1488,1488,/Users/dangoo/My documents/PhD Research/Pairwise Approach/RP/qsar_data_unsorted/data_CHEMBL3492.csv,data_CHEMBL3492.csv,"(51, 125)",51,125,0.098039216,/home/iris/PA/qsar_data_unsorted/data_CHEMBL3492.csv,,,
1644,1644,/Users/dangoo/My documents/PhD Research/Pairwise Approach/RP/qsar_data_unsorted/data_CHEMBL4953.csv,data_CHEMBL4953.csv,"(51, 93)",51,93,0.176470588,/home/iris/PA/qsar_data_unsorted/data_CHEMBL4953.csv,,,3561.csv
164,164,/Users/dangoo/My documents/PhD Research/Pairwise Approach/RP/qsar_data_unsorted/data_CHEMBL5850.csv,data_CHEMBL5850.csv,"(52, 151)",52,151,0.038461538,/home/iris/PA/qsar_data_unsorted/data_CHEMBL5850.csv,,,
482,482,/Users/dangoo/My documents/PhD Research/Pairwise Approach/RP/qsar_data_unsorted/data_CHEMBL1921664.csv,data_CHEMBL1921664.csv,"(52, 73)",52,73,0.134615385,/home/iris/PA/qsar_data_unsorted/data_CHEMBL1921664.csv,,,
1404,1404,/Users/dangoo/My documents/PhD Research/Pairwise Approach/RP/qsar_data_unsorted/data_CHEMBL4117.csv,data_CHEMBL4117.csv,"(52, 96)",52,96,0.057692308,/home/iris/PA/qsar_data_unsorted/data_CHEMBL4117.csv,,,
1633,1633,/Users/dangoo/My documents/PhD Research/Pairwise Approach/RP/qsar_data_unsorted/data_CHEMBL2517.csv,data_CHEMBL2517.csv,"(52, 157)",52,157,0.134615385,/home/iris/PA/qsar_data_unsorted/data_CHEMBL2517.csv,,,
1682,1682,/Users/dangoo/My documents/PhD Research/Pairwise Approach/RP/qsar_data_unsorted/data_CHEMBL3596.csv,data_CHEMBL3596.csv,"(52, 66)",52,66,0.038461538,/home/iris/PA/qsar_data_unsorted/data_CHEMBL3596.csv,,,
1897,1897,/Users/dangoo/My documents/PhD Research/Pairwise Approach/RP/qsar_data_unsorted/data_CHEMBL1641347.csv,data_CHEMBL1641347.csv,"(52, 219)",52,219,0.038461538,/home/iris/PA/qsar_data_unsorted/data_CHEMBL1641347.csv,,,
31,31,/Users/dangoo/My documents/PhD Research/Pairwise Approach/RP/qsar_data_unsorted/data_CHEMBL3985.csv,data_CHEMBL3985.csv,"(53, 47)",53,47,0.169811321,/home/iris/PA/qsar_data_unsorted/data_CHEMBL3985.csv,,,2099.csv
58,58,/Users/dangoo/My documents/PhD Research/Pairwise Approach/RP/qsar_data_unsorted/data_CHEMBL1943.csv,data_CHEMBL1943.csv,"(53, 122)",53,122,0.075471698,/home/iris/PA/qsar_data_unsorted/data_CHEMBL1943.csv,,,
309,309,/Users/dangoo/My documents/PhD Research/Pairwise Approach/RP/qsar_data_unsorted/data_CHEMBL3561.csv,data_CHEMBL3561.csv,"(53, 94)",53,94,0.037735849,/home/iris/PA/qsar_data_unsorted/data_CHEMBL3561.csv,,,
314,314,/Users/dangoo/My documents/PhD Research/Pairwise Approach/RP/qsar_data_unsorted/data_CHEMBL4222.csv,data_CHEMBL4222.csv,"(53, 82)",53,82,0.056603774,/home/iris/PA/qsar_data_unsorted/data_CHEMBL4222.csv,,,
344,344,/Users/dangoo/My documents/PhD Research/Pairwise Approach/RP/qsar_data_unsorted/data_CHEMBL2189162.csv,data_CHEMBL2189162.csv,"(53, 66)",53,66,0.056603774,/home/iris/PA/qsar_data_unsorted/data_CHEMBL2189162.csv,,,
512,512,/Users/dangoo/My documents/PhD Research/Pairwise Approach/RP/qsar_data_unsorted/data_CHEMBL3189.csv,data_CHEMBL3189.csv,"(53, 103)",53,103,0.056603774,/home/iris/PA/qsar_data_unsorted/data_CHEMBL3189.csv,,,
761,761,/Users/dangoo/My documents/PhD Research/Pairwise Approach/RP/qsar_data_unsorted/data_CHEMBL3107.csv,data_CHEMBL3107.csv,"(53, 99)",53,99,0.056603774,/home/iris/PA/qsar_data_unsorted/data_CHEMBL3107.csv,,,
845,845,/Users/dangoo/My documents/PhD Research/Pairwise Approach/RP/qsar_data_unsorted/data_CHEMBL1961783.csv,data_CHEMBL1961783.csv,"(53, 104)",53,104,0.094339623,/home/iris/PA/qsar_data_unsorted/data_CHEMBL1961783.csv,,,
1000,1000,/Users/dangoo/My documents/PhD Research/Pairwise Approach/RP/qsar_data_unsorted/data_CHEMBL1772929.csv,data_CHEMBL1772929.csv,"(53, 96)",53,96,0.245283019,/home/iris/PA/qsar_data_unsorted/data_CHEMBL1772929.csv,,,5869.csv
1332,1332,/Users/dangoo/My documents/PhD Research/Pairwise Approach/RP/qsar_data_unsorted/data_CHEMBL4062.csv,data_CHEMBL4062.csv,"(53, 99)",53,99,0.037735849,/home/iris/PA/qsar_data_unsorted/data_CHEMBL4062.csv,,,
1602,1602,/Users/dangoo/My documents/PhD Research/Pairwise Approach/RP/qsar_data_unsorted/data_CHEMBL2099.csv,data_CHEMBL2099.csv,"(53, 88)",53,88,0.132075472,/home/iris/PA/qsar_data_unsorted/data_CHEMBL2099.csv,,,
1705,1705,/Users/dangoo/My documents/PhD Research/Pairwise Approach/RP/qsar_data_unsorted/data_CHEMBL1075108.csv,data_CHEMBL1075108.csv,"(53, 96)",53,96,0.132075472,/home/iris/PA/qsar_data_unsorted/data_CHEMBL1075108.csv,,,
1727,1727,/Users/dangoo/My documents/PhD Research/Pairwise Approach/RP/qsar_data_unsorted/data_CHEMBL4825.csv,data_CHEMBL4825.csv,"(53, 61)",53,61,0.037735849,/home/iris/PA/qsar_data_unsorted/data_CHEMBL4825.csv,,,
1999,1999,/Users/dangoo/My documents/PhD Research/Pairwise Approach/RP/qsar_data_unsorted/data_CHEMBL1973.csv,data_CHEMBL1973.csv,"(53, 107)",53,107,0.113207547,/home/iris/PA/qsar_data_unsorted/data_CHEMBL1973.csv,,,
22,22,/Users/dangoo/My documents/PhD Research/Pairwise Approach/RP/qsar_data_unsorted/data_CHEMBL3761.csv,data_CHEMBL3761.csv,"(54, 32)",54,32,0.074074074,/home/iris/PA/qsar_data_unsorted/data_CHEMBL3761.csv,,,
41,41,/Users/dangoo/My documents/PhD Research/Pairwise Approach/RP/qsar_data_unsorted/data_CHEMBL2096905.csv,data_CHEMBL2096905.csv,"(54, 140)",54,140,0.074074074,/home/iris/PA/qsar_data_unsorted/data_CHEMBL2096905.csv,,,
279,279,/Users/dangoo/My documents/PhD Research/Pairwise Approach/RP/qsar_data_unsorted/data_CHEMBL1809.csv,data_CHEMBL1809.csv,"(54, 99)",54,99,0.037037037,/home/iris/PA/qsar_data_unsorted/data_CHEMBL1809.csv,,,
295,295,/Users/dangoo/My documents/PhD Research/Pairwise Approach/RP/qsar_data_unsorted/data_CHEMBL5689.csv,data_CHEMBL5689.csv,"(54, 127)",54,127,0.055555556,/home/iris/PA/qsar_data_unsorted/data_CHEMBL5689.csv,,,
332,332,/Users/dangoo/My documents/PhD Research/Pairwise Approach/RP/qsar_data_unsorted/data_CHEMBL5869.csv,data_CHEMBL5869.csv,"(54, 90)",54,90,0.055555556,/home/iris/PA/qsar_data_unsorted/data_CHEMBL5869.csv,,,
370,370,/Users/dangoo/My documents/PhD Research/Pairwise Approach/RP/qsar_data_unsorted/data_CHEMBL4197.csv,data_CHEMBL4197.csv,"(54, 57)",54,57,0.111111111,/home/iris/PA/qsar_data_unsorted/data_CHEMBL4197.csv,,,
506,506,/Users/dangoo/My documents/PhD Research/Pairwise Approach/RP/qsar_data_unsorted/data_CHEMBL4619.csv,data_CHEMBL4619.csv,"(54, 162)",54,162,0.074074074,/home/iris/PA/qsar_data_unsorted/data_CHEMBL4619.csv,,,
681,681,/Users/dangoo/My documents/PhD Research/Pairwise Approach/RP/qsar_data_unsorted/data_CHEMBL5762.csv,data_CHEMBL5762.csv,"(54, 71)",54,71,1,/home/iris/PA/qsar_data_unsorted/data_CHEMBL5762.csv,,,3335.csv
945,945,/Users/dangoo/My documents/PhD Research/Pairwise Approach/RP/qsar_data_unsorted/data_CHEMBL5189.csv,data_CHEMBL5189.csv,"(54, 115)",54,115,0.018518519,/home/iris/PA/qsar_data_unsorted/data_CHEMBL5189.csv,,,
1253,1253,/Users/dangoo/My documents/PhD Research/Pairwise Approach/RP/qsar_data_unsorted/data_CHEMBL3456.csv,data_CHEMBL3456.csv,"(54, 121)",54,121,0.111111111,/home/iris/PA/qsar_data_unsorted/data_CHEMBL3456.csv,,,
1358,1358,/Users/dangoo/My documents/PhD Research/Pairwise Approach/RP/qsar_data_unsorted/data_CHEMBL1293296.csv,data_CHEMBL1293296.csv,"(54, 285)",54,285,0.62962963,/home/iris/PA/qsar_data_unsorted/data_CHEMBL1293296.csv,,,1971.csv
1422,1422,/Users/dangoo/My documents/PhD Research/Pairwise Approach/RP/qsar_data_unsorted/data_CHEMBL2111344.csv,data_CHEMBL2111344.csv,"(54, 76)",54,76,0.055555556,/home/iris/PA/qsar_data_unsorted/data_CHEMBL2111344.csv,,,
1594,1594,/Users/dangoo/My documents/PhD Research/Pairwise Approach/RP/qsar_data_unsorted/data_CHEMBL2072.csv,data_CHEMBL2072.csv,"(54, 91)",54,91,0.074074074,/home/iris/PA/qsar_data_unsorted/data_CHEMBL2072.csv,,,
1958,1958,/Users/dangoo/My documents/PhD Research/Pairwise Approach/RP/qsar_data_unsorted/data_CHEMBL2659.csv,data_CHEMBL2659.csv,"(54, 102)",54,102,0.074074074,/home/iris/PA/qsar_data_unsorted/data_CHEMBL2659.csv,,,
2058,2058,/Users/dangoo/My documents/PhD Research/Pairwise Approach/RP/qsar_data_unsorted/data_CHEMBL4163.csv,data_CHEMBL4163.csv,"(54, 114)",54,114,0.166666667,/home/iris/PA/qsar_data_unsorted/data_CHEMBL4163.csv,,,4931.csv
1232,1232,/Users/dangoo/My documents/PhD Research/Pairwise Approach/RP/qsar_data_unsorted/data_CHEMBL3640.csv,data_CHEMBL3640.csv,"(55, 88)",55,88,0.309090909,/home/iris/PA/qsar_data_unsorted/data_CHEMBL3640.csv,,,1393.csv
1467,1467,/Users/dangoo/My documents/PhD Research/Pairwise Approach/RP/qsar_data_unsorted/data_CHEMBL4840.csv,data_CHEMBL4840.csv,"(55, 125)",55,125,0.2,/home/iris/PA/qsar_data_unsorted/data_CHEMBL4840.csv,,,1910.csv
1562,1562,/Users/dangoo/My documents/PhD Research/Pairwise Approach/RP/qsar_data_unsorted/data_CHEMBL3754.csv,data_CHEMBL3754.csv,"(55, 132)",55,132,0.163636364,/home/iris/PA/qsar_data_unsorted/data_CHEMBL3754.csv,,,2514.csv
68,68,/Users/dangoo/My documents/PhD Research/Pairwise Approach/RP/qsar_data_unsorted/data_CHEMBL1641361.csv,data_CHEMBL1641361.csv,"(56, 6)",56,6,0.607142857,/home/iris/PA/qsar_data_unsorted/data_CHEMBL1641361.csv,,,5852.csv
157,157,/Users/dangoo/My documents/PhD Research/Pairwise Approach/RP/qsar_data_unsorted/data_CHEMBL2095943.csv,data_CHEMBL2095943.csv,"(56, 103)",56,103,0.035714286,/home/iris/PA/qsar_data_unsorted/data_CHEMBL2095943.csv,,,
323,323,/Users/dangoo/My documents/PhD Research/Pairwise Approach/RP/qsar_data_unsorted/data_CHEMBL5666.csv,data_CHEMBL5666.csv,"(56, 77)",56,77,0.035714286,/home/iris/PA/qsar_data_unsorted/data_CHEMBL5666.csv,,,
327,327,/Users/dangoo/My documents/PhD Research/Pairwise Approach/RP/qsar_data_unsorted/data_CHEMBL3565.csv,data_CHEMBL3565.csv,"(56, 94)",56,94,0.035714286,/home/iris/PA/qsar_data_unsorted/data_CHEMBL3565.csv,,,
621,621,/Users/dangoo/My documents/PhD Research/Pairwise Approach/RP/qsar_data_unsorted/data_CHEMBL612444.csv,data_CHEMBL612444.csv,"(56, 136)",56,136,0.428571429,/home/iris/PA/qsar_data_unsorted/data_CHEMBL612444.csv,,,3646.csv
736,736,/Users/dangoo/My documents/PhD Research/Pairwise Approach/RP/qsar_data_unsorted/data_CHEMBL3503.csv,data_CHEMBL3503.csv,"(56, 149)",56,149,0.25,/home/iris/PA/qsar_data_unsorted/data_CHEMBL3503.csv,,,3783.csv
812,812,/Users/dangoo/My documents/PhD Research/Pairwise Approach/RP/qsar_data_unsorted/data_CHEMBL2221347.csv,data_CHEMBL2221347.csv,"(56, 74)",56,74,0.232142857,/home/iris/PA/qsar_data_unsorted/data_CHEMBL2221347.csv,,,5440.csv
999,999,/Users/dangoo/My documents/PhD Research/Pairwise Approach/RP/qsar_data_unsorted/data_CHEMBL1744525.csv,data_CHEMBL1744525.csv,"(56, 125)",56,125,0.107142857,/home/iris/PA/qsar_data_unsorted/data_CHEMBL1744525.csv,,,
1039,1039,/Users/dangoo/My documents/PhD Research/Pairwise Approach/RP/qsar_data_unsorted/data_CHEMBL2578.csv,data_CHEMBL2578.csv,"(56, 64)",56,64,0.035714286,/home/iris/PA/qsar_data_unsorted/data_CHEMBL2578.csv,,,
1372,1372,/Users/dangoo/My documents/PhD Research/Pairwise Approach/RP/qsar_data_unsorted/data_CHEMBL3335.csv,data_CHEMBL3335.csv,"(56, 109)",56,109,0.053571429,/home/iris/PA/qsar_data_unsorted/data_CHEMBL3335.csv,,,
1556,1556,/Users/dangoo/My documents/PhD Research/Pairwise Approach/RP/qsar_data_unsorted/data_CHEMBL3740.csv,data_CHEMBL3740.csv,"(56, 112)",56,112,0.160714286,/home/iris/PA/qsar_data_unsorted/data_CHEMBL3740.csv,,,5162.csv
1626,1626,/Users/dangoo/My documents/PhD Research/Pairwise Approach/RP/qsar_data_unsorted/data_CHEMBL5293.csv,data_CHEMBL5293.csv,"(56, 125)",56,125,0.089285714,/home/iris/PA/qsar_data_unsorted/data_CHEMBL5293.csv,,,
1703,1703,/Users/dangoo/My documents/PhD Research/Pairwise Approach/RP/qsar_data_unsorted/data_CHEMBL3780.csv,data_CHEMBL3780.csv,"(56, 154)",56,154,0.071428571,/home/iris/PA/qsar_data_unsorted/data_CHEMBL3780.csv,,,
1910,1910,/Users/dangoo/My documents/PhD Research/Pairwise Approach/RP/qsar_data_unsorted/data_CHEMBL1971.csv,data_CHEMBL1971.csv,"(56, 95)",56,95,0.053571429,/home/iris/PA/qsar_data_unsorted/data_CHEMBL1971.csv,,,
57,57,/Users/dangoo/My documents/PhD Research/Pairwise Approach/RP/qsar_data_unsorted/data_CHEMBL4185.csv,data_CHEMBL4185.csv,"(57, 127)",57,127,0.473684211,/home/iris/PA/qsar_data_unsorted/data_CHEMBL4185.csv,,,3414.csv
150,150,/Users/dangoo/My documents/PhD Research/Pairwise Approach/RP/qsar_data_unsorted/data_CHEMBL3204.csv,data_CHEMBL3204.csv,"(57, 206)",57,206,0.210526316,/home/iris/PA/qsar_data_unsorted/data_CHEMBL3204.csv,,,2864.csv
155,155,/Users/dangoo/My documents/PhD Research/Pairwise Approach/RP/qsar_data_unsorted/data_CHEMBL2111464.csv,data_CHEMBL2111464.csv,"(57, 98)",57,98,0.298245614,/home/iris/PA/qsar_data_unsorted/data_CHEMBL2111464.csv,,,5129.csv
326,326,/Users/dangoo/My documents/PhD Research/Pairwise Approach/RP/qsar_data_unsorted/data_CHEMBL3203.csv,data_CHEMBL3203.csv,"(57, 106)",57,106,0.035087719,/home/iris/PA/qsar_data_unsorted/data_CHEMBL3203.csv,,,
831,831,/Users/dangoo/My documents/PhD Research/Pairwise Approach/RP/qsar_data_unsorted/data_CHEMBL5211.csv,data_CHEMBL5211.csv,"(57, 108)",57,108,0.035087719,/home/iris/PA/qsar_data_unsorted/data_CHEMBL5211.csv,,,
961,961,/Users/dangoo/My documents/PhD Research/Pairwise Approach/RP/qsar_data_unsorted/data_CHEMBL5174.csv,data_CHEMBL5174.csv,"(57, 148)",57,148,0.105263158,/home/iris/PA/qsar_data_unsorted/data_CHEMBL5174.csv,,,
1107,1107,/Users/dangoo/My documents/PhD Research/Pairwise Approach/RP/qsar_data_unsorted/data_CHEMBL4931.csv,data_CHEMBL4931.csv,"(57, 205)",57,205,0.087719298,/home/iris/PA/qsar_data_unsorted/data_CHEMBL4931.csv,,,
1378,1378,/Users/dangoo/My documents/PhD Research/Pairwise Approach/RP/qsar_data_unsorted/data_CHEMBL5786.csv,data_CHEMBL5786.csv,"(57, 77)",57,77,0.192982456,/home/iris/PA/qsar_data_unsorted/data_CHEMBL5786.csv,,,2982.csv
1418,1418,/Users/dangoo/My documents/PhD Research/Pairwise Approach/RP/qsar_data_unsorted/data_CHEMBL2111393.csv,data_CHEMBL2111393.csv,"(57, 110)",57,110,0.052631579,/home/iris/PA/qsar_data_unsorted/data_CHEMBL2111393.csv,,,
1463,1463,/Users/dangoo/My documents/PhD Research/Pairwise Approach/RP/qsar_data_unsorted/data_CHEMBL1910.csv,data_CHEMBL1910.csv,"(57, 155)",57,155,0.070175439,/home/iris/PA/qsar_data_unsorted/data_CHEMBL1910.csv,,,
1770,1770,/Users/dangoo/My documents/PhD Research/Pairwise Approach/RP/qsar_data_unsorted/data_CHEMBL2514.csv,data_CHEMBL2514.csv,"(57, 90)",57,90,0.035087719,/home/iris/PA/qsar_data_unsorted/data_CHEMBL2514.csv,,,
141,141,/Users/dangoo/My documents/PhD Research/Pairwise Approach/RP/qsar_data_unsorted/data_CHEMBL5852.csv,data_CHEMBL5852.csv,"(58, 101)",58,101,0.068965517,/home/iris/PA/qsar_data_unsorted/data_CHEMBL5852.csv,,,
303,303,/Users/dangoo/My documents/PhD Research/Pairwise Approach/RP/qsar_data_unsorted/data_CHEMBL5879.csv,data_CHEMBL5879.csv,"(58, 180)",58,180,0.034482759,/home/iris/PA/qsar_data_unsorted/data_CHEMBL5879.csv,,,
1036,1036,/Users/dangoo/My documents/PhD Research/Pairwise Approach/RP/qsar_data_unsorted/data_CHEMBL2593.csv,data_CHEMBL2593.csv,"(58, 139)",58,139,0.25862069,/home/iris/PA/qsar_data_unsorted/data_CHEMBL2593.csv,,,5027.csv
1050,1050,/Users/dangoo/My documents/PhD Research/Pairwise Approach/RP/qsar_data_unsorted/data_CHEMBL4647.csv,data_CHEMBL4647.csv,"(58, 104)",58,104,0.137931034,/home/iris/PA/qsar_data_unsorted/data_CHEMBL4647.csv,,,
1155,1155,/Users/dangoo/My documents/PhD Research/Pairwise Approach/RP/qsar_data_unsorted/data_CHEMBL1795167.csv,data_CHEMBL1795167.csv,"(58, 83)",58,83,0.068965517,/home/iris/PA/qsar_data_unsorted/data_CHEMBL1795167.csv,,,
1455,1455,/Users/dangoo/My documents/PhD Research/Pairwise Approach/RP/qsar_data_unsorted/data_CHEMBL5545.csv,data_CHEMBL5545.csv,"(58, 98)",58,98,0.448275862,/home/iris/PA/qsar_data_unsorted/data_CHEMBL5545.csv,,,6165.csv
1458,1458,/Users/dangoo/My documents/PhD Research/Pairwise Approach/RP/qsar_data_unsorted/data_CHEMBL3646.csv,data_CHEMBL3646.csv,"(58, 134)",58,134,0.086206897,/home/iris/PA/qsar_data_unsorted/data_CHEMBL3646.csv,,,
1570,1570,/Users/dangoo/My documents/PhD Research/Pairwise Approach/RP/qsar_data_unsorted/data_CHEMBL3783.csv,data_CHEMBL3783.csv,"(58, 101)",58,101,0.103448276,/home/iris/PA/qsar_data_unsorted/data_CHEMBL3783.csv,,,
1691,1691,/Users/dangoo/My documents/PhD Research/Pairwise Approach/RP/qsar_data_unsorted/data_CHEMBL5440.csv,data_CHEMBL5440.csv,"(58, 104)",58,104,0.068965517,/home/iris/PA/qsar_data_unsorted/data_CHEMBL5440.csv,,,
2082,2082,/Users/dangoo/My documents/PhD Research/Pairwise Approach/RP/qsar_data_unsorted/data_CHEMBL5862.csv,data_CHEMBL5862.csv,"(58, 100)",58,100,0.25862069,/home/iris/PA/qsar_data_unsorted/data_CHEMBL5862.csv,,,3676.csv
86,86,/Users/dangoo/My documents/PhD Research/Pairwise Approach/RP/qsar_data_unsorted/data_CHEMBL4386.csv,data_CHEMBL4386.csv,"(59, 99)",59,99,0.050847458,/home/iris/PA/qsar_data_unsorted/data_CHEMBL4386.csv,,,
146,146,/Users/dangoo/My documents/PhD Research/Pairwise Approach/RP/qsar_data_unsorted/data_CHEMBL5891.csv,data_CHEMBL5891.csv,"(59, 179)",59,179,0.169491525,/home/iris/PA/qsar_data_unsorted/data_CHEMBL5891.csv,,,2552.csv
377,377,/Users/dangoo/My documents/PhD Research/Pairwise Approach/RP/qsar_data_unsorted/data_CHEMBL3439.csv,data_CHEMBL3439.csv,"(59, 71)",59,71,0.033898305,/home/iris/PA/qsar_data_unsorted/data_CHEMBL3439.csv,,,
417,417,/Users/dangoo/My documents/PhD Research/Pairwise Approach/RP/qsar_data_unsorted/data_CHEMBL2518.csv,data_CHEMBL2518.csv,"(59, 241)",59,241,0.288135593,/home/iris/PA/qsar_data_unsorted/data_CHEMBL2518.csv,,,6044.csv
597,597,/Users/dangoo/My documents/PhD Research/Pairwise Approach/RP/qsar_data_unsorted/data_CHEMBL327.csv,data_CHEMBL327.csv,"(59, 206)",59,206,0.220338983,/home/iris/PA/qsar_data_unsorted/data_CHEMBL327.csv,,,3309.csv
635,635,/Users/dangoo/My documents/PhD Research/Pairwise Approach/RP/qsar_data_unsorted/data_CHEMBL4092.csv,data_CHEMBL4092.csv,"(59, 132)",59,132,0.254237288,/home/iris/PA/qsar_data_unsorted/data_CHEMBL4092.csv,,,3041.csv
742,742,/Users/dangoo/My documents/PhD Research/Pairwise Approach/RP/qsar_data_unsorted/data_CHEMBL2111407.csv,data_CHEMBL2111407.csv,"(59, 138)",59,138,0.033898305,/home/iris/PA/qsar_data_unsorted/data_CHEMBL2111407.csv,,,
949,949,/Users/dangoo/My documents/PhD Research/Pairwise Approach/RP/qsar_data_unsorted/data_CHEMBL5162.csv,data_CHEMBL5162.csv,"(59, 104)",59,104,0.050847458,/home/iris/PA/qsar_data_unsorted/data_CHEMBL5162.csv,,,
1277,1277,/Users/dangoo/My documents/PhD Research/Pairwise Approach/RP/qsar_data_unsorted/data_CHEMBL3872.csv,data_CHEMBL3872.csv,"(59, 119)",59,119,0.237288136,/home/iris/PA/qsar_data_unsorted/data_CHEMBL3872.csv,,,6970.csv
1306,1306,/Users/dangoo/My documents/PhD Research/Pairwise Approach/RP/qsar_data_unsorted/data_CHEMBL3709.csv,data_CHEMBL3709.csv,"(59, 67)",59,67,0.203389831,/home/iris/PA/qsar_data_unsorted/data_CHEMBL3709.csv,,,4730.csv
1433,1433,/Users/dangoo/My documents/PhD Research/Pairwise Approach/RP/qsar_data_unsorted/data_CHEMBL2111385.csv,data_CHEMBL2111385.csv,"(59, 122)",59,122,0.033898305,/home/iris/PA/qsar_data_unsorted/data_CHEMBL2111385.csv,,,
1502,1502,/Users/dangoo/My documents/PhD Research/Pairwise Approach/RP/qsar_data_unsorted/data_CHEMBL2069161.csv,data_CHEMBL2069161.csv,"(59, 125)",59,125,0.118644068,/home/iris/PA/qsar_data_unsorted/data_CHEMBL2069161.csv,,,
1851,1851,/Users/dangoo/My documents/PhD Research/Pairwise Approach/RP/qsar_data_unsorted/data_CHEMBL4613.csv,data_CHEMBL4613.csv,"(59, 171)",59,171,0.033898305,/home/iris/PA/qsar_data_unsorted/data_CHEMBL4613.csv,,,
216,216,/Users/dangoo/My documents/PhD Research/Pairwise Approach/RP/qsar_data_unsorted/data_CHEMBL3414.csv,data_CHEMBL3414.csv,"(60, 95)",60,95,0.066666667,/home/iris/PA/qsar_data_unsorted/data_CHEMBL3414.csv,,,
299,299,/Users/dangoo/My documents/PhD Research/Pairwise Approach/RP/qsar_data_unsorted/data_CHEMBL2864.csv,data_CHEMBL2864.csv,"(60, 117)",60,117,0.033333333,/home/iris/PA/qsar_data_unsorted/data_CHEMBL2864.csv,,,
461,461,/Users/dangoo/My documents/PhD Research/Pairwise Approach/RP/qsar_data_unsorted/data_CHEMBL5129.csv,data_CHEMBL5129.csv,"(60, 171)",60,171,0.15,/home/iris/PA/qsar_data_unsorted/data_CHEMBL5129.csv,,,
522,522,/Users/dangoo/My documents/PhD Research/Pairwise Approach/RP/qsar_data_unsorted/data_CHEMBL3348.csv,data_CHEMBL3348.csv,"(60, 45)",60,45,0.25,/home/iris/PA/qsar_data_unsorted/data_CHEMBL3348.csv,,,4983.csv
552,552,/Users/dangoo/My documents/PhD Research/Pairwise Approach/RP/qsar_data_unsorted/data_CHEMBL5062.csv,data_CHEMBL5062.csv,"(60, 171)",60,171,0.033333333,/home/iris/PA/qsar_data_unsorted/data_CHEMBL5062.csv,,,
856,856,/Users/dangoo/My documents/PhD Research/Pairwise Approach/RP/qsar_data_unsorted/data_CHEMBL3516.csv,data_CHEMBL3516.csv,"(60, 106)",60,106,0.216666667,/home/iris/PA/qsar_data_unsorted/data_CHEMBL3516.csv,,,4632.csv
859,859,/Users/dangoo/My documents/PhD Research/Pairwise Approach/RP/qsar_data_unsorted/data_CHEMBL4241.csv,data_CHEMBL4241.csv,"(60, 114)",60,114,0.033333333,/home/iris/PA/qsar_data_unsorted/data_CHEMBL4241.csv,,,
966,966,/Users/dangoo/My documents/PhD Research/Pairwise Approach/RP/qsar_data_unsorted/data_CHEMBL4518.csv,data_CHEMBL4518.csv,"(60, 85)",60,85,0.033333333,/home/iris/PA/qsar_data_unsorted/data_CHEMBL4518.csv,,,
1215,1215,/Users/dangoo/My documents/PhD Research/Pairwise Approach/RP/qsar_data_unsorted/data_CHEMBL2111354.csv,data_CHEMBL2111354.csv,"(60, 128)",60,128,0.166666667,/home/iris/PA/qsar_data_unsorted/data_CHEMBL2111354.csv,,,3855.csv
1407,1407,/Users/dangoo/My documents/PhD Research/Pairwise Approach/RP/qsar_data_unsorted/data_CHEMBL4088.csv,data_CHEMBL4088.csv,"(60, 131)",60,131,0.05,/home/iris/PA/qsar_data_unsorted/data_CHEMBL4088.csv,,,
1478,1478,/Users/dangoo/My documents/PhD Research/Pairwise Approach/RP/qsar_data_unsorted/data_CHEMBL2982.csv,data_CHEMBL2982.csv,"(60, 45)",60,45,0.033333333,/home/iris/PA/qsar_data_unsorted/data_CHEMBL2982.csv,,,
1643,1643,/Users/dangoo/My documents/PhD Research/Pairwise Approach/RP/qsar_data_unsorted/data_CHEMBL3782.csv,data_CHEMBL3782.csv,"(60, 133)",60,133,0.45,/home/iris/PA/qsar_data_unsorted/data_CHEMBL3782.csv,,,L266.csv
1779,1779,/Users/dangoo/My documents/PhD Research/Pairwise Approach/RP/qsar_data_unsorted/data_CHEMBL3965.csv,data_CHEMBL3965.csv,"(60, 98)",60,98,0.05,/home/iris/PA/qsar_data_unsorted/data_CHEMBL3965.csv,,,
1871,1871,/Users/dangoo/My documents/PhD Research/Pairwise Approach/RP/qsar_data_unsorted/data_CHEMBL1075284.csv,data_CHEMBL1075284.csv,"(60, 153)",60,153,0.15,/home/iris/PA/qsar_data_unsorted/data_CHEMBL1075284.csv,,,
388,388,/Users/dangoo/My documents/PhD Research/Pairwise Approach/RP/qsar_data_unsorted/data_CHEMBL3363.csv,data_CHEMBL3363.csv,"(61, 138)",61,138,0.901639344,/home/iris/PA/qsar_data_unsorted/data_CHEMBL3363.csv,,,4654.csv
531,531,/Users/dangoo/My documents/PhD Research/Pairwise Approach/RP/qsar_data_unsorted/data_CHEMBL5705.csv,data_CHEMBL5705.csv,"(61, 128)",61,128,0.032786885,/home/iris/PA/qsar_data_unsorted/data_CHEMBL5705.csv,,,
707,707,/Users/dangoo/My documents/PhD Research/Pairwise Approach/RP/qsar_data_unsorted/data_CHEMBL3918.csv,data_CHEMBL3918.csv,"(61, 227)",61,227,0.180327869,/home/iris/PA/qsar_data_unsorted/data_CHEMBL3918.csv,,,2616.csv
938,938,/Users/dangoo/My documents/PhD Research/Pairwise Approach/RP/qsar_data_unsorted/data_CHEMBL5412.csv,data_CHEMBL5412.csv,"(61, 147)",61,147,0.032786885,/home/iris/PA/qsar_data_unsorted/data_CHEMBL5412.csv,,,
989,989,/Users/dangoo/My documents/PhD Research/Pairwise Approach/RP/qsar_data_unsorted/data_CHEMBL3840.csv,data_CHEMBL3840.csv,"(61, 95)",61,95,0.180327869,/home/iris/PA/qsar_data_unsorted/data_CHEMBL3840.csv,,,2528.csv
1243,1243,/Users/dangoo/My documents/PhD Research/Pairwise Approach/RP/qsar_data_unsorted/data_CHEMBL1907591.csv,data_CHEMBL1907591.csv,"(61, 178)",61,178,0.114754098,/home/iris/PA/qsar_data_unsorted/data_CHEMBL1907591.csv,,,
1252,1252,/Users/dangoo/My documents/PhD Research/Pairwise Approach/RP/qsar_data_unsorted/data_CHEMBL5027.csv,data_CHEMBL5027.csv,"(61, 110)",61,110,0.049180328,/home/iris/PA/qsar_data_unsorted/data_CHEMBL5027.csv,,,
1513,1513,/Users/dangoo/My documents/PhD Research/Pairwise Approach/RP/qsar_data_unsorted/data_CHEMBL4114.csv,data_CHEMBL4114.csv,"(61, 147)",61,147,0.032786885,/home/iris/PA/qsar_data_unsorted/data_CHEMBL4114.csv,,,
1577,1577,/Users/dangoo/My documents/PhD Research/Pairwise Approach/RP/qsar_data_unsorted/data_CHEMBL2096663.csv,data_CHEMBL2096663.csv,"(61, 103)",61,103,0.032786885,/home/iris/PA/qsar_data_unsorted/data_CHEMBL2096663.csv,,,
1936,1936,/Users/dangoo/My documents/PhD Research/Pairwise Approach/RP/qsar_data_unsorted/data_CHEMBL6165.csv,data_CHEMBL6165.csv,"(61, 59)",61,59,0.032786885,/home/iris/PA/qsar_data_unsorted/data_CHEMBL6165.csv,,,
194,194,/Users/dangoo/My documents/PhD Research/Pairwise Approach/RP/qsar_data_unsorted/data_CHEMBL2246.csv,data_CHEMBL2246.csv,"(62, 114)",62,114,0.096774194,/home/iris/PA/qsar_data_unsorted/data_CHEMBL2246.csv,,,
250,250,/Users/dangoo/My documents/PhD Research/Pairwise Approach/RP/qsar_data_unsorted/data_CHEMBL3373.csv,data_CHEMBL3373.csv,"(62, 111)",62,111,0.032258065,/home/iris/PA/qsar_data_unsorted/data_CHEMBL3373.csv,,,
278,278,/Users/dangoo/My documents/PhD Research/Pairwise Approach/RP/qsar_data_unsorted/data_CHEMBL4959.csv,data_CHEMBL4959.csv,"(62, 151)",62,151,0.322580645,/home/iris/PA/qsar_data_unsorted/data_CHEMBL4959.csv,,,2063.csv
334,334,/Users/dangoo/My documents/PhD Research/Pairwise Approach/RP/qsar_data_unsorted/data_CHEMBL2860.csv,data_CHEMBL2860.csv,"(62, 119)",62,119,0.064516129,/home/iris/PA/qsar_data_unsorted/data_CHEMBL2860.csv,,,
640,640,/Users/dangoo/My documents/PhD Research/Pairwise Approach/RP/qsar_data_unsorted/data_CHEMBL3676.csv,data_CHEMBL3676.csv,"(62, 125)",62,125,0.112903226,/home/iris/PA/qsar_data_unsorted/data_CHEMBL3676.csv,,,
659,659,/Users/dangoo/My documents/PhD Research/Pairwise Approach/RP/qsar_data_unsorted/data_CHEMBL2024.csv,data_CHEMBL2024.csv,"(62, 133)",62,133,0.048387097,/home/iris/PA/qsar_data_unsorted/data_CHEMBL2024.csv,,,
882,882,/Users/dangoo/My documents/PhD Research/Pairwise Approach/RP/qsar_data_unsorted/data_CHEMBL2552.csv,data_CHEMBL2552.csv,"(62, 201)",62,201,0.048387097,/home/iris/PA/qsar_data_unsorted/data_CHEMBL2552.csv,,,
915,915,/Users/dangoo/My documents/PhD Research/Pairwise Approach/RP/qsar_data_unsorted/data_CHEMBL4877.csv,data_CHEMBL4877.csv,"(62, 234)",62,234,0.516129032,/home/iris/PA/qsar_data_unsorted/data_CHEMBL4877.csv,,,5035.csv
986,986,/Users/dangoo/My documents/PhD Research/Pairwise Approach/RP/qsar_data_unsorted/data_CHEMBL2592.csv,data_CHEMBL2592.csv,"(62, 206)",62,206,0.096774194,/home/iris/PA/qsar_data_unsorted/data_CHEMBL2592.csv,,,
1043,1043,/Users/dangoo/My documents/PhD Research/Pairwise Approach/RP/qsar_data_unsorted/data_CHEMBL6044.csv,data_CHEMBL6044.csv,"(62, 140)",62,140,0.080645161,/home/iris/PA/qsar_data_unsorted/data_CHEMBL6044.csv,,,
1151,1151,/Users/dangoo/My documents/PhD Research/Pairwise Approach/RP/qsar_data_unsorted/data_CHEMBL4461.csv,data_CHEMBL4461.csv,"(62, 159)",62,159,0.193548387,/home/iris/PA/qsar_data_unsorted/data_CHEMBL4461.csv,,,4401.csv
1369,1369,/Users/dangoo/My documents/PhD Research/Pairwise Approach/RP/qsar_data_unsorted/data_CHEMBL3309.csv,data_CHEMBL3309.csv,"(62, 88)",62,88,0.112903226,/home/iris/PA/qsar_data_unsorted/data_CHEMBL3309.csv,,,
1526,1526,/Users/dangoo/My documents/PhD Research/Pairwise Approach/RP/qsar_data_unsorted/data_CHEMBL3041.csv,data_CHEMBL3041.csv,"(62, 129)",62,129,0.032258065,/home/iris/PA/qsar_data_unsorted/data_CHEMBL3041.csv,,,
1537,1537,/Users/dangoo/My documents/PhD Research/Pairwise Approach/RP/qsar_data_unsorted/data_CHEMBL2111421.csv,data_CHEMBL2111421.csv,"(62, 130)",62,130,0.177419355,/home/iris/PA/qsar_data_unsorted/data_CHEMBL2111421.csv,,,3513.csv
1716,1716,/Users/dangoo/My documents/PhD Research/Pairwise Approach/RP/qsar_data_unsorted/data_CHEMBL3637.csv,data_CHEMBL3637.csv,"(62, 153)",62,153,0.080645161,/home/iris/PA/qsar_data_unsorted/data_CHEMBL3637.csv,,,
175,175,/Users/dangoo/My documents/PhD Research/Pairwise Approach/RP/qsar_data_unsorted/data_CHEMBL6154.csv,data_CHEMBL6154.csv,"(63, 144)",63,144,0.095238095,/home/iris/PA/qsar_data_unsorted/data_CHEMBL6154.csv,,,
272,272,/Users/dangoo/My documents/PhD Research/Pairwise Approach/RP/qsar_data_unsorted/data_CHEMBL2096907.csv,data_CHEMBL2096907.csv,"(63, 153)",63,153,0.650793651,/home/iris/PA/qsar_data_unsorted/data_CHEMBL2096907.csv,,,3457.csv
819,819,/Users/dangoo/My documents/PhD Research/Pairwise Approach/RP/qsar_data_unsorted/data_CHEMBL1293258.csv,data_CHEMBL1293258.csv,"(63, 215)",63,215,0.158730159,/home/iris/PA/qsar_data_unsorted/data_CHEMBL1293258.csv,,,6032.csv
836,836,/Users/dangoo/My documents/PhD Research/Pairwise Approach/RP/qsar_data_unsorted/data_CHEMBL2096970.csv,data_CHEMBL2096970.csv,"(63, 128)",63,128,0.063492063,/home/iris/PA/qsar_data_unsorted/data_CHEMBL2096970.csv,,,
942,942,/Users/dangoo/My documents/PhD Research/Pairwise Approach/RP/qsar_data_unsorted/data_CHEMBL4730.csv,data_CHEMBL4730.csv,"(63, 166)",63,166,0.142857143,/home/iris/PA/qsar_data_unsorted/data_CHEMBL4730.csv,,,
1337,1337,/Users/dangoo/My documents/PhD Research/Pairwise Approach/RP/qsar_data_unsorted/data_CHEMBL1743122.csv,data_CHEMBL1743122.csv,"(63, 313)",63,313,0.031746032,/home/iris/PA/qsar_data_unsorted/data_CHEMBL1743122.csv,,,
1376,1376,/Users/dangoo/My documents/PhD Research/Pairwise Approach/RP/qsar_data_unsorted/data_CHEMBL1255164.csv,data_CHEMBL1255164.csv,"(63, 72)",63,72,0.079365079,/home/iris/PA/qsar_data_unsorted/data_CHEMBL1255164.csv,,,
1405,1405,/Users/dangoo/My documents/PhD Research/Pairwise Approach/RP/qsar_data_unsorted/data_CHEMBL2200.csv,data_CHEMBL2200.csv,"(63, 134)",63,134,0.063492063,/home/iris/PA/qsar_data_unsorted/data_CHEMBL2200.csv,,,
1441,1441,/Users/dangoo/My documents/PhD Research/Pairwise Approach/RP/qsar_data_unsorted/data_CHEMBL5419.csv,data_CHEMBL5419.csv,"(63, 133)",63,133,0.095238095,/home/iris/PA/qsar_data_unsorted/data_CHEMBL5419.csv,,,
1672,1672,/Users/dangoo/My documents/PhD Research/Pairwise Approach/RP/qsar_data_unsorted/data_CHEMBL3541.csv,data_CHEMBL3541.csv,"(63, 92)",63,92,0.031746032,/home/iris/PA/qsar_data_unsorted/data_CHEMBL3541.csv,,,
1815,1815,/Users/dangoo/My documents/PhD Research/Pairwise Approach/RP/qsar_data_unsorted/data_CHEMBL2111332.csv,data_CHEMBL2111332.csv,"(63, 161)",63,161,0.079365079,/home/iris/PA/qsar_data_unsorted/data_CHEMBL2111332.csv,,,
1836,1836,/Users/dangoo/My documents/PhD Research/Pairwise Approach/RP/qsar_data_unsorted/data_CHEMBL4983.csv,data_CHEMBL4983.csv,"(63, 141)",63,141,0.031746032,/home/iris/PA/qsar_data_unsorted/data_CHEMBL4983.csv,,,
1913,1913,/Users/dangoo/My documents/PhD Research/Pairwise Approach/RP/qsar_data_unsorted/data_CHEMBL5524.csv,data_CHEMBL5524.csv,"(63, 235)",63,235,0.174603175,/home/iris/PA/qsar_data_unsorted/data_CHEMBL5524.csv,,,3028.csv
2056,2056,/Users/dangoo/My documents/PhD Research/Pairwise Approach/RP/qsar_data_unsorted/data_CHEMBL4605.csv,data_CHEMBL4605.csv,"(63, 115)",63,115,0.158730159,/home/iris/PA/qsar_data_unsorted/data_CHEMBL4605.csv,,,5360.csv
225,225,/Users/dangoo/My documents/PhD Research/Pairwise Approach/RP/qsar_data_unsorted/data_CHEMBL2111289.csv,data_CHEMBL2111289.csv,"(64, 173)",64,173,0.140625,/home/iris/PA/qsar_data_unsorted/data_CHEMBL2111289.csv,,,
358,358,/Users/dangoo/My documents/PhD Research/Pairwise Approach/RP/qsar_data_unsorted/data_CHEMBL4632.csv,data_CHEMBL4632.csv,"(64, 89)",64,89,0.03125,/home/iris/PA/qsar_data_unsorted/data_CHEMBL4632.csv,,,
711,711,/Users/dangoo/My documents/PhD Research/Pairwise Approach/RP/qsar_data_unsorted/data_CHEMBL4736.csv,data_CHEMBL4736.csv,"(64, 118)",64,118,0.078125,/home/iris/PA/qsar_data_unsorted/data_CHEMBL4736.csv,,,
798,798,/Users/dangoo/My documents/PhD Research/Pairwise Approach/RP/qsar_data_unsorted/data_CHEMBL1795186.csv,data_CHEMBL1795186.csv,"(64, 133)",64,133,0.0625,/home/iris/PA/qsar_data_unsorted/data_CHEMBL1795186.csv,,,
1037,1037,/Users/dangoo/My documents/PhD Research/Pairwise Approach/RP/qsar_data_unsorted/data_CHEMBL3855.csv,data_CHEMBL3855.csv,"(64, 102)",64,102,0.09375,/home/iris/PA/qsar_data_unsorted/data_CHEMBL3855.csv,,,
1175,1175,/Users/dangoo/My documents/PhD Research/Pairwise Approach/RP/qsar_data_unsorted/data_CHEMBL2548.csv,data_CHEMBL2548.csv,"(64, 147)",64,147,0.1875,/home/iris/PA/qsar_data_unsorted/data_CHEMBL2548.csv,,,5517.csv
1293,1293,/Users/dangoo/My documents/PhD Research/Pairwise Approach/RP/qsar_data_unsorted/data_CHEMBL4884.csv,data_CHEMBL4884.csv,"(64, 195)",64,195,0.09375,/home/iris/PA/qsar_data_unsorted/data_CHEMBL4884.csv,,,
1873,1873,/Users/dangoo/My documents/PhD Research/Pairwise Approach/RP/qsar_data_unsorted/data_CHEMBL1795117.csv,data_CHEMBL1795117.csv,"(64, 143)",64,143,0.296875,/home/iris/PA/qsar_data_unsorted/data_CHEMBL1795117.csv,,,3367.csv
2020,2020,/Users/dangoo/My documents/PhD Research/Pairwise Approach/RP/qsar_data_unsorted/data_CHEMBL2088.csv,data_CHEMBL2088.csv,"(64, 107)",64,107,0.0625,/home/iris/PA/qsar_data_unsorted/data_CHEMBL2088.csv,,,
2027,2027,/Users/dangoo/My documents/PhD Research/Pairwise Approach/RP/qsar_data_unsorted/data_CHEMBL266.csv,data_CHEMBL266.csv,"(64, 199)",64,199,0.0625,/home/iris/PA/qsar_data_unsorted/data_CHEMBL266.csv,,,
2060,2060,/Users/dangoo/My documents/PhD Research/Pairwise Approach/RP/qsar_data_unsorted/data_CHEMBL4956.csv,data_CHEMBL4956.csv,"(64, 172)",64,172,0.03125,/home/iris/PA/qsar_data_unsorted/data_CHEMBL4956.csv,,,
2069,2069,/Users/dangoo/My documents/PhD Research/Pairwise Approach/RP/qsar_data_unsorted/data_CHEMBL3744.csv,data_CHEMBL3744.csv,"(64, 161)",64,161,0.15625,/home/iris/PA/qsar_data_unsorted/data_CHEMBL3744.csv,,,4720.csv
748,748,/Users/dangoo/My documents/PhD Research/Pairwise Approach/RP/qsar_data_unsorted/data_CHEMBL3067.csv,data_CHEMBL3067.csv,"(65, 159)",65,159,0.061538462,/home/iris/PA/qsar_data_unsorted/data_CHEMBL3067.csv,,,
764,764,/Users/dangoo/My documents/PhD Research/Pairwise Approach/RP/qsar_data_unsorted/data_CHEMBL4654.csv,data_CHEMBL4654.csv,"(65, 94)",65,94,0.092307692,/home/iris/PA/qsar_data_unsorted/data_CHEMBL4654.csv,,,
865,865,/Users/dangoo/My documents/PhD Research/Pairwise Approach/RP/qsar_data_unsorted/data_CHEMBL1770046.csv,data_CHEMBL1770046.csv,"(65, 105)",65,105,0.030769231,/home/iris/PA/qsar_data_unsorted/data_CHEMBL1770046.csv,,,
1199,1199,/Users/dangoo/My documents/PhD Research/Pairwise Approach/RP/qsar_data_unsorted/data_CHEMBL2616.csv,data_CHEMBL2616.csv,"(65, 161)",65,161,0.076923077,/home/iris/PA/qsar_data_unsorted/data_CHEMBL2616.csv,,,
1299,1299,/Users/dangoo/My documents/PhD Research/Pairwise Approach/RP/qsar_data_unsorted/data_CHEMBL2096979.csv,data_CHEMBL2096979.csv,"(65, 179)",65,179,0.030769231,/home/iris/PA/qsar_data_unsorted/data_CHEMBL2096979.csv,,,
1568,1568,/Users/dangoo/My documents/PhD Research/Pairwise Approach/RP/qsar_data_unsorted/data_CHEMBL2476.csv,data_CHEMBL2476.csv,"(65, 106)",65,106,0.246153846,/home/iris/PA/qsar_data_unsorted/data_CHEMBL2476.csv,,,7622.csv
1578,1578,/Users/dangoo/My documents/PhD Research/Pairwise Approach/RP/qsar_data_unsorted/data_CHEMBL3608.csv,data_CHEMBL3608.csv,"(65, 173)",65,173,0.184615385,/home/iris/PA/qsar_data_unsorted/data_CHEMBL3608.csv,,,3415.csv
1593,1593,/Users/dangoo/My documents/PhD Research/Pairwise Approach/RP/qsar_data_unsorted/data_CHEMBL3344.csv,data_CHEMBL3344.csv,"(65, 135)",65,135,0.2,/home/iris/PA/qsar_data_unsorted/data_CHEMBL3344.csv,,,1459.csv
1718,1718,/Users/dangoo/My documents/PhD Research/Pairwise Approach/RP/qsar_data_unsorted/data_CHEMBL2501.csv,data_CHEMBL2501.csv,"(65, 167)",65,167,0.4,/home/iris/PA/qsar_data_unsorted/data_CHEMBL2501.csv,,,1613.csv
1774,1774,/Users/dangoo/My documents/PhD Research/Pairwise Approach/RP/qsar_data_unsorted/data_CHEMBL2528.csv,data_CHEMBL2528.csv,"(65, 122)",65,122,0.046153846,/home/iris/PA/qsar_data_unsorted/data_CHEMBL2528.csv,,,
1941,1941,/Users/dangoo/My documents/PhD Research/Pairwise Approach/RP/qsar_data_unsorted/data_CHEMBL3592.csv,data_CHEMBL3592.csv,"(65, 127)",65,127,0.061538462,/home/iris/PA/qsar_data_unsorted/data_CHEMBL3592.csv,,,
234,234,/Users/dangoo/My documents/PhD Research/Pairwise Approach/RP/qsar_data_unsorted/data_CHEMBL4391.csv,data_CHEMBL4391.csv,"(66, 109)",66,109,0.272727273,/home/iris/PA/qsar_data_unsorted/data_CHEMBL4391.csv,,,5685.csv
265,265,/Users/dangoo/My documents/PhD Research/Pairwise Approach/RP/qsar_data_unsorted/data_CHEMBL2253.csv,data_CHEMBL2253.csv,"(66, 56)",66,56,0.060606061,/home/iris/PA/qsar_data_unsorted/data_CHEMBL2253.csv,,,
298,298,/Users/dangoo/My documents/PhD Research/Pairwise Approach/RP/qsar_data_unsorted/data_CHEMBL5845.csv,data_CHEMBL5845.csv,"(66, 174)",66,174,0.666666667,/home/iris/PA/qsar_data_unsorted/data_CHEMBL5845.csv,,,4081.csv
459,459,/Users/dangoo/My documents/PhD Research/Pairwise Approach/RP/qsar_data_unsorted/data_CHEMBL2120.csv,data_CHEMBL2120.csv,"(66, 127)",66,127,0.045454545,/home/iris/PA/qsar_data_unsorted/data_CHEMBL2120.csv,,,
625,625,/Users/dangoo/My documents/PhD Research/Pairwise Approach/RP/qsar_data_unsorted/data_CHEMBL4079.csv,data_CHEMBL4079.csv,"(66, 248)",66,248,0.045454545,/home/iris/PA/qsar_data_unsorted/data_CHEMBL4079.csv,,,
1188,1188,/Users/dangoo/My documents/PhD Research/Pairwise Approach/RP/qsar_data_unsorted/data_CHEMBL3736.csv,data_CHEMBL3736.csv,"(66, 135)",66,135,0.090909091,/home/iris/PA/qsar_data_unsorted/data_CHEMBL3736.csv,,,
1257,1257,/Users/dangoo/My documents/PhD Research/Pairwise Approach/RP/qsar_data_unsorted/data_CHEMBL5769.csv,data_CHEMBL5769.csv,"(66, 143)",66,143,0.409090909,/home/iris/PA/qsar_data_unsorted/data_CHEMBL5769.csv,,,5335.csv
1354,1354,/Users/dangoo/My documents/PhD Research/Pairwise Approach/RP/qsar_data_unsorted/data_CHEMBL4894.csv,data_CHEMBL4894.csv,"(66, 114)",66,114,0.045454545,/home/iris/PA/qsar_data_unsorted/data_CHEMBL4894.csv,,,
1389,1389,/Users/dangoo/My documents/PhD Research/Pairwise Approach/RP/qsar_data_unsorted/data_CHEMBL3693.csv,data_CHEMBL3693.csv,"(66, 117)",66,117,0.166666667,/home/iris/PA/qsar_data_unsorted/data_CHEMBL3693.csv,,,3262.csv
1730,1730,/Users/dangoo/My documents/PhD Research/Pairwise Approach/RP/qsar_data_unsorted/data_CHEMBL4428.csv,data_CHEMBL4428.csv,"(66, 124)",66,124,0.53030303,/home/iris/PA/qsar_data_unsorted/data_CHEMBL4428.csv,,,5451.csv
1994,1994,/Users/dangoo/My documents/PhD Research/Pairwise Approach/RP/qsar_data_unsorted/data_CHEMBL5526.csv,data_CHEMBL5526.csv,"(66, 94)",66,94,0.121212121,/home/iris/PA/qsar_data_unsorted/data_CHEMBL5526.csv,,,
2006,2006,/Users/dangoo/My documents/PhD Research/Pairwise Approach/RP/qsar_data_unsorted/data_CHEMBL2063.csv,data_CHEMBL2063.csv,"(66, 99)",66,99,0.075757576,/home/iris/PA/qsar_data_unsorted/data_CHEMBL2063.csv,,,
186,186,/Users/dangoo/My documents/PhD Research/Pairwise Approach/RP/qsar_data_unsorted/data_CHEMBL6197.csv,data_CHEMBL6197.csv,"(67, 32)",67,32,0.044776119,/home/iris/PA/qsar_data_unsorted/data_CHEMBL6197.csv,,,
197,197,/Users/dangoo/My documents/PhD Research/Pairwise Approach/RP/qsar_data_unsorted/data_CHEMBL2096669.csv,data_CHEMBL2096669.csv,"(67, 105)",67,105,0.044776119,/home/iris/PA/qsar_data_unsorted/data_CHEMBL2096669.csv,,,
383,383,/Users/dangoo/My documents/PhD Research/Pairwise Approach/RP/qsar_data_unsorted/data_CHEMBL2095167.csv,data_CHEMBL2095167.csv,"(67, 179)",67,179,0.119402985,/home/iris/PA/qsar_data_unsorted/data_CHEMBL2095167.csv,,,
438,438,/Users/dangoo/My documents/PhD Research/Pairwise Approach/RP/qsar_data_unsorted/data_CHEMBL4035.csv,data_CHEMBL4035.csv,"(67, 87)",67,87,0.044776119,/home/iris/PA/qsar_data_unsorted/data_CHEMBL4035.csv,,,
1409,1409,/Users/dangoo/My documents/PhD Research/Pairwise Approach/RP/qsar_data_unsorted/data_CHEMBL1866.csv,data_CHEMBL1866.csv,"(67, 116)",67,116,0.492537313,/home/iris/PA/qsar_data_unsorted/data_CHEMBL1866.csv,,,5031.csv
1477,1477,/Users/dangoo/My documents/PhD Research/Pairwise Approach/RP/qsar_data_unsorted/data_CHEMBL5035.csv,data_CHEMBL5035.csv,"(67, 55)",67,55,0.059701493,/home/iris/PA/qsar_data_unsorted/data_CHEMBL5035.csv,,,
1754,1754,/Users/dangoo/My documents/PhD Research/Pairwise Approach/RP/qsar_data_unsorted/data_CHEMBL1075280.csv,data_CHEMBL1075280.csv,"(67, 146)",67,146,0.194029851,/home/iris/PA/qsar_data_unsorted/data_CHEMBL1075280.csv,,,5200.csv
1759,1759,/Users/dangoo/My documents/PhD Research/Pairwise Approach/RP/qsar_data_unsorted/data_CHEMBL4818.csv,data_CHEMBL4818.csv,"(67, 99)",67,99,0.089552239,/home/iris/PA/qsar_data_unsorted/data_CHEMBL4818.csv,,,
2068,2068,/Users/dangoo/My documents/PhD Research/Pairwise Approach/RP/qsar_data_unsorted/data_CHEMBL5453.csv,data_CHEMBL5453.csv,"(67, 32)",67,32,0.059701493,/home/iris/PA/qsar_data_unsorted/data_CHEMBL5453.csv,,,
65,65,/Users/dangoo/My documents/PhD Research/Pairwise Approach/RP/qsar_data_unsorted/data_CHEMBL2304401.csv,data_CHEMBL2304401.csv,"(68, 86)",68,86,0.132352941,/home/iris/PA/qsar_data_unsorted/data_CHEMBL2304401.csv,,,
153,153,/Users/dangoo/My documents/PhD Research/Pairwise Approach/RP/qsar_data_unsorted/data_CHEMBL4227.csv,data_CHEMBL4227.csv,"(68, 118)",68,118,0.102941176,/home/iris/PA/qsar_data_unsorted/data_CHEMBL4227.csv,,,
804,804,/Users/dangoo/My documents/PhD Research/Pairwise Approach/RP/qsar_data_unsorted/data_CHEMBL2998.csv,data_CHEMBL2998.csv,"(68, 204)",68,204,0.102941176,/home/iris/PA/qsar_data_unsorted/data_CHEMBL2998.csv,,,
950,950,/Users/dangoo/My documents/PhD Research/Pairwise Approach/RP/qsar_data_unsorted/data_CHEMBL3513.csv,data_CHEMBL3513.csv,"(68, 95)",68,95,0.029411765,/home/iris/PA/qsar_data_unsorted/data_CHEMBL3513.csv,,,
959,959,/Users/dangoo/My documents/PhD Research/Pairwise Approach/RP/qsar_data_unsorted/data_CHEMBL3263.csv,data_CHEMBL3263.csv,"(68, 201)",68,201,0.029411765,/home/iris/PA/qsar_data_unsorted/data_CHEMBL3263.csv,,,
1067,1067,/Users/dangoo/My documents/PhD Research/Pairwise Approach/RP/qsar_data_unsorted/data_CHEMBL5377.csv,data_CHEMBL5377.csv,"(68, 272)",68,272,0.485294118,/home/iris/PA/qsar_data_unsorted/data_CHEMBL5377.csv,,,2676.csv
1110,1110,/Users/dangoo/My documents/PhD Research/Pairwise Approach/RP/qsar_data_unsorted/data_CHEMBL3092.csv,data_CHEMBL3092.csv,"(68, 229)",68,229,0.073529412,/home/iris/PA/qsar_data_unsorted/data_CHEMBL3092.csv,,,
1272,1272,/Users/dangoo/My documents/PhD Research/Pairwise Approach/RP/qsar_data_unsorted/data_CHEMBL3457.csv,data_CHEMBL3457.csv,"(68, 79)",68,79,0.044117647,/home/iris/PA/qsar_data_unsorted/data_CHEMBL3457.csv,,,
1805,1805,/Users/dangoo/My documents/PhD Research/Pairwise Approach/RP/qsar_data_unsorted/data_CHEMBL2104.csv,data_CHEMBL2104.csv,"(68, 178)",68,178,0.426470588,/home/iris/PA/qsar_data_unsorted/data_CHEMBL2104.csv,,,2940.csv
163,163,/Users/dangoo/My documents/PhD Research/Pairwise Approach/RP/qsar_data_unsorted/data_CHEMBL1075317.csv,data_CHEMBL1075317.csv,"(69, 142)",69,142,0.15942029,/home/iris/PA/qsar_data_unsorted/data_CHEMBL1075317.csv,,,2015.csv
499,499,/Users/dangoo/My documents/PhD Research/Pairwise Approach/RP/qsar_data_unsorted/data_CHEMBL6032.csv,data_CHEMBL6032.csv,"(69, 141)",69,141,0.130434783,/home/iris/PA/qsar_data_unsorted/data_CHEMBL6032.csv,,,
627,627,/Users/dangoo/My documents/PhD Research/Pairwise Approach/RP/qsar_data_unsorted/data_CHEMBL5401.csv,data_CHEMBL5401.csv,"(69, 119)",69,119,0.028985507,/home/iris/PA/qsar_data_unsorted/data_CHEMBL5401.csv,,,
1334,1334,/Users/dangoo/My documents/PhD Research/Pairwise Approach/RP/qsar_data_unsorted/data_CHEMBL6113.csv,data_CHEMBL6113.csv,"(69, 106)",69,106,0.043478261,/home/iris/PA/qsar_data_unsorted/data_CHEMBL6113.csv,,,
1400,1400,/Users/dangoo/My documents/PhD Research/Pairwise Approach/RP/qsar_data_unsorted/data_CHEMBL1293297.csv,data_CHEMBL1293297.csv,"(69, 305)",69,305,0.014492754,/home/iris/PA/qsar_data_unsorted/data_CHEMBL1293297.csv,,,
1548,1548,/Users/dangoo/My documents/PhD Research/Pairwise Approach/RP/qsar_data_unsorted/data_CHEMBL1741208.csv,data_CHEMBL1741208.csv,"(69, 289)",69,289,0.072463768,/home/iris/PA/qsar_data_unsorted/data_CHEMBL1741208.csv,,,
202,202,/Users/dangoo/My documents/PhD Research/Pairwise Approach/RP/qsar_data_unsorted/data_CHEMBL1968.csv,data_CHEMBL1968.csv,"(70, 161)",70,161,0.757142857,/home/iris/PA/qsar_data_unsorted/data_CHEMBL1968.csv,,,5445.csv
253,253,/Users/dangoo/My documents/PhD Research/Pairwise Approach/RP/qsar_data_unsorted/data_CHEMBL2146307.csv,data_CHEMBL2146307.csv,"(70, 306)",70,306,0.028571429,/home/iris/PA/qsar_data_unsorted/data_CHEMBL2146307.csv,,,
479,479,/Users/dangoo/My documents/PhD Research/Pairwise Approach/RP/qsar_data_unsorted/data_CHEMBL2693.csv,data_CHEMBL2693.csv,"(70, 112)",70,112,0.028571429,/home/iris/PA/qsar_data_unsorted/data_CHEMBL2693.csv,,,
832,832,/Users/dangoo/My documents/PhD Research/Pairwise Approach/RP/qsar_data_unsorted/data_CHEMBL3660.csv,data_CHEMBL3660.csv,"(70, 181)",70,181,0.171428571,/home/iris/PA/qsar_data_unsorted/data_CHEMBL3660.csv,,,3481.csv
1027,1027,/Users/dangoo/My documents/PhD Research/Pairwise Approach/RP/qsar_data_unsorted/data_CHEMBL5983.csv,data_CHEMBL5983.csv,"(70, 150)",70,150,0.057142857,/home/iris/PA/qsar_data_unsorted/data_CHEMBL5983.csv,,,
1100,1100,/Users/dangoo/My documents/PhD Research/Pairwise Approach/RP/qsar_data_unsorted/data_CHEMBL3737.csv,data_CHEMBL3737.csv,"(70, 220)",70,220,0.114285714,/home/iris/PA/qsar_data_unsorted/data_CHEMBL3737.csv,,,
1985,1985,/Users/dangoo/My documents/PhD Research/Pairwise Approach/RP/qsar_data_unsorted/data_CHEMBL2096909.csv,data_CHEMBL2096909.csv,"(70, 145)",70,145,0.057142857,/home/iris/PA/qsar_data_unsorted/data_CHEMBL2096909.csv,,,
442,442,/Users/dangoo/My documents/PhD Research/Pairwise Approach/RP/qsar_data_unsorted/data_CHEMBL3028.csv,data_CHEMBL3028.csv,"(71, 151)",71,151,0.112676056,/home/iris/PA/qsar_data_unsorted/data_CHEMBL3028.csv,,,
791,791,/Users/dangoo/My documents/PhD Research/Pairwise Approach/RP/qsar_data_unsorted/data_CHEMBL1781858.csv,data_CHEMBL1781858.csv,"(71, 132)",71,132,0.802816901,/home/iris/PA/qsar_data_unsorted/data_CHEMBL1781858.csv,,,3085.csv
939,939,/Users/dangoo/My documents/PhD Research/Pairwise Approach/RP/qsar_data_unsorted/data_CHEMBL5360.csv,data_CHEMBL5360.csv,"(71, 164)",71,164,0.042253521,/home/iris/PA/qsar_data_unsorted/data_CHEMBL5360.csv,,,
940,940,/Users/dangoo/My documents/PhD Research/Pairwise Approach/RP/qsar_data_unsorted/data_CHEMBL5406.csv,data_CHEMBL5406.csv,"(71, 191)",71,191,0.126760563,/home/iris/PA/qsar_data_unsorted/data_CHEMBL5406.csv,,,
1016,1016,/Users/dangoo/My documents/PhD Research/Pairwise Approach/RP/qsar_data_unsorted/data_CHEMBL1795180.csv,data_CHEMBL1795180.csv,"(71, 113)",71,113,0.197183099,/home/iris/PA/qsar_data_unsorted/data_CHEMBL1795180.csv,,,3313.csv
1159,1159,/Users/dangoo/My documents/PhD Research/Pairwise Approach/RP/qsar_data_unsorted/data_CHEMBL4878.csv,data_CHEMBL4878.csv,"(71, 92)",71,92,0.042253521,/home/iris/PA/qsar_data_unsorted/data_CHEMBL4878.csv,,,
1468,1468,/Users/dangoo/My documents/PhD Research/Pairwise Approach/RP/qsar_data_unsorted/data_CHEMBL4465.csv,data_CHEMBL4465.csv,"(71, 175)",71,175,0.098591549,/home/iris/PA/qsar_data_unsorted/data_CHEMBL4465.csv,,,
1606,1606,/Users/dangoo/My documents/PhD Research/Pairwise Approach/RP/qsar_data_unsorted/data_CHEMBL2095196.csv,data_CHEMBL2095196.csv,"(71, 133)",71,133,0.042253521,/home/iris/PA/qsar_data_unsorted/data_CHEMBL2095196.csv,,,
1611,1611,/Users/dangoo/My documents/PhD Research/Pairwise Approach/RP/qsar_data_unsorted/data_CHEMBL4370.csv,data_CHEMBL4370.csv,"(71, 160)",71,160,0.070422535,/home/iris/PA/qsar_data_unsorted/data_CHEMBL4370.csv,,,
78,78,/Users/dangoo/My documents/PhD Research/Pairwise Approach/RP/qsar_data_unsorted/data_CHEMBL1908387.csv,data_CHEMBL1908387.csv,"(72, 409)",72,409,0.722222222,/home/iris/PA/qsar_data_unsorted/data_CHEMBL1908387.csv,,,3321.csv
88,88,/Users/dangoo/My documents/PhD Research/Pairwise Approach/RP/qsar_data_unsorted/data_CHEMBL1908386.csv,data_CHEMBL1908386.csv,"(72, 409)",72,409,0.736111111,/home/iris/PA/qsar_data_unsorted/data_CHEMBL1908386.csv,,,3621.csv
115,115,/Users/dangoo/My documents/PhD Research/Pairwise Approach/RP/qsar_data_unsorted/data_CHEMBL5517.csv,data_CHEMBL5517.csv,"(72, 130)",72,130,0.055555556,/home/iris/PA/qsar_data_unsorted/data_CHEMBL5517.csv,,,
226,226,/Users/dangoo/My documents/PhD Research/Pairwise Approach/RP/qsar_data_unsorted/data_CHEMBL1908384.csv,data_CHEMBL1908384.csv,"(72, 409)",72,409,0.930555556,/home/iris/PA/qsar_data_unsorted/data_CHEMBL1908384.csv,,,1923.csv
236,236,/Users/dangoo/My documents/PhD Research/Pairwise Approach/RP/qsar_data_unsorted/data_CHEMBL1628470.csv,data_CHEMBL1628470.csv,"(72, 409)",72,409,0.986111111,/home/iris/PA/qsar_data_unsorted/data_CHEMBL1628470.csv,,,2027.csv
393,393,/Users/dangoo/My documents/PhD Research/Pairwise Approach/RP/qsar_data_unsorted/data_CHEMBL1908381.csv,data_CHEMBL1908381.csv,"(72, 409)",72,409,0.833333333,/home/iris/PA/qsar_data_unsorted/data_CHEMBL1908381.csv,,,7590.csv
420,420,/Users/dangoo/My documents/PhD Research/Pairwise Approach/RP/qsar_data_unsorted/data_CHEMBL4627.csv,data_CHEMBL4627.csv,"(72, 409)",72,409,0.736111111,/home/iris/PA/qsar_data_unsorted/data_CHEMBL4627.csv,,,2883.csv
443,443,/Users/dangoo/My documents/PhD Research/Pairwise Approach/RP/qsar_data_unsorted/data_CHEMBL6150.csv,data_CHEMBL6150.csv,"(72, 409)",72,409,0.819444444,/home/iris/PA/qsar_data_unsorted/data_CHEMBL6150.csv,,,3429.csv
538,538,/Users/dangoo/My documents/PhD Research/Pairwise Approach/RP/qsar_data_unsorted/data_CHEMBL1908382.csv,data_CHEMBL1908382.csv,"(72, 409)",72,409,0.791666667,/home/iris/PA/qsar_data_unsorted/data_CHEMBL1908382.csv,,,4865.csv
542,542,/Users/dangoo/My documents/PhD Research/Pairwise Approach/RP/qsar_data_unsorted/data_CHEMBL1908383.csv,data_CHEMBL1908383.csv,"(72, 409)",72,409,0.833333333,/home/iris/PA/qsar_data_unsorted/data_CHEMBL1908383.csv,,,2499.csv
652,652,/Users/dangoo/My documents/PhD Research/Pairwise Approach/RP/qsar_data_unsorted/data_CHEMBL1163111.csv,data_CHEMBL1163111.csv,"(72, 103)",72,103,0.333333333,/home/iris/PA/qsar_data_unsorted/data_CHEMBL1163111.csv,,,1806.csv
800,800,/Users/dangoo/My documents/PhD Research/Pairwise Approach/RP/qsar_data_unsorted/data_CHEMBL1795192.csv,data_CHEMBL1795192.csv,"(72, 409)",72,409,0.819444444,/home/iris/PA/qsar_data_unsorted/data_CHEMBL1795192.csv,,,7164.csv
1029,1029,/Users/dangoo/My documents/PhD Research/Pairwise Approach/RP/qsar_data_unsorted/data_CHEMBL1163129.csv,data_CHEMBL1163129.csv,"(72, 409)",72,409,0.763888889,/home/iris/PA/qsar_data_unsorted/data_CHEMBL1163129.csv,,,2252.csv
1879,1879,/Users/dangoo/My documents/PhD Research/Pairwise Approach/RP/qsar_data_unsorted/data_CHEMBL1908388.csv,data_CHEMBL1908388.csv,"(72, 409)",72,409,0.944444444,/home/iris/PA/qsar_data_unsorted/data_CHEMBL1908388.csv,,,3117.csv
1893,1893,/Users/dangoo/My documents/PhD Research/Pairwise Approach/RP/qsar_data_unsorted/data_CHEMBL1908389.csv,data_CHEMBL1908389.csv,"(72, 409)",72,409,0.75,/home/iris/PA/qsar_data_unsorted/data_CHEMBL1908389.csv,,,3253.csv
67,67,/Users/dangoo/My documents/PhD Research/Pairwise Approach/RP/qsar_data_unsorted/data_CHEMBL2146311.csv,data_CHEMBL2146311.csv,"(73, 327)",73,327,0.02739726,/home/iris/PA/qsar_data_unsorted/data_CHEMBL2146311.csv,,,
77,77,/Users/dangoo/My documents/PhD Research/Pairwise Approach/RP/qsar_data_unsorted/data_CHEMBL5728.csv,data_CHEMBL5728.csv,"(73, 412)",73,412,0.698630137,/home/iris/PA/qsar_data_unsorted/data_CHEMBL5728.csv,,,3972.csv
248,248,/Users/dangoo/My documents/PhD Research/Pairwise Approach/RP/qsar_data_unsorted/data_CHEMBL1649059.csv,data_CHEMBL1649059.csv,"(73, 411)",73,411,0.931506849,/home/iris/PA/qsar_data_unsorted/data_CHEMBL1649059.csv,,,5126.csv
251,251,/Users/dangoo/My documents/PhD Research/Pairwise Approach/RP/qsar_data_unsorted/data_CHEMBL3367.csv,data_CHEMBL3367.csv,"(73, 117)",73,117,0.109589041,/home/iris/PA/qsar_data_unsorted/data_CHEMBL3367.csv,,,
282,282,/Users/dangoo/My documents/PhD Research/Pairwise Approach/RP/qsar_data_unsorted/data_CHEMBL2095215.csv,data_CHEMBL2095215.csv,"(73, 121)",73,121,0.04109589,/home/iris/PA/qsar_data_unsorted/data_CHEMBL2095215.csv,,,
353,353,/Users/dangoo/My documents/PhD Research/Pairwise Approach/RP/qsar_data_unsorted/data_CHEMBL6186.csv,data_CHEMBL6186.csv,"(73, 411)",73,411,0.794520548,/home/iris/PA/qsar_data_unsorted/data_CHEMBL6186.csv,,,3171.csv
475,475,/Users/dangoo/My documents/PhD Research/Pairwise Approach/RP/qsar_data_unsorted/data_CHEMBL5856.csv,data_CHEMBL5856.csv,"(73, 412)",73,412,0.780821918,/home/iris/PA/qsar_data_unsorted/data_CHEMBL5856.csv,,,6973.csv
600,600,/Users/dangoo/My documents/PhD Research/Pairwise Approach/RP/qsar_data_unsorted/data_CHEMBL5116.csv,data_CHEMBL5116.csv,"(73, 412)",73,412,0.808219178,/home/iris/PA/qsar_data_unsorted/data_CHEMBL5116.csv,,,4530.csv
669,669,/Users/dangoo/My documents/PhD Research/Pairwise Approach/RP/qsar_data_unsorted/data_CHEMBL5789.csv,data_CHEMBL5789.csv,"(73, 414)",73,414,0.931506849,/home/iris/PA/qsar_data_unsorted/data_CHEMBL5789.csv,,,1431.csv
683,683,/Users/dangoo/My documents/PhD Research/Pairwise Approach/RP/qsar_data_unsorted/data_CHEMBL1163104.csv,data_CHEMBL1163104.csv,"(73, 412)",73,412,0.835616438,/home/iris/PA/qsar_data_unsorted/data_CHEMBL1163104.csv,,,1903.csv
776,776,/Users/dangoo/My documents/PhD Research/Pairwise Approach/RP/qsar_data_unsorted/data_CHEMBL1163106.csv,data_CHEMBL1163106.csv,"(73, 412)",73,412,0.876712329,/home/iris/PA/qsar_data_unsorted/data_CHEMBL1163106.csv,,,4769.csv
890,890,/Users/dangoo/My documents/PhD Research/Pairwise Approach/RP/qsar_data_unsorted/data_CHEMBL1163117.csv,data_CHEMBL1163117.csv,"(73, 412)",73,412,0.890410959,/home/iris/PA/qsar_data_unsorted/data_CHEMBL1163117.csv,,,4508.csv
953,953,/Users/dangoo/My documents/PhD Research/Pairwise Approach/RP/qsar_data_unsorted/data_CHEMBL5638.csv,data_CHEMBL5638.csv,"(73, 414)",73,414,0.876712329,/home/iris/PA/qsar_data_unsorted/data_CHEMBL5638.csv,,,4187.csv
990,990,/Users/dangoo/My documents/PhD Research/Pairwise Approach/RP/qsar_data_unsorted/data_CHEMBL1163128.csv,data_CHEMBL1163128.csv,"(73, 412)",73,412,0.849315068,/home/iris/PA/qsar_data_unsorted/data_CHEMBL1163128.csv,,,5172.csv
1130,1130,/Users/dangoo/My documents/PhD Research/Pairwise Approach/RP/qsar_data_unsorted/data_CHEMBL1163124.csv,data_CHEMBL1163124.csv,"(73, 412)",73,412,0.739726027,/home/iris/PA/qsar_data_unsorted/data_CHEMBL1163124.csv,,,4586.csv
1180,1180,/Users/dangoo/My documents/PhD Research/Pairwise Approach/RP/qsar_data_unsorted/data_CHEMBL1075155.csv,data_CHEMBL1075155.csv,"(73, 412)",73,412,0.876712329,/home/iris/PA/qsar_data_unsorted/data_CHEMBL1075155.csv,,,5399.csv
1247,1247,/Users/dangoo/My documents/PhD Research/Pairwise Approach/RP/qsar_data_unsorted/data_CHEMBL1163127.csv,data_CHEMBL1163127.csv,"(73, 412)",73,412,0.876712329,/home/iris/PA/qsar_data_unsorted/data_CHEMBL1163127.csv,,,5973.csv
1251,1251,/Users/dangoo/My documents/PhD Research/Pairwise Approach/RP/qsar_data_unsorted/data_CHEMBL1795165.csv,data_CHEMBL1795165.csv,"(73, 412)",73,412,0.780821918,/home/iris/PA/qsar_data_unsorted/data_CHEMBL1795165.csv,,,3419.csv
1304,1304,/Users/dangoo/My documents/PhD Research/Pairwise Approach/RP/qsar_data_unsorted/data_CHEMBL1075195.csv,data_CHEMBL1075195.csv,"(73, 413)",73,413,0.643835616,/home/iris/PA/qsar_data_unsorted/data_CHEMBL1075195.csv,,,4675.csv
1314,1314,/Users/dangoo/My documents/PhD Research/Pairwise Approach/RP/qsar_data_unsorted/data_CHEMBL5185.csv,data_CHEMBL5185.csv,"(73, 138)",73,138,0.04109589,/home/iris/PA/qsar_data_unsorted/data_CHEMBL5185.csv,,,
1377,1377,/Users/dangoo/My documents/PhD Research/Pairwise Approach/RP/qsar_data_unsorted/data_CHEMBL1255165.csv,data_CHEMBL1255165.csv,"(73, 134)",73,134,0.219178082,/home/iris/PA/qsar_data_unsorted/data_CHEMBL1255165.csv,,,1172.csv
1503,1503,/Users/dangoo/My documents/PhD Research/Pairwise Approach/RP/qsar_data_unsorted/data_CHEMBL1163108.csv,data_CHEMBL1163108.csv,"(73, 412)",73,412,0.835616438,/home/iris/PA/qsar_data_unsorted/data_CHEMBL1163108.csv,,,2490.csv
1516,1516,/Users/dangoo/My documents/PhD Research/Pairwise Approach/RP/qsar_data_unsorted/data_CHEMBL1859.csv,data_CHEMBL1859.csv,"(73, 158)",73,158,0.054794521,/home/iris/PA/qsar_data_unsorted/data_CHEMBL1859.csv,,,
1690,1690,/Users/dangoo/My documents/PhD Research/Pairwise Approach/RP/qsar_data_unsorted/data_CHEMBL6149.csv,data_CHEMBL6149.csv,"(73, 412)",73,412,0.794520548,/home/iris/PA/qsar_data_unsorted/data_CHEMBL6149.csv,,,5662.csv
1803,1803,/Users/dangoo/My documents/PhD Research/Pairwise Approach/RP/qsar_data_unsorted/data_CHEMBL2111322.csv,data_CHEMBL2111322.csv,"(73, 191)",73,191,0.369863014,/home/iris/PA/qsar_data_unsorted/data_CHEMBL2111322.csv,,,4090.csv
2022,2022,/Users/dangoo/My documents/PhD Research/Pairwise Approach/RP/qsar_data_unsorted/data_CHEMBL5095.csv,data_CHEMBL5095.csv,"(73, 412)",73,412,0.876712329,/home/iris/PA/qsar_data_unsorted/data_CHEMBL5095.csv,,,4559.csv
2087,2087,/Users/dangoo/My documents/PhD Research/Pairwise Approach/RP/qsar_data_unsorted/data_CHEMBL5651.csv,data_CHEMBL5651.csv,"(73, 412)",73,412,0.684931507,/home/iris/PA/qsar_data_unsorted/data_CHEMBL5651.csv,,,5306.csv
384,384,/Users/dangoo/My documents/PhD Research/Pairwise Approach/RP/qsar_data_unsorted/data_CHEMBL4342.csv,data_CHEMBL4342.csv,"(74, 163)",74,163,0.189189189,/home/iris/PA/qsar_data_unsorted/data_CHEMBL4342.csv,,,3349.csv
534,534,/Users/dangoo/My documents/PhD Research/Pairwise Approach/RP/qsar_data_unsorted/data_CHEMBL1795135.csv,data_CHEMBL1795135.csv,"(74, 115)",74,115,0.283783784,/home/iris/PA/qsar_data_unsorted/data_CHEMBL1795135.csv,,,4977.csv
653,653,/Users/dangoo/My documents/PhD Research/Pairwise Approach/RP/qsar_data_unsorted/data_CHEMBL6083.csv,data_CHEMBL6083.csv,"(74, 419)",74,419,0.756756757,/home/iris/PA/qsar_data_unsorted/data_CHEMBL6083.csv,,,3307.csv
750,750,/Users/dangoo/My documents/PhD Research/Pairwise Approach/RP/qsar_data_unsorted/data_CHEMBL4720.csv,data_CHEMBL4720.csv,"(74, 110)",74,110,0.054054054,/home/iris/PA/qsar_data_unsorted/data_CHEMBL4720.csv,,,
779,779,/Users/dangoo/My documents/PhD Research/Pairwise Approach/RP/qsar_data_unsorted/data_CHEMBL1163112.csv,data_CHEMBL1163112.csv,"(74, 415)",74,415,0.824324324,/home/iris/PA/qsar_data_unsorted/data_CHEMBL1163112.csv,,,5767.csv
1035,1035,/Users/dangoo/My documents/PhD Research/Pairwise Approach/RP/qsar_data_unsorted/data_CHEMBL1163101.csv,data_CHEMBL1163101.csv,"(74, 414)",74,414,0.783783784,/home/iris/PA/qsar_data_unsorted/data_CHEMBL1163101.csv,,,4941.csv
1049,1049,/Users/dangoo/My documents/PhD Research/Pairwise Approach/RP/qsar_data_unsorted/data_CHEMBL1293289.csv,data_CHEMBL1293289.csv,"(74, 155)",74,155,0.054054054,/home/iris/PA/qsar_data_unsorted/data_CHEMBL1293289.csv,,,
1136,1136,/Users/dangoo/My documents/PhD Research/Pairwise Approach/RP/qsar_data_unsorted/data_CHEMBL3333.csv,data_CHEMBL3333.csv,"(74, 129)",74,129,0.081081081,/home/iris/PA/qsar_data_unsorted/data_CHEMBL3333.csv,,,
1191,1191,/Users/dangoo/My documents/PhD Research/Pairwise Approach/RP/qsar_data_unsorted/data_CHEMBL5435.csv,data_CHEMBL5435.csv,"(74, 414)",74,414,0.702702703,/home/iris/PA/qsar_data_unsorted/data_CHEMBL5435.csv,,,4135.csv
1214,1214,/Users/dangoo/My documents/PhD Research/Pairwise Approach/RP/qsar_data_unsorted/data_CHEMBL4503.csv,data_CHEMBL4503.csv,"(74, 69)",74,69,0.040540541,/home/iris/PA/qsar_data_unsorted/data_CHEMBL4503.csv,,,
1270,1270,/Users/dangoo/My documents/PhD Research/Pairwise Approach/RP/qsar_data_unsorted/data_CHEMBL2991.csv,data_CHEMBL2991.csv,"(74, 123)",74,123,0.081081081,/home/iris/PA/qsar_data_unsorted/data_CHEMBL2991.csv,,,
1280,1280,/Users/dangoo/My documents/PhD Research/Pairwise Approach/RP/qsar_data_unsorted/data_CHEMBL1163126.csv,data_CHEMBL1163126.csv,"(74, 414)",74,414,0.743243243,/home/iris/PA/qsar_data_unsorted/data_CHEMBL1163126.csv,,,6673.csv
1327,1327,/Users/dangoo/My documents/PhD Research/Pairwise Approach/RP/qsar_data_unsorted/data_CHEMBL2605.csv,data_CHEMBL2605.csv,"(74, 112)",74,112,0.054054054,/home/iris/PA/qsar_data_unsorted/data_CHEMBL2605.csv,,,
1396,1396,/Users/dangoo/My documents/PhD Research/Pairwise Approach/RP/qsar_data_unsorted/data_CHEMBL1163123.csv,data_CHEMBL1163123.csv,"(74, 419)",74,419,0.918918919,/home/iris/PA/qsar_data_unsorted/data_CHEMBL1163123.csv,,,6983.csv
1589,1589,/Users/dangoo/My documents/PhD Research/Pairwise Approach/RP/qsar_data_unsorted/data_CHEMBL5047.csv,data_CHEMBL5047.csv,"(74, 416)",74,416,0.662162162,/home/iris/PA/qsar_data_unsorted/data_CHEMBL5047.csv,,,1962.csv
1769,1769,/Users/dangoo/My documents/PhD Research/Pairwise Approach/RP/qsar_data_unsorted/data_CHEMBL2007622.csv,data_CHEMBL2007622.csv,"(74, 300)",74,300,0.027027027,/home/iris/PA/qsar_data_unsorted/data_CHEMBL2007622.csv,,,
1878,1878,/Users/dangoo/My documents/PhD Research/Pairwise Approach/RP/qsar_data_unsorted/data_CHEMBL5914.csv,data_CHEMBL5914.csv,"(74, 416)",74,416,0.567567568,/home/iris/PA/qsar_data_unsorted/data_CHEMBL5914.csv,,,3305.csv
1945,1945,/Users/dangoo/My documents/PhD Research/Pairwise Approach/RP/qsar_data_unsorted/data_CHEMBL5861.csv,data_CHEMBL5861.csv,"(74, 417)",74,417,0.662162162,/home/iris/PA/qsar_data_unsorted/data_CHEMBL5861.csv,,,2830.csv
2054,2054,/Users/dangoo/My documents/PhD Research/Pairwise Approach/RP/qsar_data_unsorted/data_CHEMBL6006.csv,data_CHEMBL6006.csv,"(74, 417)",74,417,0.72972973,/home/iris/PA/qsar_data_unsorted/data_CHEMBL6006.csv,,,2885.csv
2066,2066,/Users/dangoo/My documents/PhD Research/Pairwise Approach/RP/qsar_data_unsorted/data_CHEMBL1075133.csv,data_CHEMBL1075133.csv,"(74, 417)",74,417,0.635135135,/home/iris/PA/qsar_data_unsorted/data_CHEMBL1075133.csv,,,L291.csv
2089,2089,/Users/dangoo/My documents/PhD Research/Pairwise Approach/RP/qsar_data_unsorted/data_CHEMBL5679.csv,data_CHEMBL5679.csv,"(74, 417)",74,417,0.864864865,/home/iris/PA/qsar_data_unsorted/data_CHEMBL5679.csv,,,1348.csv
26,26,/Users/dangoo/My documents/PhD Research/Pairwise Approach/RP/qsar_data_unsorted/data_CHEMBL5476.csv,data_CHEMBL5476.csv,"(75, 421)",75,421,0.64,/home/iris/PA/qsar_data_unsorted/data_CHEMBL5476.csv,,,2128.csv
245,245,/Users/dangoo/My documents/PhD Research/Pairwise Approach/RP/qsar_data_unsorted/data_CHEMBL3415.csv,data_CHEMBL3415.csv,"(75, 156)",75,156,0.04,/home/iris/PA/qsar_data_unsorted/data_CHEMBL3415.csv,,,
310,310,/Users/dangoo/My documents/PhD Research/Pairwise Approach/RP/qsar_data_unsorted/data_CHEMBL2111459.csv,data_CHEMBL2111459.csv,"(75, 101)",75,101,0.066666667,/home/iris/PA/qsar_data_unsorted/data_CHEMBL2111459.csv,,,
623,623,/Users/dangoo/My documents/PhD Research/Pairwise Approach/RP/qsar_data_unsorted/data_CHEMBL5415.csv,data_CHEMBL5415.csv,"(75, 418)",75,418,0.666666667,/home/iris/PA/qsar_data_unsorted/data_CHEMBL5415.csv,,,5212.csv
706,706,/Users/dangoo/My documents/PhD Research/Pairwise Approach/RP/qsar_data_unsorted/data_CHEMBL1671613.csv,data_CHEMBL1671613.csv,"(75, 132)",75,132,0.04,/home/iris/PA/qsar_data_unsorted/data_CHEMBL1671613.csv,,,
712,712,/Users/dangoo/My documents/PhD Research/Pairwise Approach/RP/qsar_data_unsorted/data_CHEMBL4050.csv,data_CHEMBL4050.csv,"(75, 145)",75,145,0.373333333,/home/iris/PA/qsar_data_unsorted/data_CHEMBL4050.csv,,,6989.csv
866,866,/Users/dangoo/My documents/PhD Research/Pairwise Approach/RP/qsar_data_unsorted/data_CHEMBL5836.csv,data_CHEMBL5836.csv,"(75, 427)",75,427,0.426666667,/home/iris/PA/qsar_data_unsorted/data_CHEMBL5836.csv,,,6665.csv
1003,1003,/Users/dangoo/My documents/PhD Research/Pairwise Approach/RP/qsar_data_unsorted/data_CHEMBL2009.csv,data_CHEMBL2009.csv,"(75, 183)",75,183,0.066666667,/home/iris/PA/qsar_data_unsorted/data_CHEMBL2009.csv,,,
1075,1075,/Users/dangoo/My documents/PhD Research/Pairwise Approach/RP/qsar_data_unsorted/data_CHEMBL5607.csv,data_CHEMBL5607.csv,"(75, 423)",75,423,0.72,/home/iris/PA/qsar_data_unsorted/data_CHEMBL5607.csv,,,1886.csv
1145,1145,/Users/dangoo/My documents/PhD Research/Pairwise Approach/RP/qsar_data_unsorted/data_CHEMBL5970.csv,data_CHEMBL5970.csv,"(75, 421)",75,421,0.586666667,/home/iris/PA/qsar_data_unsorted/data_CHEMBL5970.csv,,,3114.csv
1345,1345,/Users/dangoo/My documents/PhD Research/Pairwise Approach/RP/qsar_data_unsorted/data_CHEMBL3902.csv,data_CHEMBL3902.csv,"(75, 127)",75,127,0.12,/home/iris/PA/qsar_data_unsorted/data_CHEMBL3902.csv,,,
1507,1507,/Users/dangoo/My documents/PhD Research/Pairwise Approach/RP/qsar_data_unsorted/data_CHEMBL1163120.csv,data_CHEMBL1163120.csv,"(75, 417)",75,417,0.866666667,/home/iris/PA/qsar_data_unsorted/data_CHEMBL1163120.csv,,,4796.csv
1904,1904,/Users/dangoo/My documents/PhD Research/Pairwise Approach/RP/qsar_data_unsorted/data_CHEMBL5281.csv,data_CHEMBL5281.csv,"(75, 186)",75,186,0.44,/home/iris/PA/qsar_data_unsorted/data_CHEMBL5281.csv,,,2323.csv
1942,1942,/Users/dangoo/My documents/PhD Research/Pairwise Approach/RP/qsar_data_unsorted/data_CHEMBL5685.csv,data_CHEMBL5685.csv,"(75, 307)",75,307,0.026666667,/home/iris/PA/qsar_data_unsorted/data_CHEMBL5685.csv,,,
2,2,/Users/dangoo/My documents/PhD Research/Pairwise Approach/RP/qsar_data_unsorted/data_CHEMBL5112.csv,data_CHEMBL5112.csv,"(76, 216)",76,216,0.065789474,/home/iris/PA/qsar_data_unsorted/data_CHEMBL5112.csv,,,
161,161,/Users/dangoo/My documents/PhD Research/Pairwise Approach/RP/qsar_data_unsorted/data_CHEMBL1770034.csv,data_CHEMBL1770034.csv,"(76, 420)",76,420,0.736842105,/home/iris/PA/qsar_data_unsorted/data_CHEMBL1770034.csv,,,7665.csv
496,496,/Users/dangoo/My documents/PhD Research/Pairwise Approach/RP/qsar_data_unsorted/data_CHEMBL6191.csv,data_CHEMBL6191.csv,"(76, 423)",76,423,0.25,/home/iris/PA/qsar_data_unsorted/data_CHEMBL6191.csv,,,3068.csv
763,763,/Users/dangoo/My documents/PhD Research/Pairwise Approach/RP/qsar_data_unsorted/data_CHEMBL2225.csv,data_CHEMBL2225.csv,"(76, 236)",76,236,0.171052632,/home/iris/PA/qsar_data_unsorted/data_CHEMBL2225.csv,,,1822.csv
937,937,/Users/dangoo/My documents/PhD Research/Pairwise Approach/RP/qsar_data_unsorted/data_CHEMBL4081.csv,data_CHEMBL4081.csv,"(76, 143)",76,143,0.105263158,/home/iris/PA/qsar_data_unsorted/data_CHEMBL4081.csv,,,
1342,1342,/Users/dangoo/My documents/PhD Research/Pairwise Approach/RP/qsar_data_unsorted/data_CHEMBL3916.csv,data_CHEMBL3916.csv,"(76, 165)",76,165,0.026315789,/home/iris/PA/qsar_data_unsorted/data_CHEMBL3916.csv,,,
1545,1545,/Users/dangoo/My documents/PhD Research/Pairwise Approach/RP/qsar_data_unsorted/data_CHEMBL4577.csv,data_CHEMBL4577.csv,"(76, 425)",76,425,0.539473684,/home/iris/PA/qsar_data_unsorted/data_CHEMBL4577.csv,,,1820.csv
465,465,/Users/dangoo/My documents/PhD Research/Pairwise Approach/RP/qsar_data_unsorted/data_CHEMBL2111474.csv,data_CHEMBL2111474.csv,"(77, 145)",77,145,0.38961039,/home/iris/PA/qsar_data_unsorted/data_CHEMBL2111474.csv,,,3361.csv
808,808,/Users/dangoo/My documents/PhD Research/Pairwise Approach/RP/qsar_data_unsorted/data_CHEMBL3310.csv,data_CHEMBL3310.csv,"(77, 189)",77,189,0.207792208,/home/iris/PA/qsar_data_unsorted/data_CHEMBL3310.csv,,,5337.csv
1053,1053,/Users/dangoo/My documents/PhD Research/Pairwise Approach/RP/qsar_data_unsorted/data_CHEMBL1293302.csv,data_CHEMBL1293302.csv,"(77, 349)",77,349,0.038961039,/home/iris/PA/qsar_data_unsorted/data_CHEMBL1293302.csv,,,
1219,1219,/Users/dangoo/My documents/PhD Research/Pairwise Approach/RP/qsar_data_unsorted/data_CHEMBL5351.csv,data_CHEMBL5351.csv,"(77, 104)",77,104,0.038961039,/home/iris/PA/qsar_data_unsorted/data_CHEMBL5351.csv,,,
1353,1353,/Users/dangoo/My documents/PhD Research/Pairwise Approach/RP/qsar_data_unsorted/data_CHEMBL1293282.csv,data_CHEMBL1293282.csv,"(77, 349)",77,349,0.207792208,/home/iris/PA/qsar_data_unsorted/data_CHEMBL1293282.csv,,,5525.csv
1520,1520,/Users/dangoo/My documents/PhD Research/Pairwise Approach/RP/qsar_data_unsorted/data_CHEMBL4909.csv,data_CHEMBL4909.csv,"(77, 124)",77,124,0.324675325,/home/iris/PA/qsar_data_unsorted/data_CHEMBL4909.csv,,,3656.csv
1988,1988,/Users/dangoo/My documents/PhD Research/Pairwise Approach/RP/qsar_data_unsorted/data_CHEMBL6013.csv,data_CHEMBL6013.csv,"(77, 29)",77,29,0.636363636,/home/iris/PA/qsar_data_unsorted/data_CHEMBL6013.csv,,,3378.csv
2071,2071,/Users/dangoo/My documents/PhD Research/Pairwise Approach/RP/qsar_data_unsorted/data_CHEMBL5335.csv,data_CHEMBL5335.csv,"(77, 128)",77,128,0.038961039,/home/iris/PA/qsar_data_unsorted/data_CHEMBL5335.csv,,,
427,427,/Users/dangoo/My documents/PhD Research/Pairwise Approach/RP/qsar_data_unsorted/data_CHEMBL4948.csv,data_CHEMBL4948.csv,"(78, 426)",78,426,0.423076923,/home/iris/PA/qsar_data_unsorted/data_CHEMBL4948.csv,,,3486.csv
825,825,/Users/dangoo/My documents/PhD Research/Pairwise Approach/RP/qsar_data_unsorted/data_CHEMBL6056.csv,data_CHEMBL6056.csv,"(78, 114)",78,114,0.153846154,/home/iris/PA/qsar_data_unsorted/data_CHEMBL6056.csv,,,3368.csv
833,833,/Users/dangoo/My documents/PhD Research/Pairwise Approach/RP/qsar_data_unsorted/data_CHEMBL3927.csv,data_CHEMBL3927.csv,"(78, 229)",78,229,0.064102564,/home/iris/PA/qsar_data_unsorted/data_CHEMBL3927.csv,,,
1076,1076,/Users/dangoo/My documents/PhD Research/Pairwise Approach/RP/qsar_data_unsorted/data_CHEMBL3262.csv,data_CHEMBL3262.csv,"(78, 123)",78,123,0.051282051,/home/iris/PA/qsar_data_unsorted/data_CHEMBL3262.csv,,,
1412,1412,/Users/dangoo/My documents/PhD Research/Pairwise Approach/RP/qsar_data_unsorted/data_CHEMBL5427.csv,data_CHEMBL5427.csv,"(78, 436)",78,436,0.58974359,/home/iris/PA/qsar_data_unsorted/data_CHEMBL5427.csv,,,4564.csv
1711,1711,/Users/dangoo/My documents/PhD Research/Pairwise Approach/RP/qsar_data_unsorted/data_CHEMBL5520.csv,data_CHEMBL5520.csv,"(78, 428)",78,428,0.820512821,/home/iris/PA/qsar_data_unsorted/data_CHEMBL5520.csv,,,2577.csv
1841,1841,/Users/dangoo/My documents/PhD Research/Pairwise Approach/RP/qsar_data_unsorted/data_CHEMBL5451.csv,data_CHEMBL5451.csv,"(78, 165)",78,165,0.051282051,/home/iris/PA/qsar_data_unsorted/data_CHEMBL5451.csv,,,
1989,1989,/Users/dangoo/My documents/PhD Research/Pairwise Approach/RP/qsar_data_unsorted/data_CHEMBL2275.csv,data_CHEMBL2275.csv,"(78, 123)",78,123,0.038461538,/home/iris/PA/qsar_data_unsorted/data_CHEMBL2275.csv,,,
53,53,/Users/dangoo/My documents/PhD Research/Pairwise Approach/RP/qsar_data_unsorted/data_CHEMBL5258.csv,data_CHEMBL5258.csv,"(79, 431)",79,431,0.797468354,/home/iris/PA/qsar_data_unsorted/data_CHEMBL5258.csv,,,6986.csv
99,99,/Users/dangoo/My documents/PhD Research/Pairwise Approach/RP/qsar_data_unsorted/data_CHEMBL5701.csv,data_CHEMBL5701.csv,"(79, 434)",79,434,0.493670886,/home/iris/PA/qsar_data_unsorted/data_CHEMBL5701.csv,,,2573.csv
214,214,/Users/dangoo/My documents/PhD Research/Pairwise Approach/RP/qsar_data_unsorted/data_CHEMBL1795127.csv,data_CHEMBL1795127.csv,"(79, 154)",79,154,0.050632911,/home/iris/PA/qsar_data_unsorted/data_CHEMBL1795127.csv,,,
450,450,/Users/dangoo/My documents/PhD Research/Pairwise Approach/RP/qsar_data_unsorted/data_CHEMBL5698.csv,data_CHEMBL5698.csv,"(79, 431)",79,431,0.594936709,/home/iris/PA/qsar_data_unsorted/data_CHEMBL5698.csv,,,4744.csv
456,456,/Users/dangoo/My documents/PhD Research/Pairwise Approach/RP/qsar_data_unsorted/data_CHEMBL5667.csv,data_CHEMBL5667.csv,"(79, 431)",79,431,0.746835443,/home/iris/PA/qsar_data_unsorted/data_CHEMBL5667.csv,,,3249.csv
469,469,/Users/dangoo/My documents/PhD Research/Pairwise Approach/RP/qsar_data_unsorted/data_CHEMBL5659.csv,data_CHEMBL5659.csv,"(79, 431)",79,431,0.708860759,/home/iris/PA/qsar_data_unsorted/data_CHEMBL5659.csv,,,3269.csv
568,568,/Users/dangoo/My documents/PhD Research/Pairwise Approach/RP/qsar_data_unsorted/data_CHEMBL5274.csv,data_CHEMBL5274.csv,"(79, 431)",79,431,0.53164557,/home/iris/PA/qsar_data_unsorted/data_CHEMBL5274.csv,,,5631.csv
571,571,/Users/dangoo/My documents/PhD Research/Pairwise Approach/RP/qsar_data_unsorted/data_CHEMBL5260.csv,data_CHEMBL5260.csv,"(79, 431)",79,431,0.670886076,/home/iris/PA/qsar_data_unsorted/data_CHEMBL5260.csv,,,5181.csv
676,676,/Users/dangoo/My documents/PhD Research/Pairwise Approach/RP/qsar_data_unsorted/data_CHEMBL5776.csv,data_CHEMBL5776.csv,"(79, 444)",79,444,0.506329114,/home/iris/PA/qsar_data_unsorted/data_CHEMBL5776.csv,,,4772.csv
739,739,/Users/dangoo/My documents/PhD Research/Pairwise Approach/RP/qsar_data_unsorted/data_CHEMBL2111413.csv,data_CHEMBL2111413.csv,"(79, 133)",79,133,0.303797468,/home/iris/PA/qsar_data_unsorted/data_CHEMBL2111413.csv,,,3802.csv
746,746,/Users/dangoo/My documents/PhD Research/Pairwise Approach/RP/qsar_data_unsorted/data_CHEMBL1075189.csv,data_CHEMBL1075189.csv,"(79, 118)",79,118,0.126582278,/home/iris/PA/qsar_data_unsorted/data_CHEMBL1075189.csv,,,
749,749,/Users/dangoo/My documents/PhD Research/Pairwise Approach/RP/qsar_data_unsorted/data_CHEMBL5416.csv,data_CHEMBL5416.csv,"(79, 431)",79,431,0.848101266,/home/iris/PA/qsar_data_unsorted/data_CHEMBL5416.csv,,,1367.csv
752,752,/Users/dangoo/My documents/PhD Research/Pairwise Approach/RP/qsar_data_unsorted/data_CHEMBL5358.csv,data_CHEMBL5358.csv,"(79, 432)",79,432,0.683544304,/home/iris/PA/qsar_data_unsorted/data_CHEMBL5358.csv,,,6977.csv
853,853,/Users/dangoo/My documents/PhD Research/Pairwise Approach/RP/qsar_data_unsorted/data_CHEMBL5615.csv,data_CHEMBL5615.csv,"(79, 431)",79,431,0.82278481,/home/iris/PA/qsar_data_unsorted/data_CHEMBL5615.csv,,,5582.csv
1015,1015,/Users/dangoo/My documents/PhD Research/Pairwise Approach/RP/qsar_data_unsorted/data_CHEMBL5969.csv,data_CHEMBL5969.csv,"(79, 431)",79,431,0.721518987,/home/iris/PA/qsar_data_unsorted/data_CHEMBL5969.csv,,,5485.csv
1058,1058,/Users/dangoo/My documents/PhD Research/Pairwise Approach/RP/qsar_data_unsorted/data_CHEMBL5388.csv,data_CHEMBL5388.csv,"(79, 431)",79,431,0.835443038,/home/iris/PA/qsar_data_unsorted/data_CHEMBL5388.csv,,,2664.csv
1062,1062,/Users/dangoo/My documents/PhD Research/Pairwise Approach/RP/qsar_data_unsorted/data_CHEMBL5405.csv,data_CHEMBL5405.csv,"(79, 431)",79,431,0.962025316,/home/iris/PA/qsar_data_unsorted/data_CHEMBL5405.csv,,,4921.csv
1070,1070,/Users/dangoo/My documents/PhD Research/Pairwise Approach/RP/qsar_data_unsorted/data_CHEMBL5808.csv,data_CHEMBL5808.csv,"(79, 431)",79,431,0.848101266,/home/iris/PA/qsar_data_unsorted/data_CHEMBL5808.csv,,,3190.csv
1106,1106,/Users/dangoo/My documents/PhD Research/Pairwise Approach/RP/qsar_data_unsorted/data_CHEMBL4702.csv,data_CHEMBL4702.csv,"(79, 125)",79,125,0.025316456,/home/iris/PA/qsar_data_unsorted/data_CHEMBL4702.csv,,,
1196,1196,/Users/dangoo/My documents/PhD Research/Pairwise Approach/RP/qsar_data_unsorted/data_CHEMBL5838.csv,data_CHEMBL5838.csv,"(79, 419)",79,419,0.708860759,/home/iris/PA/qsar_data_unsorted/data_CHEMBL5838.csv,,,1904.csv
1268,1268,/Users/dangoo/My documents/PhD Research/Pairwise Approach/RP/qsar_data_unsorted/data_CHEMBL4304.csv,data_CHEMBL4304.csv,"(79, 154)",79,154,0.037974684,/home/iris/PA/qsar_data_unsorted/data_CHEMBL4304.csv,,,
1355,1355,/Users/dangoo/My documents/PhD Research/Pairwise Approach/RP/qsar_data_unsorted/data_CHEMBL5552.csv,data_CHEMBL5552.csv,"(79, 431)",79,431,0.721518987,/home/iris/PA/qsar_data_unsorted/data_CHEMBL5552.csv,,,1805.csv
1357,1357,/Users/dangoo/My documents/PhD Research/Pairwise Approach/RP/qsar_data_unsorted/data_CHEMBL5546.csv,data_CHEMBL5546.csv,"(79, 431)",79,431,0.848101266,/home/iris/PA/qsar_data_unsorted/data_CHEMBL5546.csv,,,1798.csv
1398,1398,/Users/dangoo/My documents/PhD Research/Pairwise Approach/RP/qsar_data_unsorted/data_CHEMBL5547.csv,data_CHEMBL5547.csv,"(79, 431)",79,431,0.721518987,/home/iris/PA/qsar_data_unsorted/data_CHEMBL5547.csv,,,4662.csv
1430,1430,/Users/dangoo/My documents/PhD Research/Pairwise Approach/RP/qsar_data_unsorted/data_CHEMBL3530.csv,data_CHEMBL3530.csv,"(79, 438)",79,438,0.873417722,/home/iris/PA/qsar_data_unsorted/data_CHEMBL3530.csv,,,3125.csv
1540,1540,/Users/dangoo/My documents/PhD Research/Pairwise Approach/RP/qsar_data_unsorted/data_CHEMBL3542.csv,data_CHEMBL3542.csv,"(79, 430)",79,430,0.797468354,/home/iris/PA/qsar_data_unsorted/data_CHEMBL3542.csv,,,6303.csv
1565,1565,/Users/dangoo/My documents/PhD Research/Pairwise Approach/RP/qsar_data_unsorted/data_CHEMBL6162.csv,data_CHEMBL6162.csv,"(79, 431)",79,431,0.759493671,/home/iris/PA/qsar_data_unsorted/data_CHEMBL6162.csv,,,5263.csv
1608,1608,/Users/dangoo/My documents/PhD Research/Pairwise Approach/RP/qsar_data_unsorted/data_CHEMBL5907.csv,data_CHEMBL5907.csv,"(79, 431)",79,431,0.734177215,/home/iris/PA/qsar_data_unsorted/data_CHEMBL5907.csv,,,5103.csv
1665,1665,/Users/dangoo/My documents/PhD Research/Pairwise Approach/RP/qsar_data_unsorted/data_CHEMBL5668.csv,data_CHEMBL5668.csv,"(79, 431)",79,431,0.82278481,/home/iris/PA/qsar_data_unsorted/data_CHEMBL5668.csv,,,1949.csv
1669,1669,/Users/dangoo/My documents/PhD Research/Pairwise Approach/RP/qsar_data_unsorted/data_CHEMBL5654.csv,data_CHEMBL5654.csv,"(79, 431)",79,431,0.835443038,/home/iris/PA/qsar_data_unsorted/data_CHEMBL5654.csv,,,1416.csv
1696,1696,/Users/dangoo/My documents/PhD Research/Pairwise Approach/RP/qsar_data_unsorted/data_CHEMBL4004.csv,data_CHEMBL4004.csv,"(79, 431)",79,431,0.670886076,/home/iris/PA/qsar_data_unsorted/data_CHEMBL4004.csv,,,3521.csv
1732,1732,/Users/dangoo/My documents/PhD Research/Pairwise Approach/RP/qsar_data_unsorted/data_CHEMBL5044.csv,data_CHEMBL5044.csv,"(79, 431)",79,431,0.848101266,/home/iris/PA/qsar_data_unsorted/data_CHEMBL5044.csv,,,2978.csv
1885,1885,/Users/dangoo/My documents/PhD Research/Pairwise Approach/RP/qsar_data_unsorted/data_CHEMBL5082.csv,data_CHEMBL5082.csv,"(79, 431)",79,431,0.797468354,/home/iris/PA/qsar_data_unsorted/data_CHEMBL5082.csv,,,6912.csv
1971,1971,/Users/dangoo/My documents/PhD Research/Pairwise Approach/RP/qsar_data_unsorted/data_CHEMBL6167.csv,data_CHEMBL6167.csv,"(79, 431)",79,431,0.797468354,/home/iris/PA/qsar_data_unsorted/data_CHEMBL6167.csv,,,1803.csv
8,8,/Users/dangoo/My documents/PhD Research/Pairwise Approach/RP/qsar_data_unsorted/data_CHEMBL4556.csv,data_CHEMBL4556.csv,"(80, 148)",80,148,0.3125,/home/iris/PA/qsar_data_unsorted/data_CHEMBL4556.csv,,,5217.csv
39,39,/Users/dangoo/My documents/PhD Research/Pairwise Approach/RP/qsar_data_unsorted/data_CHEMBL4973.csv,data_CHEMBL4973.csv,"(80, 142)",80,142,0.1875,/home/iris/PA/qsar_data_unsorted/data_CHEMBL4973.csv,,,4828.csv
346,346,/Users/dangoo/My documents/PhD Research/Pairwise Approach/RP/qsar_data_unsorted/data_CHEMBL5316.csv,data_CHEMBL5316.csv,"(80, 436)",80,436,0.7875,/home/iris/PA/qsar_data_unsorted/data_CHEMBL5316.csv,,,5575.csv
361,361,/Users/dangoo/My documents/PhD Research/Pairwise Approach/RP/qsar_data_unsorted/data_CHEMBL2531.csv,data_CHEMBL2531.csv,"(80, 196)",80,196,0.3,/home/iris/PA/qsar_data_unsorted/data_CHEMBL2531.csv,,,4919.csv
491,491,/Users/dangoo/My documents/PhD Research/Pairwise Approach/RP/qsar_data_unsorted/data_CHEMBL5467.csv,data_CHEMBL5467.csv,"(80, 431)",80,431,0.775,/home/iris/PA/qsar_data_unsorted/data_CHEMBL5467.csv,,,1870.csv
510,510,/Users/dangoo/My documents/PhD Research/Pairwise Approach/RP/qsar_data_unsorted/data_CHEMBL5275.csv,data_CHEMBL5275.csv,"(80, 435)",80,435,0.9125,/home/iris/PA/qsar_data_unsorted/data_CHEMBL5275.csv,,,1288.csv
732,732,/Users/dangoo/My documents/PhD Research/Pairwise Approach/RP/qsar_data_unsorted/data_CHEMBL5616.csv,data_CHEMBL5616.csv,"(80, 435)",80,435,0.8875,/home/iris/PA/qsar_data_unsorted/data_CHEMBL5616.csv,,,7166.csv
754,754,/Users/dangoo/My documents/PhD Research/Pairwise Approach/RP/qsar_data_unsorted/data_CHEMBL6123.csv,data_CHEMBL6123.csv,"(80, 434)",80,434,0.675,/home/iris/PA/qsar_data_unsorted/data_CHEMBL6123.csv,,,7588.csv
805,805,/Users/dangoo/My documents/PhD Research/Pairwise Approach/RP/qsar_data_unsorted/data_CHEMBL5749.csv,data_CHEMBL5749.csv,"(80, 435)",80,435,0.575,/home/iris/PA/qsar_data_unsorted/data_CHEMBL5749.csv,,,3897.csv
896,896,/Users/dangoo/My documents/PhD Research/Pairwise Approach/RP/qsar_data_unsorted/data_CHEMBL5759.csv,data_CHEMBL5759.csv,"(80, 436)",80,436,0.9125,/home/iris/PA/qsar_data_unsorted/data_CHEMBL5759.csv,,,5203.csv
920,920,/Users/dangoo/My documents/PhD Research/Pairwise Approach/RP/qsar_data_unsorted/data_CHEMBL3856.csv,data_CHEMBL3856.csv,"(80, 145)",80,145,0.075,/home/iris/PA/qsar_data_unsorted/data_CHEMBL3856.csv,,,
958,958,/Users/dangoo/My documents/PhD Research/Pairwise Approach/RP/qsar_data_unsorted/data_CHEMBL4524.csv,data_CHEMBL4524.csv,"(80, 434)",80,434,0.7625,/home/iris/PA/qsar_data_unsorted/data_CHEMBL4524.csv,,,3753.csv
973,973,/Users/dangoo/My documents/PhD Research/Pairwise Approach/RP/qsar_data_unsorted/data_CHEMBL5404.csv,data_CHEMBL5404.csv,"(80, 435)",80,435,0.8625,/home/iris/PA/qsar_data_unsorted/data_CHEMBL5404.csv,,,2004.csv
1127,1127,/Users/dangoo/My documents/PhD Research/Pairwise Approach/RP/qsar_data_unsorted/data_CHEMBL4851.csv,data_CHEMBL4851.csv,"(80, 434)",80,434,0.875,/home/iris/PA/qsar_data_unsorted/data_CHEMBL4851.csv,,,7587.csv
1153,1153,/Users/dangoo/My documents/PhD Research/Pairwise Approach/RP/qsar_data_unsorted/data_CHEMBL5031.csv,data_CHEMBL5031.csv,"(80, 203)",80,203,0.0375,/home/iris/PA/qsar_data_unsorted/data_CHEMBL5031.csv,,,
1285,1285,/Users/dangoo/My documents/PhD Research/Pairwise Approach/RP/qsar_data_unsorted/data_CHEMBL4853.csv,data_CHEMBL4853.csv,"(80, 435)",80,435,0.75,/home/iris/PA/qsar_data_unsorted/data_CHEMBL4853.csv,,,3437.csv
1338,1338,/Users/dangoo/My documents/PhD Research/Pairwise Approach/RP/qsar_data_unsorted/data_CHEMBL5426.csv,data_CHEMBL5426.csv,"(80, 434)",80,434,0.775,/home/iris/PA/qsar_data_unsorted/data_CHEMBL5426.csv,,,5216.csv
1450,1450,/Users/dangoo/My documents/PhD Research/Pairwise Approach/RP/qsar_data_unsorted/data_CHEMBL5579.csv,data_CHEMBL5579.csv,"(80, 436)",80,436,0.6,/home/iris/PA/qsar_data_unsorted/data_CHEMBL5579.csv,,,3018.csv
1484,1484,/Users/dangoo/My documents/PhD Research/Pairwise Approach/RP/qsar_data_unsorted/data_CHEMBL5790.csv,data_CHEMBL5790.csv,"(80, 436)",80,436,0.7375,/home/iris/PA/qsar_data_unsorted/data_CHEMBL5790.csv,,,5149.csv
1605,1605,/Users/dangoo/My documents/PhD Research/Pairwise Approach/RP/qsar_data_unsorted/data_CHEMBL5912.csv,data_CHEMBL5912.csv,"(80, 433)",80,433,0.85,/home/iris/PA/qsar_data_unsorted/data_CHEMBL5912.csv,,,4779.csv
1616,1616,/Users/dangoo/My documents/PhD Research/Pairwise Approach/RP/qsar_data_unsorted/data_CHEMBL5052.csv,data_CHEMBL5052.csv,"(80, 435)",80,435,0.8125,/home/iris/PA/qsar_data_unsorted/data_CHEMBL5052.csv,,,3392.csv
1817,1817,/Users/dangoo/My documents/PhD Research/Pairwise Approach/RP/qsar_data_unsorted/data_CHEMBL5121.csv,data_CHEMBL5121.csv,"(80, 436)",80,436,0.8625,/home/iris/PA/qsar_data_unsorted/data_CHEMBL5121.csv,,,3166.csv
1856,1856,/Users/dangoo/My documents/PhD Research/Pairwise Approach/RP/qsar_data_unsorted/data_CHEMBL5257.csv,data_CHEMBL5257.csv,"(80, 435)",80,435,0.8625,/home/iris/PA/qsar_data_unsorted/data_CHEMBL5257.csv,,,2083.csv
135,135,/Users/dangoo/My documents/PhD Research/Pairwise Approach/RP/qsar_data_unsorted/data_CHEMBL5311.csv,data_CHEMBL5311.csv,"(81, 441)",81,441,0.839506173,/home/iris/PA/qsar_data_unsorted/data_CHEMBL5311.csv,,,4051.csv
269,269,/Users/dangoo/My documents/PhD Research/Pairwise Approach/RP/qsar_data_unsorted/data_CHEMBL5500.csv,data_CHEMBL5500.csv,"(81, 161)",81,161,0.209876543,/home/iris/PA/qsar_data_unsorted/data_CHEMBL5500.csv,,,5171.csv
296,296,/Users/dangoo/My documents/PhD Research/Pairwise Approach/RP/qsar_data_unsorted/data_CHEMBL4597.csv,data_CHEMBL4597.csv,"(81, 439)",81,439,0.604938272,/home/iris/PA/qsar_data_unsorted/data_CHEMBL4597.csv,,,1429.csv
343,343,/Users/dangoo/My documents/PhD Research/Pairwise Approach/RP/qsar_data_unsorted/data_CHEMBL5464.csv,data_CHEMBL5464.csv,"(81, 440)",81,440,0.740740741,/home/iris/PA/qsar_data_unsorted/data_CHEMBL5464.csv,,,1939.csv
483,483,/Users/dangoo/My documents/PhD Research/Pairwise Approach/RP/qsar_data_unsorted/data_CHEMBL3980.csv,data_CHEMBL3980.csv,"(81, 437)",81,437,0.703703704,/home/iris/PA/qsar_data_unsorted/data_CHEMBL3980.csv,,,1389.csv
685,685,/Users/dangoo/My documents/PhD Research/Pairwise Approach/RP/qsar_data_unsorted/data_CHEMBL6082.csv,data_CHEMBL6082.csv,"(81, 443)",81,443,0.654320988,/home/iris/PA/qsar_data_unsorted/data_CHEMBL6082.csv,,,3455.csv
722,722,/Users/dangoo/My documents/PhD Research/Pairwise Approach/RP/qsar_data_unsorted/data_CHEMBL5158.csv,data_CHEMBL5158.csv,"(81, 141)",81,141,0.049382716,/home/iris/PA/qsar_data_unsorted/data_CHEMBL5158.csv,,,
741,741,/Users/dangoo/My documents/PhD Research/Pairwise Approach/RP/qsar_data_unsorted/data_CHEMBL4522.csv,data_CHEMBL4522.csv,"(81, 438)",81,438,0.604938272,/home/iris/PA/qsar_data_unsorted/data_CHEMBL4522.csv,,,4781.csv
926,926,/Users/dangoo/My documents/PhD Research/Pairwise Approach/RP/qsar_data_unsorted/data_CHEMBL5200.csv,data_CHEMBL5200.csv,"(81, 179)",81,179,0.049382716,/home/iris/PA/qsar_data_unsorted/data_CHEMBL5200.csv,,,
952,952,/Users/dangoo/My documents/PhD Research/Pairwise Approach/RP/qsar_data_unsorted/data_CHEMBL4526.csv,data_CHEMBL4526.csv,"(81, 442)",81,442,0.530864198,/home/iris/PA/qsar_data_unsorted/data_CHEMBL4526.csv,,,6985.csv
983,983,/Users/dangoo/My documents/PhD Research/Pairwise Approach/RP/qsar_data_unsorted/data_CHEMBL6079.csv,data_CHEMBL6079.csv,"(81, 136)",81,136,0.308641975,/home/iris/PA/qsar_data_unsorted/data_CHEMBL6079.csv,,,4188.csv
984,984,/Users/dangoo/My documents/PhD Research/Pairwise Approach/RP/qsar_data_unsorted/data_CHEMBL5570.csv,data_CHEMBL5570.csv,"(81, 194)",81,194,0.024691358,/home/iris/PA/qsar_data_unsorted/data_CHEMBL5570.csv,,,
988,988,/Users/dangoo/My documents/PhD Research/Pairwise Approach/RP/qsar_data_unsorted/data_CHEMBL4849.csv,data_CHEMBL4849.csv,"(81, 435)",81,435,0.827160494,/home/iris/PA/qsar_data_unsorted/data_CHEMBL4849.csv,,,3465.csv
1140,1140,/Users/dangoo/My documents/PhD Research/Pairwise Approach/RP/qsar_data_unsorted/data_CHEMBL4312.csv,data_CHEMBL4312.csv,"(81, 438)",81,438,0.666666667,/home/iris/PA/qsar_data_unsorted/data_CHEMBL4312.csv,,,2632.csv
1182,1182,/Users/dangoo/My documents/PhD Research/Pairwise Approach/RP/qsar_data_unsorted/data_CHEMBL4924.csv,data_CHEMBL4924.csv,"(81, 437)",81,437,0.716049383,/home/iris/PA/qsar_data_unsorted/data_CHEMBL4924.csv,,,3721.csv
1254,1254,/Users/dangoo/My documents/PhD Research/Pairwise Approach/RP/qsar_data_unsorted/data_CHEMBL4311.csv,data_CHEMBL4311.csv,"(81, 436)",81,436,0.790123457,/home/iris/PA/qsar_data_unsorted/data_CHEMBL4311.csv,,,5720.csv
1391,1391,/Users/dangoo/My documents/PhD Research/Pairwise Approach/RP/qsar_data_unsorted/data_CHEMBL1293240.csv,data_CHEMBL1293240.csv,"(81, 378)",81,378,0.061728395,/home/iris/PA/qsar_data_unsorted/data_CHEMBL1293240.csv,,,
1479,1479,/Users/dangoo/My documents/PhD Research/Pairwise Approach/RP/qsar_data_unsorted/data_CHEMBL5753.csv,data_CHEMBL5753.csv,"(81, 437)",81,437,0.814814815,/home/iris/PA/qsar_data_unsorted/data_CHEMBL5753.csv,,,1849.csv
1854,1854,/Users/dangoo/My documents/PhD Research/Pairwise Approach/RP/qsar_data_unsorted/data_CHEMBL5519.csv,data_CHEMBL5519.csv,"(81, 438)",81,438,0.827160494,/home/iris/PA/qsar_data_unsorted/data_CHEMBL5519.csv,,,5462.csv
1884,1884,/Users/dangoo/My documents/PhD Research/Pairwise Approach/RP/qsar_data_unsorted/data_CHEMBL2935.csv,data_CHEMBL2935.csv,"(81, 197)",81,197,0.024691358,/home/iris/PA/qsar_data_unsorted/data_CHEMBL2935.csv,,,
1974,1974,/Users/dangoo/My documents/PhD Research/Pairwise Approach/RP/qsar_data_unsorted/data_CHEMBL5334.csv,data_CHEMBL5334.csv,"(81, 437)",81,437,0.666666667,/home/iris/PA/qsar_data_unsorted/data_CHEMBL5334.csv,,,3070.csv
2019,2019,/Users/dangoo/My documents/PhD Research/Pairwise Approach/RP/qsar_data_unsorted/data_CHEMBL5081.csv,data_CHEMBL5081.csv,"(81, 437)",81,437,0.666666667,/home/iris/PA/qsar_data_unsorted/data_CHEMBL5081.csv,,,4468.csv
2090,2090,/Users/dangoo/My documents/PhD Research/Pairwise Approach/RP/qsar_data_unsorted/data_CHEMBL2116.csv,data_CHEMBL2116.csv,"(81, 440)",81,440,0.777777778,/home/iris/PA/qsar_data_unsorted/data_CHEMBL2116.csv,,,4729.csv
285,285,/Users/dangoo/My documents/PhD Research/Pairwise Approach/RP/qsar_data_unsorted/data_CHEMBL2095229.csv,data_CHEMBL2095229.csv,"(82, 214)",82,214,0.073170732,/home/iris/PA/qsar_data_unsorted/data_CHEMBL2095229.csv,,,
315,315,/Users/dangoo/My documents/PhD Research/Pairwise Approach/RP/qsar_data_unsorted/data_CHEMBL2135.csv,data_CHEMBL2135.csv,"(82, 134)",82,134,0.451219512,/home/iris/PA/qsar_data_unsorted/data_CHEMBL2135.csv,,,4701.csv
594,594,/Users/dangoo/My documents/PhD Research/Pairwise Approach/RP/qsar_data_unsorted/data_CHEMBL3981.csv,data_CHEMBL3981.csv,"(82, 438)",82,438,0.37804878,/home/iris/PA/qsar_data_unsorted/data_CHEMBL3981.csv,,,3156.csv
643,643,/Users/dangoo/My documents/PhD Research/Pairwise Approach/RP/qsar_data_unsorted/data_CHEMBL6054.csv,data_CHEMBL6054.csv,"(82, 376)",82,376,0.731707317,/home/iris/PA/qsar_data_unsorted/data_CHEMBL6054.csv,,,3272.csv
842,842,/Users/dangoo/My documents/PhD Research/Pairwise Approach/RP/qsar_data_unsorted/data_CHEMBL4047.csv,data_CHEMBL4047.csv,"(82, 146)",82,146,0.231707317,/home/iris/PA/qsar_data_unsorted/data_CHEMBL4047.csv,,,3250.csv
982,982,/Users/dangoo/My documents/PhD Research/Pairwise Approach/RP/qsar_data_unsorted/data_CHEMBL4134.csv,data_CHEMBL4134.csv,"(82, 451)",82,451,0.646341463,/home/iris/PA/qsar_data_unsorted/data_CHEMBL4134.csv,,,3912.csv
1340,1340,/Users/dangoo/My documents/PhD Research/Pairwise Approach/RP/qsar_data_unsorted/data_CHEMBL5432.csv,data_CHEMBL5432.csv,"(82, 441)",82,441,0.597560976,/home/iris/PA/qsar_data_unsorted/data_CHEMBL5432.csv,,,5387.csv
1356,1356,/Users/dangoo/My documents/PhD Research/Pairwise Approach/RP/qsar_data_unsorted/data_CHEMBL3123.csv,data_CHEMBL3123.csv,"(82, 439)",82,439,0.743902439,/home/iris/PA/qsar_data_unsorted/data_CHEMBL3123.csv,,,2626.csv
1509,1509,/Users/dangoo/My documents/PhD Research/Pairwise Approach/RP/qsar_data_unsorted/data_CHEMBL5550.csv,data_CHEMBL5550.csv,"(82, 442)",82,442,0.841463415,/home/iris/PA/qsar_data_unsorted/data_CHEMBL5550.csv,,,4620.csv
1699,1699,/Users/dangoo/My documents/PhD Research/Pairwise Approach/RP/qsar_data_unsorted/data_CHEMBL5483.csv,data_CHEMBL5483.csv,"(82, 441)",82,441,0.743902439,/home/iris/PA/qsar_data_unsorted/data_CHEMBL5483.csv,,,4596.csv
1916,1916,/Users/dangoo/My documents/PhD Research/Pairwise Approach/RP/qsar_data_unsorted/data_CHEMBL5256.csv,data_CHEMBL5256.csv,"(82, 444)",82,444,0.695121951,/home/iris/PA/qsar_data_unsorted/data_CHEMBL5256.csv,,,5936.csv
154,154,/Users/dangoo/My documents/PhD Research/Pairwise Approach/RP/qsar_data_unsorted/data_CHEMBL3548.csv,data_CHEMBL3548.csv,"(83, 142)",83,142,0.180722892,/home/iris/PA/qsar_data_unsorted/data_CHEMBL3548.csv,,,1919.csv
259,259,/Users/dangoo/My documents/PhD Research/Pairwise Approach/RP/qsar_data_unsorted/data_CHEMBL3830.csv,data_CHEMBL3830.csv,"(83, 445)",83,445,0.56626506,/home/iris/PA/qsar_data_unsorted/data_CHEMBL3830.csv,,,5669.csv
355,355,/Users/dangoo/My documents/PhD Research/Pairwise Approach/RP/qsar_data_unsorted/data_CHEMBL1075138.csv,data_CHEMBL1075138.csv,"(83, 213)",83,213,0.084337349,/home/iris/PA/qsar_data_unsorted/data_CHEMBL1075138.csv,,,
587,587,/Users/dangoo/My documents/PhD Research/Pairwise Approach/RP/qsar_data_unsorted/data_CHEMBL5466.csv,data_CHEMBL5466.csv,"(83, 450)",83,450,0.795180723,/home/iris/PA/qsar_data_unsorted/data_CHEMBL5466.csv,,,5282.csv
784,784,/Users/dangoo/My documents/PhD Research/Pairwise Approach/RP/qsar_data_unsorted/data_CHEMBL2999.csv,data_CHEMBL2999.csv,"(83, 443)",83,443,0.746987952,/home/iris/PA/qsar_data_unsorted/data_CHEMBL2999.csv,,,7628.csv
849,849,/Users/dangoo/My documents/PhD Research/Pairwise Approach/RP/qsar_data_unsorted/data_CHEMBL5198.csv,data_CHEMBL5198.csv,"(83, 446)",83,446,0.710843373,/home/iris/PA/qsar_data_unsorted/data_CHEMBL5198.csv,,,4268.csv
965,965,/Users/dangoo/My documents/PhD Research/Pairwise Approach/RP/qsar_data_unsorted/data_CHEMBL5606.csv,data_CHEMBL5606.csv,"(83, 439)",83,439,0.819277108,/home/iris/PA/qsar_data_unsorted/data_CHEMBL5606.csv,,,2461.csv
1132,1132,/Users/dangoo/My documents/PhD Research/Pairwise Approach/RP/qsar_data_unsorted/data_CHEMBL1915.csv,data_CHEMBL1915.csv,"(83, 139)",83,139,0.108433735,/home/iris/PA/qsar_data_unsorted/data_CHEMBL1915.csv,,,
1566,1566,/Users/dangoo/My documents/PhD Research/Pairwise Approach/RP/qsar_data_unsorted/data_CHEMBL4761.csv,data_CHEMBL4761.csv,"(83, 131)",83,131,0.024096386,/home/iris/PA/qsar_data_unsorted/data_CHEMBL4761.csv,,,
1653,1653,/Users/dangoo/My documents/PhD Research/Pairwise Approach/RP/qsar_data_unsorted/data_CHEMBL317.csv,data_CHEMBL317.csv,"(83, 201)",83,201,0.156626506,/home/iris/PA/qsar_data_unsorted/data_CHEMBL317.csv,,,5328.csv
1721,1721,/Users/dangoo/My documents/PhD Research/Pairwise Approach/RP/qsar_data_unsorted/data_CHEMBL4602.csv,data_CHEMBL4602.csv,"(83, 452)",83,452,0.686746988,/home/iris/PA/qsar_data_unsorted/data_CHEMBL4602.csv,,,3623.csv
1807,1807,/Users/dangoo/My documents/PhD Research/Pairwise Approach/RP/qsar_data_unsorted/data_CHEMBL2676.csv,data_CHEMBL2676.csv,"(83, 146)",83,146,0.036144578,/home/iris/PA/qsar_data_unsorted/data_CHEMBL2676.csv,,,
2088,2088,/Users/dangoo/My documents/PhD Research/Pairwise Approach/RP/qsar_data_unsorted/data_CHEMBL4567.csv,data_CHEMBL4567.csv,"(83, 209)",83,209,0.108433735,/home/iris/PA/qsar_data_unsorted/data_CHEMBL4567.csv,,,
13,13,/Users/dangoo/My documents/PhD Research/Pairwise Approach/RP/qsar_data_unsorted/data_CHEMBL4542.csv,data_CHEMBL4542.csv,"(84, 199)",84,199,0.30952381,/home/iris/PA/qsar_data_unsorted/data_CHEMBL4542.csv,,,3252.csv
21,21,/Users/dangoo/My documents/PhD Research/Pairwise Approach/RP/qsar_data_unsorted/data_CHEMBL5310.csv,data_CHEMBL5310.csv,"(84, 452)",84,452,0.761904762,/home/iris/PA/qsar_data_unsorted/data_CHEMBL5310.csv,,,5800.csv
40,40,/Users/dangoo/My documents/PhD Research/Pairwise Approach/RP/qsar_data_unsorted/data_CHEMBL2480.csv,data_CHEMBL2480.csv,"(84, 208)",84,208,0.130952381,/home/iris/PA/qsar_data_unsorted/data_CHEMBL2480.csv,,,
130,130,/Users/dangoo/My documents/PhD Research/Pairwise Approach/RP/qsar_data_unsorted/data_CHEMBL3984.csv,data_CHEMBL3984.csv,"(84, 454)",84,454,0.916666667,/home/iris/PA/qsar_data_unsorted/data_CHEMBL3984.csv,,,1918.csv
283,283,/Users/dangoo/My documents/PhD Research/Pairwise Approach/RP/qsar_data_unsorted/data_CHEMBL3987.csv,data_CHEMBL3987.csv,"(84, 456)",84,456,0.666666667,/home/iris/PA/qsar_data_unsorted/data_CHEMBL3987.csv,,,5158.csv
291,291,/Users/dangoo/My documents/PhD Research/Pairwise Approach/RP/qsar_data_unsorted/data_CHEMBL5460.csv,data_CHEMBL5460.csv,"(84, 291)",84,291,0.5,/home/iris/PA/qsar_data_unsorted/data_CHEMBL5460.csv,,,5160.csv
449,449,/Users/dangoo/My documents/PhD Research/Pairwise Approach/RP/qsar_data_unsorted/data_CHEMBL1075307.csv,data_CHEMBL1075307.csv,"(84, 147)",84,147,0.345238095,/home/iris/PA/qsar_data_unsorted/data_CHEMBL1075307.csv,,,5966.csv
744,744,/Users/dangoo/My documents/PhD Research/Pairwise Approach/RP/qsar_data_unsorted/data_CHEMBL5402.csv,data_CHEMBL5402.csv,"(84, 154)",84,154,0.226190476,/home/iris/PA/qsar_data_unsorted/data_CHEMBL5402.csv,,,1987.csv
1109,1109,/Users/dangoo/My documents/PhD Research/Pairwise Approach/RP/qsar_data_unsorted/data_CHEMBL3938.csv,data_CHEMBL3938.csv,"(84, 450)",84,450,0.654761905,/home/iris/PA/qsar_data_unsorted/data_CHEMBL3938.csv,,,4158.csv
1295,1295,/Users/dangoo/My documents/PhD Research/Pairwise Approach/RP/qsar_data_unsorted/data_CHEMBL3906.csv,data_CHEMBL3906.csv,"(84, 448)",84,448,0.714285714,/home/iris/PA/qsar_data_unsorted/data_CHEMBL3906.csv,,,4234.csv
1459,1459,/Users/dangoo/My documents/PhD Research/Pairwise Approach/RP/qsar_data_unsorted/data_CHEMBL2558.csv,data_CHEMBL2558.csv,"(84, 451)",84,451,0.714285714,/home/iris/PA/qsar_data_unsorted/data_CHEMBL2558.csv,,,5413.csv
1486,1486,/Users/dangoo/My documents/PhD Research/Pairwise Approach/RP/qsar_data_unsorted/data_CHEMBL2940.csv,data_CHEMBL2940.csv,"(84, 148)",84,148,0.142857143,/home/iris/PA/qsar_data_unsorted/data_CHEMBL2940.csv,,,
1496,1496,/Users/dangoo/My documents/PhD Research/Pairwise Approach/RP/qsar_data_unsorted/data_CHEMBL2015.csv,data_CHEMBL2015.csv,"(84, 165)",84,165,0.119047619,/home/iris/PA/qsar_data_unsorted/data_CHEMBL2015.csv,,,
1677,1677,/Users/dangoo/My documents/PhD Research/Pairwise Approach/RP/qsar_data_unsorted/data_CHEMBL4574.csv,data_CHEMBL4574.csv,"(84, 441)",84,441,0.785714286,/home/iris/PA/qsar_data_unsorted/data_CHEMBL4574.csv,,,2647.csv
1701,1701,/Users/dangoo/My documents/PhD Research/Pairwise Approach/RP/qsar_data_unsorted/data_CHEMBL5497.csv,data_CHEMBL5497.csv,"(84, 74)",84,74,0.023809524,/home/iris/PA/qsar_data_unsorted/data_CHEMBL5497.csv,,,
1827,1827,/Users/dangoo/My documents/PhD Research/Pairwise Approach/RP/qsar_data_unsorted/data_CHEMBL5684.csv,data_CHEMBL5684.csv,"(84, 447)",84,447,0.714285714,/home/iris/PA/qsar_data_unsorted/data_CHEMBL5684.csv,,,3433.csv
2079,2079,/Users/dangoo/My documents/PhD Research/Pairwise Approach/RP/qsar_data_unsorted/data_CHEMBL4598.csv,data_CHEMBL4598.csv,"(84, 443)",84,443,0.654761905,/home/iris/PA/qsar_data_unsorted/data_CHEMBL4598.csv,,,3969.csv
287,287,/Users/dangoo/My documents/PhD Research/Pairwise Approach/RP/qsar_data_unsorted/data_CHEMBL2094123.csv,data_CHEMBL2094123.csv,"(85, 140)",85,140,0.035294118,/home/iris/PA/qsar_data_unsorted/data_CHEMBL2094123.csv,,,
509,509,/Users/dangoo/My documents/PhD Research/Pairwise Approach/RP/qsar_data_unsorted/data_CHEMBL3604.csv,data_CHEMBL3604.csv,"(85, 162)",85,162,0.094117647,/home/iris/PA/qsar_data_unsorted/data_CHEMBL3604.csv,,,
725,725,/Users/dangoo/My documents/PhD Research/Pairwise Approach/RP/qsar_data_unsorted/data_CHEMBL4246.csv,data_CHEMBL4246.csv,"(85, 448)",85,448,0.823529412,/home/iris/PA/qsar_data_unsorted/data_CHEMBL4246.csv,,,4430.csv
788,788,/Users/dangoo/My documents/PhD Research/Pairwise Approach/RP/qsar_data_unsorted/data_CHEMBL4442.csv,data_CHEMBL4442.csv,"(85, 444)",85,444,0.8,/home/iris/PA/qsar_data_unsorted/data_CHEMBL4442.csv,,,5101.csv
1413,1413,/Users/dangoo/My documents/PhD Research/Pairwise Approach/RP/qsar_data_unsorted/data_CHEMBL3056.csv,data_CHEMBL3056.csv,"(85, 165)",85,165,0.082352941,/home/iris/PA/qsar_data_unsorted/data_CHEMBL3056.csv,,,
1585,1585,/Users/dangoo/My documents/PhD Research/Pairwise Approach/RP/qsar_data_unsorted/data_CHEMBL3813.csv,data_CHEMBL3813.csv,"(85, 165)",85,165,0.023529412,/home/iris/PA/qsar_data_unsorted/data_CHEMBL3813.csv,,,
1613,1613,/Users/dangoo/My documents/PhD Research/Pairwise Approach/RP/qsar_data_unsorted/data_CHEMBL4402.csv,data_CHEMBL4402.csv,"(85, 149)",85,149,0.270588235,/home/iris/PA/qsar_data_unsorted/data_CHEMBL4402.csv,,,3025.csv
1835,1835,/Users/dangoo/My documents/PhD Research/Pairwise Approach/RP/qsar_data_unsorted/data_CHEMBL5445.csv,data_CHEMBL5445.csv,"(85, 129)",85,129,0.023529412,/home/iris/PA/qsar_data_unsorted/data_CHEMBL5445.csv,,,
1922,1922,/Users/dangoo/My documents/PhD Research/Pairwise Approach/RP/qsar_data_unsorted/data_CHEMBL5493.csv,data_CHEMBL5493.csv,"(85, 174)",85,174,0.211764706,/home/iris/PA/qsar_data_unsorted/data_CHEMBL5493.csv,,,4653.csv
1992,1992,/Users/dangoo/My documents/PhD Research/Pairwise Approach/RP/qsar_data_unsorted/data_CHEMBL4176.csv,data_CHEMBL4176.csv,"(85, 127)",85,127,0.047058824,/home/iris/PA/qsar_data_unsorted/data_CHEMBL4176.csv,,,
304,304,/Users/dangoo/My documents/PhD Research/Pairwise Approach/RP/qsar_data_unsorted/data_CHEMBL2870.csv,data_CHEMBL2870.csv,"(86, 183)",86,183,0.186046512,/home/iris/PA/qsar_data_unsorted/data_CHEMBL2870.csv,,,4028.csv
321,321,/Users/dangoo/My documents/PhD Research/Pairwise Approach/RP/qsar_data_unsorted/data_CHEMBL2109.csv,data_CHEMBL2109.csv,"(86, 450)",86,450,0.662790698,/home/iris/PA/qsar_data_unsorted/data_CHEMBL2109.csv,,,1782.csv
527,527,/Users/dangoo/My documents/PhD Research/Pairwise Approach/RP/qsar_data_unsorted/data_CHEMBL4355.csv,data_CHEMBL4355.csv,"(86, 456)",86,456,0.406976744,/home/iris/PA/qsar_data_unsorted/data_CHEMBL4355.csv,,,5457.csv
956,956,/Users/dangoo/My documents/PhD Research/Pairwise Approach/RP/qsar_data_unsorted/data_CHEMBL2627.csv,data_CHEMBL2627.csv,"(86, 147)",86,147,0.104651163,/home/iris/PA/qsar_data_unsorted/data_CHEMBL2627.csv,,,
1116,1116,/Users/dangoo/My documents/PhD Research/Pairwise Approach/RP/qsar_data_unsorted/data_CHEMBL5554.csv,data_CHEMBL5554.csv,"(86, 461)",86,461,0.755813953,/home/iris/PA/qsar_data_unsorted/data_CHEMBL5554.csv,,,3890.csv
1195,1195,/Users/dangoo/My documents/PhD Research/Pairwise Approach/RP/qsar_data_unsorted/data_CHEMBL5810.csv,data_CHEMBL5810.csv,"(86, 468)",86,468,0.593023256,/home/iris/PA/qsar_data_unsorted/data_CHEMBL5810.csv,,,2000.csv
1259,1259,/Users/dangoo/My documents/PhD Research/Pairwise Approach/RP/qsar_data_unsorted/data_CHEMBL3481.csv,data_CHEMBL3481.csv,"(86, 198)",86,198,0.023255814,/home/iris/PA/qsar_data_unsorted/data_CHEMBL3481.csv,,,
1658,1658,/Users/dangoo/My documents/PhD Research/Pairwise Approach/RP/qsar_data_unsorted/data_CHEMBL2111453.csv,data_CHEMBL2111453.csv,"(86, 108)",86,108,0.023255814,/home/iris/PA/qsar_data_unsorted/data_CHEMBL2111453.csv,,,
35,35,/Users/dangoo/My documents/PhD Research/Pairwise Approach/RP/qsar_data_unsorted/data_CHEMBL6157.csv,data_CHEMBL6157.csv,"(87, 68)",87,68,0.045977011,/home/iris/PA/qsar_data_unsorted/data_CHEMBL6157.csv,,,
337,337,/Users/dangoo/My documents/PhD Research/Pairwise Approach/RP/qsar_data_unsorted/data_CHEMBL2095205.csv,data_CHEMBL2095205.csv,"(87, 142)",87,142,0.126436782,/home/iris/PA/qsar_data_unsorted/data_CHEMBL2095205.csv,,,
578,578,/Users/dangoo/My documents/PhD Research/Pairwise Approach/RP/qsar_data_unsorted/data_CHEMBL3956.csv,data_CHEMBL3956.csv,"(87, 456)",87,456,0.827586207,/home/iris/PA/qsar_data_unsorted/data_CHEMBL3956.csv,,,4315.csv
1093,1093,/Users/dangoo/My documents/PhD Research/Pairwise Approach/RP/qsar_data_unsorted/data_CHEMBL2111357.csv,data_CHEMBL2111357.csv,"(87, 133)",87,133,0.103448276,/home/iris/PA/qsar_data_unsorted/data_CHEMBL2111357.csv,,,
1228,1228,/Users/dangoo/My documents/PhD Research/Pairwise Approach/RP/qsar_data_unsorted/data_CHEMBL3085.csv,data_CHEMBL3085.csv,"(87, 159)",87,159,0.137931034,/home/iris/PA/qsar_data_unsorted/data_CHEMBL3085.csv,,,
204,204,/Users/dangoo/My documents/PhD Research/Pairwise Approach/RP/qsar_data_unsorted/data_CHEMBL2304402.csv,data_CHEMBL2304402.csv,"(88, 191)",88,191,0.102272727,/home/iris/PA/qsar_data_unsorted/data_CHEMBL2304402.csv,,,
228,228,/Users/dangoo/My documents/PhD Research/Pairwise Approach/RP/qsar_data_unsorted/data_CHEMBL3399.csv,data_CHEMBL3399.csv,"(88, 205)",88,205,0.022727273,/home/iris/PA/qsar_data_unsorted/data_CHEMBL3399.csv,,,
249,249,/Users/dangoo/My documents/PhD Research/Pairwise Approach/RP/qsar_data_unsorted/data_CHEMBL2146313.csv,data_CHEMBL2146313.csv,"(88, 282)",88,282,0.965909091,/home/iris/PA/qsar_data_unsorted/data_CHEMBL2146313.csv,,,2470.csv
682,682,/Users/dangoo/My documents/PhD Research/Pairwise Approach/RP/qsar_data_unsorted/data_CHEMBL3313.csv,data_CHEMBL3313.csv,"(88, 88)",88,88,0.034090909,/home/iris/PA/qsar_data_unsorted/data_CHEMBL3313.csv,,,
848,848,/Users/dangoo/My documents/PhD Research/Pairwise Approach/RP/qsar_data_unsorted/data_CHEMBL5832.csv,data_CHEMBL5832.csv,"(88, 131)",88,131,0.215909091,/home/iris/PA/qsar_data_unsorted/data_CHEMBL5832.csv,,,3423.csv
944,944,/Users/dangoo/My documents/PhD Research/Pairwise Approach/RP/qsar_data_unsorted/data_CHEMBL1169598.csv,data_CHEMBL1169598.csv,"(88, 190)",88,190,0.045454545,/home/iris/PA/qsar_data_unsorted/data_CHEMBL1169598.csv,,,
1012,1012,/Users/dangoo/My documents/PhD Research/Pairwise Approach/RP/qsar_data_unsorted/data_CHEMBL1781862.csv,data_CHEMBL1781862.csv,"(88, 162)",88,162,0.045454545,/home/iris/PA/qsar_data_unsorted/data_CHEMBL1781862.csv,,,
1124,1124,/Users/dangoo/My documents/PhD Research/Pairwise Approach/RP/qsar_data_unsorted/data_CHEMBL1907592.csv,data_CHEMBL1907592.csv,"(88, 194)",88,194,0.022727273,/home/iris/PA/qsar_data_unsorted/data_CHEMBL1907592.csv,,,
1976,1976,/Users/dangoo/My documents/PhD Research/Pairwise Approach/RP/qsar_data_unsorted/data_CHEMBL5320.csv,data_CHEMBL5320.csv,"(88, 446)",88,446,0.636363636,/home/iris/PA/qsar_data_unsorted/data_CHEMBL5320.csv,,,L323.csv
42,42,/Users/dangoo/My documents/PhD Research/Pairwise Approach/RP/qsar_data_unsorted/data_CHEMBL1837.csv,data_CHEMBL1837.csv,"(89, 159)",89,159,0.056179775,/home/iris/PA/qsar_data_unsorted/data_CHEMBL1837.csv,,,
69,69,/Users/dangoo/My documents/PhD Research/Pairwise Approach/RP/qsar_data_unsorted/data_CHEMBL5072.csv,data_CHEMBL5072.csv,"(89, 472)",89,472,0.595505618,/home/iris/PA/qsar_data_unsorted/data_CHEMBL5072.csv,,,1784.csv
103,103,/Users/dangoo/My documents/PhD Research/Pairwise Approach/RP/qsar_data_unsorted/data_CHEMBL3833.csv,data_CHEMBL3833.csv,"(89, 133)",89,133,0.269662921,/home/iris/PA/qsar_data_unsorted/data_CHEMBL3833.csv,,,3771.csv
330,330,/Users/dangoo/My documents/PhD Research/Pairwise Approach/RP/qsar_data_unsorted/data_CHEMBL5855.csv,data_CHEMBL5855.csv,"(89, 452)",89,452,0.775280899,/home/iris/PA/qsar_data_unsorted/data_CHEMBL5855.csv,,,5227.csv
454,454,/Users/dangoo/My documents/PhD Research/Pairwise Approach/RP/qsar_data_unsorted/data_CHEMBL3564.csv,data_CHEMBL3564.csv,"(89, 159)",89,159,0.393258427,/home/iris/PA/qsar_data_unsorted/data_CHEMBL3564.csv,,,5186.csv
471,471,/Users/dangoo/My documents/PhD Research/Pairwise Approach/RP/qsar_data_unsorted/data_CHEMBL2888.csv,data_CHEMBL2888.csv,"(89, 205)",89,205,0.157303371,/home/iris/PA/qsar_data_unsorted/data_CHEMBL2888.csv,,,3921.csv
1006,1006,/Users/dangoo/My documents/PhD Research/Pairwise Approach/RP/qsar_data_unsorted/data_CHEMBL5014.csv,data_CHEMBL5014.csv,"(89, 453)",89,453,0.528089888,/home/iris/PA/qsar_data_unsorted/data_CHEMBL5014.csv,,,2575.csv
1320,1320,/Users/dangoo/My documents/PhD Research/Pairwise Approach/RP/qsar_data_unsorted/data_CHEMBL3251.csv,data_CHEMBL3251.csv,"(89, 221)",89,221,0.247191011,/home/iris/PA/qsar_data_unsorted/data_CHEMBL3251.csv,,,4027.csv
1370,1370,/Users/dangoo/My documents/PhD Research/Pairwise Approach/RP/qsar_data_unsorted/data_CHEMBL3321.csv,data_CHEMBL3321.csv,"(89, 96)",89,96,0.134831461,/home/iris/PA/qsar_data_unsorted/data_CHEMBL3321.csv,,,
1741,1741,/Users/dangoo/My documents/PhD Research/Pairwise Approach/RP/qsar_data_unsorted/data_CHEMBL2918.csv,data_CHEMBL2918.csv,"(89, 459)",89,459,0.764044944,/home/iris/PA/qsar_data_unsorted/data_CHEMBL2918.csv,,,1892.csv
1010,1010,/Users/dangoo/My documents/PhD Research/Pairwise Approach/RP/qsar_data_unsorted/data_CHEMBL4487.csv,data_CHEMBL4487.csv,"(90, 463)",90,463,0.755555556,/home/iris/PA/qsar_data_unsorted/data_CHEMBL4487.csv,,,4191.csv
1638,1638,/Users/dangoo/My documents/PhD Research/Pairwise Approach/RP/qsar_data_unsorted/data_CHEMBL3621.csv,data_CHEMBL3621.csv,"(90, 69)",90,69,0.066666667,/home/iris/PA/qsar_data_unsorted/data_CHEMBL3621.csv,,,
1950,1950,/Users/dangoo/My documents/PhD Research/Pairwise Approach/RP/qsar_data_unsorted/data_CHEMBL2129.csv,data_CHEMBL2129.csv,"(90, 143)",90,143,0.244444444,/home/iris/PA/qsar_data_unsorted/data_CHEMBL2129.csv,,,2617.csv
1975,1975,/Users/dangoo/My documents/PhD Research/Pairwise Approach/RP/qsar_data_unsorted/data_CHEMBL2094111.csv,data_CHEMBL2094111.csv,"(90, 187)",90,187,0.488888889,/home/iris/PA/qsar_data_unsorted/data_CHEMBL2094111.csv,,,6137.csv
765,765,/Users/dangoo/My documents/PhD Research/Pairwise Approach/RP/qsar_data_unsorted/data_CHEMBL4132.csv,data_CHEMBL4132.csv,"(91, 144)",91,144,0.054945055,/home/iris/PA/qsar_data_unsorted/data_CHEMBL4132.csv,,,
781,781,/Users/dangoo/My documents/PhD Research/Pairwise Approach/RP/qsar_data_unsorted/data_CHEMBL1923.csv,data_CHEMBL1923.csv,"(91, 138)",91,138,0.076923077,/home/iris/PA/qsar_data_unsorted/data_CHEMBL1923.csv,,,
786,786,/Users/dangoo/My documents/PhD Research/Pairwise Approach/RP/qsar_data_unsorted/data_CHEMBL2027.csv,data_CHEMBL2027.csv,"(91, 138)",91,138,0.043956044,/home/iris/PA/qsar_data_unsorted/data_CHEMBL2027.csv,,,
1018,1018,/Users/dangoo/My documents/PhD Research/Pairwise Approach/RP/qsar_data_unsorted/data_CHEMBL5940.csv,data_CHEMBL5940.csv,"(91, 473)",91,473,0.692307692,/home/iris/PA/qsar_data_unsorted/data_CHEMBL5940.csv,,,4699.csv
1207,1207,/Users/dangoo/My documents/PhD Research/Pairwise Approach/RP/qsar_data_unsorted/data_CHEMBL3520.csv,data_CHEMBL3520.csv,"(91, 394)",91,394,0.307692308,/home/iris/PA/qsar_data_unsorted/data_CHEMBL3520.csv,,,2331.csv
1283,1283,/Users/dangoo/My documents/PhD Research/Pairwise Approach/RP/qsar_data_unsorted/data_CHEMBL1907590.csv,data_CHEMBL1907590.csv,"(91, 187)",91,187,0.10989011,/home/iris/PA/qsar_data_unsorted/data_CHEMBL1907590.csv,,,
1948,1948,/Users/dangoo/My documents/PhD Research/Pairwise Approach/RP/qsar_data_unsorted/data_CHEMBL2883.csv,data_CHEMBL2883.csv,"(91, 206)",91,206,0.120879121,/home/iris/PA/qsar_data_unsorted/data_CHEMBL2883.csv,,,
2013,2013,/Users/dangoo/My documents/PhD Research/Pairwise Approach/RP/qsar_data_unsorted/data_CHEMBL1628481.csv,data_CHEMBL1628481.csv,"(91, 173)",91,173,0.505494505,/home/iris/PA/qsar_data_unsorted/data_CHEMBL1628481.csv,,,4338.csv
240,240,/Users/dangoo/My documents/PhD Research/Pairwise Approach/RP/qsar_data_unsorted/data_CHEMBL3429.csv,data_CHEMBL3429.csv,"(92, 189)",92,189,0.097826087,/home/iris/PA/qsar_data_unsorted/data_CHEMBL3429.csv,,,
379,379,/Users/dangoo/My documents/PhD Research/Pairwise Approach/RP/qsar_data_unsorted/data_CHEMBL614865.csv,data_CHEMBL614865.csv,"(92, 122)",92,122,0.032608696,/home/iris/PA/qsar_data_unsorted/data_CHEMBL614865.csv,,,
756,756,/Users/dangoo/My documents/PhD Research/Pairwise Approach/RP/qsar_data_unsorted/data_CHEMBL1293305.csv,data_CHEMBL1293305.csv,"(92, 421)",92,421,0.902173913,/home/iris/PA/qsar_data_unsorted/data_CHEMBL1293305.csv,,,L311.csv
1949,1949,/Users/dangoo/My documents/PhD Research/Pairwise Approach/RP/qsar_data_unsorted/data_CHEMBL2897.csv,data_CHEMBL2897.csv,"(92, 477)",92,477,0.684782609,/home/iris/PA/qsar_data_unsorted/data_CHEMBL2897.csv,,,2318.csv
2062,2062,/Users/dangoo/My documents/PhD Research/Pairwise Approach/RP/qsar_data_unsorted/data_CHEMBL2499.csv,data_CHEMBL2499.csv,"(92, 228)",92,228,0.032608696,/home/iris/PA/qsar_data_unsorted/data_CHEMBL2499.csv,,,
2064,2064,/Users/dangoo/My documents/PhD Research/Pairwise Approach/RP/qsar_data_unsorted/data_CHEMBL1806.csv,data_CHEMBL1806.csv,"(92, 309)",92,309,0.097826087,/home/iris/PA/qsar_data_unsorted/data_CHEMBL1806.csv,,,
2067,2067,/Users/dangoo/My documents/PhD Research/Pairwise Approach/RP/qsar_data_unsorted/data_CHEMBL3988.csv,data_CHEMBL3988.csv,"(92, 473)",92,473,0.684782609,/home/iris/PA/qsar_data_unsorted/data_CHEMBL3988.csv,,,3338.csv
6,6,/Users/dangoo/My documents/PhD Research/Pairwise Approach/RP/qsar_data_unsorted/data_CHEMBL2097164.csv,data_CHEMBL2097164.csv,"(93, 249)",93,249,0.129032258,/home/iris/PA/qsar_data_unsorted/data_CHEMBL2097164.csv,,,
195,195,/Users/dangoo/My documents/PhD Research/Pairwise Approach/RP/qsar_data_unsorted/data_CHEMBL2252.csv,data_CHEMBL2252.csv,"(93, 198)",93,198,0.064516129,/home/iris/PA/qsar_data_unsorted/data_CHEMBL2252.csv,,,
364,364,/Users/dangoo/My documents/PhD Research/Pairwise Approach/RP/qsar_data_unsorted/data_CHEMBL3607.csv,data_CHEMBL3607.csv,"(93, 197)",93,197,0.344086022,/home/iris/PA/qsar_data_unsorted/data_CHEMBL3607.csv,,,6976.csv
925,925,/Users/dangoo/My documents/PhD Research/Pairwise Approach/RP/qsar_data_unsorted/data_CHEMBL3117.csv,data_CHEMBL3117.csv,"(93, 73)",93,73,0.053763441,/home/iris/PA/qsar_data_unsorted/data_CHEMBL3117.csv,,,
1090,1090,/Users/dangoo/My documents/PhD Research/Pairwise Approach/RP/qsar_data_unsorted/data_CHEMBL3253.csv,data_CHEMBL3253.csv,"(93, 351)",93,351,0.096774194,/home/iris/PA/qsar_data_unsorted/data_CHEMBL3253.csv,,,
1399,1399,/Users/dangoo/My documents/PhD Research/Pairwise Approach/RP/qsar_data_unsorted/data_CHEMBL5221.csv,data_CHEMBL5221.csv,"(93, 172)",93,172,0.064516129,/home/iris/PA/qsar_data_unsorted/data_CHEMBL5221.csv,,,
1641,1641,/Users/dangoo/My documents/PhD Research/Pairwise Approach/RP/qsar_data_unsorted/data_CHEMBL3972.csv,data_CHEMBL3972.csv,"(93, 208)",93,208,0.075268817,/home/iris/PA/qsar_data_unsorted/data_CHEMBL3972.csv,,,
1782,1782,/Users/dangoo/My documents/PhD Research/Pairwise Approach/RP/qsar_data_unsorted/data_CHEMBL1828.csv,data_CHEMBL1828.csv,"(93, 308)",93,308,0.150537634,/home/iris/PA/qsar_data_unsorted/data_CHEMBL1828.csv,,,6664.csv
1784,1784,/Users/dangoo/My documents/PhD Research/Pairwise Approach/RP/qsar_data_unsorted/data_CHEMBL2093862.csv,data_CHEMBL2093862.csv,"(93, 403)",93,403,0.344086022,/home/iris/PA/qsar_data_unsorted/data_CHEMBL2093862.csv,,,6007.csv
1820,1820,/Users/dangoo/My documents/PhD Research/Pairwise Approach/RP/qsar_data_unsorted/data_CHEMBL3236.csv,data_CHEMBL3236.csv,"(93, 231)",93,231,0.172043011,/home/iris/PA/qsar_data_unsorted/data_CHEMBL3236.csv,,,3475.csv
247,247,/Users/dangoo/My documents/PhD Research/Pairwise Approach/RP/qsar_data_unsorted/data_CHEMBL1795126.csv,data_CHEMBL1795126.csv,"(94, 129)",94,129,0.042553191,/home/iris/PA/qsar_data_unsorted/data_CHEMBL1795126.csv,,,
770,770,/Users/dangoo/My documents/PhD Research/Pairwise Approach/RP/qsar_data_unsorted/data_CHEMBL2231.csv,data_CHEMBL2231.csv,"(94, 147)",94,147,0.042553191,/home/iris/PA/qsar_data_unsorted/data_CHEMBL2231.csv,,,
1794,1794,/Users/dangoo/My documents/PhD Research/Pairwise Approach/RP/qsar_data_unsorted/data_CHEMBL2052031.csv,data_CHEMBL2052031.csv,"(94, 132)",94,132,0.329787234,/home/iris/PA/qsar_data_unsorted/data_CHEMBL2052031.csv,,,6666.csv
2048,2048,/Users/dangoo/My documents/PhD Research/Pairwise Approach/RP/qsar_data_unsorted/data_CHEMBL3817.csv,data_CHEMBL3817.csv,"(94, 205)",94,205,0.159574468,/home/iris/PA/qsar_data_unsorted/data_CHEMBL3817.csv,,,5193.csv
2063,2063,/Users/dangoo/My documents/PhD Research/Pairwise Approach/RP/qsar_data_unsorted/data_CHEMBL1909484.csv,data_CHEMBL1909484.csv,"(94, 363)",94,363,0.063829787,/home/iris/PA/qsar_data_unsorted/data_CHEMBL1909484.csv,,,
173,173,/Users/dangoo/My documents/PhD Research/Pairwise Approach/RP/qsar_data_unsorted/data_CHEMBL3762.csv,data_CHEMBL3762.csv,"(95, 210)",95,210,0.221052632,/home/iris/PA/qsar_data_unsorted/data_CHEMBL3762.csv,,,5697.csv
268,268,/Users/dangoo/My documents/PhD Research/Pairwise Approach/RP/qsar_data_unsorted/data_CHEMBL3171.csv,data_CHEMBL3171.csv,"(95, 210)",95,210,0.031578947,/home/iris/PA/qsar_data_unsorted/data_CHEMBL3171.csv,,,
697,697,/Users/dangoo/My documents/PhD Research/Pairwise Approach/RP/qsar_data_unsorted/data_CHEMBL2096973.csv,data_CHEMBL2096973.csv,"(95, 158)",95,158,0.042105263,/home/iris/PA/qsar_data_unsorted/data_CHEMBL2096973.csv,,,
954,954,/Users/dangoo/My documents/PhD Research/Pairwise Approach/RP/qsar_data_unsorted/data_CHEMBL4530.csv,data_CHEMBL4530.csv,"(95, 179)",95,179,0.084210526,/home/iris/PA/qsar_data_unsorted/data_CHEMBL4530.csv,,,
1094,1094,/Users/dangoo/My documents/PhD Research/Pairwise Approach/RP/qsar_data_unsorted/data_CHEMBL2111431.csv,data_CHEMBL2111431.csv,"(95, 189)",95,189,0.073684211,/home/iris/PA/qsar_data_unsorted/data_CHEMBL2111431.csv,,,
1278,1278,/Users/dangoo/My documents/PhD Research/Pairwise Approach/RP/qsar_data_unsorted/data_CHEMBL1903.csv,data_CHEMBL1903.csv,"(95, 114)",95,114,0.084210526,/home/iris/PA/qsar_data_unsorted/data_CHEMBL1903.csv,,,
1574,1574,/Users/dangoo/My documents/PhD Research/Pairwise Approach/RP/qsar_data_unsorted/data_CHEMBL3973.csv,data_CHEMBL3973.csv,"(95, 489)",95,489,0.694736842,/home/iris/PA/qsar_data_unsorted/data_CHEMBL3973.csv,,,2487.csv
1933,1933,/Users/dangoo/My documents/PhD Research/Pairwise Approach/RP/qsar_data_unsorted/data_CHEMBL4014.csv,data_CHEMBL4014.csv,"(95, 469)",95,469,0.473684211,/home/iris/PA/qsar_data_unsorted/data_CHEMBL4014.csv,,,4267.csv
137,137,/Users/dangoo/My documents/PhD Research/Pairwise Approach/RP/qsar_data_unsorted/data_CHEMBL4769.csv,data_CHEMBL4769.csv,"(96, 135)",96,135,0.125,/home/iris/PA/qsar_data_unsorted/data_CHEMBL4769.csv,,,
730,730,/Users/dangoo/My documents/PhD Research/Pairwise Approach/RP/qsar_data_unsorted/data_CHEMBL4508.csv,data_CHEMBL4508.csv,"(96, 143)",96,143,0.03125,/home/iris/PA/qsar_data_unsorted/data_CHEMBL4508.csv,,,
759,759,/Users/dangoo/My documents/PhD Research/Pairwise Approach/RP/qsar_data_unsorted/data_CHEMBL1857.csv,data_CHEMBL1857.csv,"(96, 204)",96,204,0.260416667,/home/iris/PA/qsar_data_unsorted/data_CHEMBL1857.csv,,,2652.csv
1009,1009,/Users/dangoo/My documents/PhD Research/Pairwise Approach/RP/qsar_data_unsorted/data_CHEMBL5941.csv,data_CHEMBL5941.csv,"(96, 479)",96,479,0.677083333,/home/iris/PA/qsar_data_unsorted/data_CHEMBL5941.csv,,,4899.csv
1738,1738,/Users/dangoo/My documents/PhD Research/Pairwise Approach/RP/qsar_data_unsorted/data_CHEMBL3384.csv,data_CHEMBL3384.csv,"(96, 468)",96,468,0.645833333,/home/iris/PA/qsar_data_unsorted/data_CHEMBL3384.csv,,,5194.csv
258,258,/Users/dangoo/My documents/PhD Research/Pairwise Approach/RP/qsar_data_unsorted/data_CHEMBL4187.csv,data_CHEMBL4187.csv,"(97, 220)",97,220,0.051546392,/home/iris/PA/qsar_data_unsorted/data_CHEMBL4187.csv,,,
371,371,/Users/dangoo/My documents/PhD Research/Pairwise Approach/RP/qsar_data_unsorted/data_CHEMBL3834.csv,data_CHEMBL3834.csv,"(97, 475)",97,475,0.628865979,/home/iris/PA/qsar_data_unsorted/data_CHEMBL3834.csv,,,3649.csv
406,406,/Users/dangoo/My documents/PhD Research/Pairwise Approach/RP/qsar_data_unsorted/data_CHEMBL2095172.csv,data_CHEMBL2095172.csv,"(97, 246)",97,246,0.030927835,/home/iris/PA/qsar_data_unsorted/data_CHEMBL2095172.csv,,,
452,452,/Users/dangoo/My documents/PhD Research/Pairwise Approach/RP/qsar_data_unsorted/data_CHEMBL4586.csv,data_CHEMBL4586.csv,"(97, 147)",97,147,0.134020619,/home/iris/PA/qsar_data_unsorted/data_CHEMBL4586.csv,,,
698,698,/Users/dangoo/My documents/PhD Research/Pairwise Approach/RP/qsar_data_unsorted/data_CHEMBL5399.csv,data_CHEMBL5399.csv,"(97, 86)",97,86,0.010309278,/home/iris/PA/qsar_data_unsorted/data_CHEMBL5399.csv,,,
858,858,/Users/dangoo/My documents/PhD Research/Pairwise Approach/RP/qsar_data_unsorted/data_CHEMBL4527.csv,data_CHEMBL4527.csv,"(97, 446)",97,446,0.391752577,/home/iris/PA/qsar_data_unsorted/data_CHEMBL4527.csv,,,4398.csv
1263,1263,/Users/dangoo/My documents/PhD Research/Pairwise Approach/RP/qsar_data_unsorted/data_CHEMBL5973.csv,data_CHEMBL5973.csv,"(97, 231)",97,231,0.030927835,/home/iris/PA/qsar_data_unsorted/data_CHEMBL5973.csv,,,
1753,1753,/Users/dangoo/My documents/PhD Research/Pairwise Approach/RP/qsar_data_unsorted/data_CHEMBL4367.csv,data_CHEMBL4367.csv,"(97, 465)",97,465,0.556701031,/home/iris/PA/qsar_data_unsorted/data_CHEMBL4367.csv,,,3719.csv
1899,1899,/Users/dangoo/My documents/PhD Research/Pairwise Approach/RP/qsar_data_unsorted/data_CHEMBL3419.csv,data_CHEMBL3419.csv,"(97, 151)",97,151,0.092783505,/home/iris/PA/qsar_data_unsorted/data_CHEMBL3419.csv,,,
1238,1238,/Users/dangoo/My documents/PhD Research/Pairwise Approach/RP/qsar_data_unsorted/data_CHEMBL4675.csv,data_CHEMBL4675.csv,"(98, 168)",98,168,0.142857143,/home/iris/PA/qsar_data_unsorted/data_CHEMBL4675.csv,,,
2055,2055,/Users/dangoo/My documents/PhD Research/Pairwise Approach/RP/qsar_data_unsorted/data_CHEMBL4611.csv,data_CHEMBL4611.csv,"(98, 136)",98,136,0.479591837,/home/iris/PA/qsar_data_unsorted/data_CHEMBL4611.csv,,,6675.csv
177,177,/Users/dangoo/My documents/PhD Research/Pairwise Approach/RP/qsar_data_unsorted/data_CHEMBL6140.csv,data_CHEMBL6140.csv,"(99, 221)",99,221,0.060606061,/home/iris/PA/qsar_data_unsorted/data_CHEMBL6140.csv,,,
329,329,/Users/dangoo/My documents/PhD Research/Pairwise Approach/RP/qsar_data_unsorted/data_CHEMBL5699.csv,data_CHEMBL5699.csv,"(99, 475)",99,475,0.383838384,/home/iris/PA/qsar_data_unsorted/data_CHEMBL5699.csv,,,4111.csv
505,505,/Users/dangoo/My documents/PhD Research/Pairwise Approach/RP/qsar_data_unsorted/data_CHEMBL1741172.csv,data_CHEMBL1741172.csv,"(99, 385)",99,385,0.03030303,/home/iris/PA/qsar_data_unsorted/data_CHEMBL1741172.csv,,,
579,579,/Users/dangoo/My documents/PhD Research/Pairwise Approach/RP/qsar_data_unsorted/data_CHEMBL2490.csv,data_CHEMBL2490.csv,"(99, 162)",99,162,0.050505051,/home/iris/PA/qsar_data_unsorted/data_CHEMBL2490.csv,,,
854,854,/Users/dangoo/My documents/PhD Research/Pairwise Approach/RP/qsar_data_unsorted/data_CHEMBL1907604.csv,data_CHEMBL1907604.csv,"(99, 196)",99,196,0.272727273,/home/iris/PA/qsar_data_unsorted/data_CHEMBL1907604.csv,,,5131.csv
1274,1274,/Users/dangoo/My documents/PhD Research/Pairwise Approach/RP/qsar_data_unsorted/data_CHEMBL5754.csv,data_CHEMBL5754.csv,"(99, 475)",99,475,0.535353535,/home/iris/PA/qsar_data_unsorted/data_CHEMBL5754.csv,,,7605.csv
1911,1911,/Users/dangoo/My documents/PhD Research/Pairwise Approach/RP/qsar_data_unsorted/data_CHEMBL2096670.csv,data_CHEMBL2096670.csv,"(99, 266)",99,266,0.050505051,/home/iris/PA/qsar_data_unsorted/data_CHEMBL2096670.csv,,,
1937,1937,/Users/dangoo/My documents/PhD Research/Pairwise Approach/RP/qsar_data_unsorted/data_CHEMBL4766.csv,data_CHEMBL4766.csv,"(99, 407)",99,407,0.262626263,/home/iris/PA/qsar_data_unsorted/data_CHEMBL4766.csv,,,2274.csv
311,311,/Users/dangoo/My documents/PhD Research/Pairwise Approach/RP/qsar_data_unsorted/data_CHEMBL5662.csv,data_CHEMBL5662.csv,"(100, 175)",100,175,0.06,/home/iris/PA/qsar_data_unsorted/data_CHEMBL5662.csv,,,
834,834,/Users/dangoo/My documents/PhD Research/Pairwise Approach/RP/qsar_data_unsorted/data_CHEMBL4090.csv,data_CHEMBL4090.csv,"(100, 244)",100,244,0.04,/home/iris/PA/qsar_data_unsorted/data_CHEMBL4090.csv,,,
1819,1819,/Users/dangoo/My documents/PhD Research/Pairwise Approach/RP/qsar_data_unsorted/data_CHEMBL4559.csv,data_CHEMBL4559.csv,"(100, 193)",100,193,0.07,/home/iris/PA/qsar_data_unsorted/data_CHEMBL4559.csv,,,
289,289,/Users/dangoo/My documents/PhD Research/Pairwise Approach/RP/qsar_data_unsorted/data_CHEMBL5306.csv,data_CHEMBL5306.csv,"(101, 165)",101,165,0.04950495,/home/iris/PA/qsar_data_unsorted/data_CHEMBL5306.csv,,,
561,561,/Users/dangoo/My documents/PhD Research/Pairwise Approach/RP/qsar_data_unsorted/data_CHEMBL3349.csv,data_CHEMBL3349.csv,"(101, 202)",101,202,0.118811881,/home/iris/PA/qsar_data_unsorted/data_CHEMBL3349.csv,,,
577,577,/Users/dangoo/My documents/PhD Research/Pairwise Approach/RP/qsar_data_unsorted/data_CHEMBL4977.csv,data_CHEMBL4977.csv,"(101, 289)",101,289,0.148514851,/home/iris/PA/qsar_data_unsorted/data_CHEMBL4977.csv,,,
674,674,/Users/dangoo/My documents/PhD Research/Pairwise Approach/RP/qsar_data_unsorted/data_CHEMBL4454.csv,data_CHEMBL4454.csv,"(101, 490)",101,490,0.396039604,/home/iris/PA/qsar_data_unsorted/data_CHEMBL4454.csv,,,2203.csv
708,708,/Users/dangoo/My documents/PhD Research/Pairwise Approach/RP/qsar_data_unsorted/data_CHEMBL1293307.csv,data_CHEMBL1293307.csv,"(101, 348)",101,348,0.148514851,/home/iris/PA/qsar_data_unsorted/data_CHEMBL1293307.csv,,,
837,837,/Users/dangoo/My documents/PhD Research/Pairwise Approach/RP/qsar_data_unsorted/data_CHEMBL3933.csv,data_CHEMBL3933.csv,"(101, 109)",101,109,0.02970297,/home/iris/PA/qsar_data_unsorted/data_CHEMBL3933.csv,,,
909,909,/Users/dangoo/My documents/PhD Research/Pairwise Approach/RP/qsar_data_unsorted/data_CHEMBL3467.csv,data_CHEMBL3467.csv,"(101, 361)",101,361,0.168316832,/home/iris/PA/qsar_data_unsorted/data_CHEMBL3467.csv,,,5160.csv
1024,1024,/Users/dangoo/My documents/PhD Research/Pairwise Approach/RP/qsar_data_unsorted/data_CHEMBL5767.csv,data_CHEMBL5767.csv,"(101, 194)",101,194,0.01980198,/home/iris/PA/qsar_data_unsorted/data_CHEMBL5767.csv,,,
1226,1226,/Users/dangoo/My documents/PhD Research/Pairwise Approach/RP/qsar_data_unsorted/data_CHEMBL4715.csv,data_CHEMBL4715.csv,"(101, 170)",101,170,0.356435644,/home/iris/PA/qsar_data_unsorted/data_CHEMBL4715.csv,,,2051.csv
1347,1347,/Users/dangoo/My documents/PhD Research/Pairwise Approach/RP/qsar_data_unsorted/data_CHEMBL4937.csv,data_CHEMBL4937.csv,"(101, 474)",101,474,0.495049505,/home/iris/PA/qsar_data_unsorted/data_CHEMBL4937.csv,,,3514.csv
1572,1572,/Users/dangoo/My documents/PhD Research/Pairwise Approach/RP/qsar_data_unsorted/data_CHEMBL3797.csv,data_CHEMBL3797.csv,"(101, 211)",101,211,0.336633663,/home/iris/PA/qsar_data_unsorted/data_CHEMBL3797.csv,,,4631.csv
1923,1923,/Users/dangoo/My documents/PhD Research/Pairwise Approach/RP/qsar_data_unsorted/data_CHEMBL4941.csv,data_CHEMBL4941.csv,"(101, 149)",101,149,0.04950495,/home/iris/PA/qsar_data_unsorted/data_CHEMBL4941.csv,,,
1493,1493,/Users/dangoo/My documents/PhD Research/Pairwise Approach/RP/qsar_data_unsorted/data_CHEMBL3337.csv,data_CHEMBL3337.csv,"(102, 242)",102,242,0.049019608,/home/iris/PA/qsar_data_unsorted/data_CHEMBL3337.csv,,,
1693,1693,/Users/dangoo/My documents/PhD Research/Pairwise Approach/RP/qsar_data_unsorted/data_CHEMBL5332.csv,data_CHEMBL5332.csv,"(102, 457)",102,457,0.607843137,/home/iris/PA/qsar_data_unsorted/data_CHEMBL5332.csv,,,3151.csv
1850,1850,/Users/dangoo/My documents/PhD Research/Pairwise Approach/RP/qsar_data_unsorted/data_CHEMBL4954.csv,data_CHEMBL4954.csv,"(102, 484)",102,484,0.509803922,/home/iris/PA/qsar_data_unsorted/data_CHEMBL4954.csv,,,1881.csv
948,948,/Users/dangoo/My documents/PhD Research/Pairwise Approach/RP/qsar_data_unsorted/data_CHEMBL5604.csv,data_CHEMBL5604.csv,"(103, 451)",103,451,0.611650485,/home/iris/PA/qsar_data_unsorted/data_CHEMBL5604.csv,,,
968,968,/Users/dangoo/My documents/PhD Research/Pairwise Approach/RP/qsar_data_unsorted/data_CHEMBL4054.csv,data_CHEMBL4054.csv,"(103, 97)",103,97,0.029126214,/home/iris/PA/qsar_data_unsorted/data_CHEMBL4054.csv,,,
1046,1046,/Users/dangoo/My documents/PhD Research/Pairwise Approach/RP/qsar_data_unsorted/data_CHEMBL4135.csv,data_CHEMBL4135.csv,"(103, 158)",103,158,0.097087379,/home/iris/PA/qsar_data_unsorted/data_CHEMBL4135.csv,,,
1410,1410,/Users/dangoo/My documents/PhD Research/Pairwise Approach/RP/qsar_data_unsorted/data_CHEMBL3724.csv,data_CHEMBL3724.csv,"(103, 157)",103,157,0.048543689,/home/iris/PA/qsar_data_unsorted/data_CHEMBL3724.csv,,,
1870,1870,/Users/dangoo/My documents/PhD Research/Pairwise Approach/RP/qsar_data_unsorted/data_CHEMBL2074.csv,data_CHEMBL2074.csv,"(103, 150)",103,150,0.077669903,/home/iris/PA/qsar_data_unsorted/data_CHEMBL2074.csv,,,
2053,2053,/Users/dangoo/My documents/PhD Research/Pairwise Approach/RP/qsar_data_unsorted/data_CHEMBL2096673.csv,data_CHEMBL2096673.csv,"(103, 142)",103,142,0.038834951,/home/iris/PA/qsar_data_unsorted/data_CHEMBL2096673.csv,,,
207,207,/Users/dangoo/My documents/PhD Research/Pairwise Approach/RP/qsar_data_unsorted/data_CHEMBL1940.csv,data_CHEMBL1940.csv,"(104, 278)",104,278,0.230769231,/home/iris/PA/qsar_data_unsorted/data_CHEMBL1940.csv,,,
559,559,/Users/dangoo/My documents/PhD Research/Pairwise Approach/RP/qsar_data_unsorted/data_CHEMBL290.csv,data_CHEMBL290.csv,"(104, 225)",104,225,0.057692308,/home/iris/PA/qsar_data_unsorted/data_CHEMBL290.csv,,,
1416,1416,/Users/dangoo/My documents/PhD Research/Pairwise Approach/RP/qsar_data_unsorted/data_CHEMBL2096983.csv,data_CHEMBL2096983.csv,"(104, 209)",104,209,0.048076923,/home/iris/PA/qsar_data_unsorted/data_CHEMBL2096983.csv,,,
1586,1586,/Users/dangoo/My documents/PhD Research/Pairwise Approach/RP/qsar_data_unsorted/data_CHEMBL1962.csv,data_CHEMBL1962.csv,"(104, 260)",104,260,0.057692308,/home/iris/PA/qsar_data_unsorted/data_CHEMBL1962.csv,,,
1714,1714,/Users/dangoo/My documents/PhD Research/Pairwise Approach/RP/qsar_data_unsorted/data_CHEMBL2096674.csv,data_CHEMBL2096674.csv,"(104, 154)",104,154,0.057692308,/home/iris/PA/qsar_data_unsorted/data_CHEMBL2096674.csv,,,
726,726,/Users/dangoo/My documents/PhD Research/Pairwise Approach/RP/qsar_data_unsorted/data_CHEMBL2623.csv,data_CHEMBL2623.csv,"(105, 149)",105,149,0.304761905,/home/iris/PA/qsar_data_unsorted/data_CHEMBL2623.csv,,,
782,782,/Users/dangoo/My documents/PhD Research/Pairwise Approach/RP/qsar_data_unsorted/data_CHEMBL3305.csv,data_CHEMBL3305.csv,"(105, 193)",105,193,0.047619048,/home/iris/PA/qsar_data_unsorted/data_CHEMBL3305.csv,,,
827,827,/Users/dangoo/My documents/PhD Research/Pairwise Approach/RP/qsar_data_unsorted/data_CHEMBL4133.csv,data_CHEMBL4133.csv,"(105, 120)",105,120,0.19047619,/home/iris/PA/qsar_data_unsorted/data_CHEMBL4133.csv,,,
1097,1097,/Users/dangoo/My documents/PhD Research/Pairwise Approach/RP/qsar_data_unsorted/data_CHEMBL2830.csv,data_CHEMBL2830.csv,"(105, 187)",105,187,0.057142857,/home/iris/PA/qsar_data_unsorted/data_CHEMBL2830.csv,,,
1671,1671,/Users/dangoo/My documents/PhD Research/Pairwise Approach/RP/qsar_data_unsorted/data_CHEMBL2885.csv,data_CHEMBL2885.csv,"(105, 260)",105,260,0.066666667,/home/iris/PA/qsar_data_unsorted/data_CHEMBL2885.csv,,,
898,898,/Users/dangoo/My documents/PhD Research/Pairwise Approach/RP/qsar_data_unsorted/data_CHEMBL4309.csv,data_CHEMBL4309.csv,"(106, 480)",106,480,0.79245283,/home/iris/PA/qsar_data_unsorted/data_CHEMBL4309.csv,,,
1482,1482,/Users/dangoo/My documents/PhD Research/Pairwise Approach/RP/qsar_data_unsorted/data_CHEMBL5784.csv,data_CHEMBL5784.csv,"(106, 485)",106,485,0.556603774,/home/iris/PA/qsar_data_unsorted/data_CHEMBL5784.csv,,,
1713,1713,/Users/dangoo/My documents/PhD Research/Pairwise Approach/RP/qsar_data_unsorted/data_CHEMBL6029.csv,data_CHEMBL6029.csv,"(106, 440)",106,440,0.660377358,/home/iris/PA/qsar_data_unsorted/data_CHEMBL6029.csv,,,
524,524,/Users/dangoo/My documents/PhD Research/Pairwise Approach/RP/qsar_data_unsorted/data_CHEMBL291.csv,data_CHEMBL291.csv,"(107, 290)",107,290,0.074766355,/home/iris/PA/qsar_data_unsorted/data_CHEMBL291.csv,,,
1499,1499,/Users/dangoo/My documents/PhD Research/Pairwise Approach/RP/qsar_data_unsorted/data_CHEMBL2221348.csv,data_CHEMBL2221348.csv,"(107, 189)",107,189,0.121495327,/home/iris/PA/qsar_data_unsorted/data_CHEMBL2221348.csv,,,
1764,1764,/Users/dangoo/My documents/PhD Research/Pairwise Approach/RP/qsar_data_unsorted/data_CHEMBL5284.csv,data_CHEMBL5284.csv,"(107, 500)",107,500,0.373831776,/home/iris/PA/qsar_data_unsorted/data_CHEMBL5284.csv,,,
1818,1818,/Users/dangoo/My documents/PhD Research/Pairwise Approach/RP/qsar_data_unsorted/data_CHEMBL2128.csv,data_CHEMBL2128.csv,"(107, 248)",107,248,0.121495327,/home/iris/PA/qsar_data_unsorted/data_CHEMBL2128.csv,,,
48,48,/Users/dangoo/My documents/PhD Research/Pairwise Approach/RP/qsar_data_unsorted/data_CHEMBL2494.csv,data_CHEMBL2494.csv,"(108, 515)",108,515,0.731481481,/home/iris/PA/qsar_data_unsorted/data_CHEMBL2494.csv,,,
237,237,/Users/dangoo/My documents/PhD Research/Pairwise Approach/RP/qsar_data_unsorted/data_CHEMBL1908385.csv,data_CHEMBL1908385.csv,"(108, 442)",108,442,0.5,/home/iris/PA/qsar_data_unsorted/data_CHEMBL1908385.csv,,,
397,397,/Users/dangoo/My documents/PhD Research/Pairwise Approach/RP/qsar_data_unsorted/data_CHEMBL4394.csv,data_CHEMBL4394.csv,"(108, 176)",108,176,0.064814815,/home/iris/PA/qsar_data_unsorted/data_CHEMBL4394.csv,,,
637,637,/Users/dangoo/My documents/PhD Research/Pairwise Approach/RP/qsar_data_unsorted/data_CHEMBL5398.csv,data_CHEMBL5398.csv,"(108, 415)",108,415,0.462962963,/home/iris/PA/qsar_data_unsorted/data_CHEMBL5398.csv,,,
1133,1133,/Users/dangoo/My documents/PhD Research/Pairwise Approach/RP/qsar_data_unsorted/data_CHEMBL5024.csv,data_CHEMBL5024.csv,"(108, 228)",108,228,0.074074074,/home/iris/PA/qsar_data_unsorted/data_CHEMBL5024.csv,,,
1591,1591,/Users/dangoo/My documents/PhD Research/Pairwise Approach/RP/qsar_data_unsorted/data_CHEMBL1275212.csv,data_CHEMBL1275212.csv,"(108, 183)",108,183,0.046296296,/home/iris/PA/qsar_data_unsorted/data_CHEMBL1275212.csv,,,
563,563,/Users/dangoo/My documents/PhD Research/Pairwise Approach/RP/qsar_data_unsorted/data_CHEMBL2304405.csv,data_CHEMBL2304405.csv,"(109, 221)",109,221,0.128440367,/home/iris/PA/qsar_data_unsorted/data_CHEMBL2304405.csv,,,
1064,1064,/Users/dangoo/My documents/PhD Research/Pairwise Approach/RP/qsar_data_unsorted/data_CHEMBL2096989.csv,data_CHEMBL2096989.csv,"(109, 171)",109,171,0.110091743,/home/iris/PA/qsar_data_unsorted/data_CHEMBL2096989.csv,,,
1857,1857,/Users/dangoo/My documents/PhD Research/Pairwise Approach/RP/qsar_data_unsorted/data_CHEMBL2096665.csv,data_CHEMBL2096665.csv,"(109, 197)",109,197,0.027522936,/home/iris/PA/qsar_data_unsorted/data_CHEMBL2096665.csv,,,
108,108,/Users/dangoo/My documents/PhD Research/Pairwise Approach/RP/qsar_data_unsorted/data_CHEMBL2536.csv,data_CHEMBL2536.csv,"(110, 125)",110,125,0.090909091,/home/iris/PA/qsar_data_unsorted/data_CHEMBL2536.csv,,,
745,745,/Users/dangoo/My documents/PhD Research/Pairwise Approach/RP/qsar_data_unsorted/data_CHEMBL5364.csv,data_CHEMBL5364.csv,"(110, 492)",110,492,0.590909091,/home/iris/PA/qsar_data_unsorted/data_CHEMBL5364.csv,,,
970,970,/Users/dangoo/My documents/PhD Research/Pairwise Approach/RP/qsar_data_unsorted/data_CHEMBL1886.csv,data_CHEMBL1886.csv,"(110, 137)",110,137,0.045454545,/home/iris/PA/qsar_data_unsorted/data_CHEMBL1886.csv,,,
1042,1042,/Users/dangoo/My documents/PhD Research/Pairwise Approach/RP/qsar_data_unsorted/data_CHEMBL3114.csv,data_CHEMBL3114.csv,"(110, 131)",110,131,0.036363636,/home/iris/PA/qsar_data_unsorted/data_CHEMBL3114.csv,,,
1060,1060,/Users/dangoo/My documents/PhD Research/Pairwise Approach/RP/qsar_data_unsorted/data_CHEMBL1250375.csv,data_CHEMBL1250375.csv,"(110, 273)",110,273,0.063636364,/home/iris/PA/qsar_data_unsorted/data_CHEMBL1250375.csv,,,
121,121,/Users/dangoo/My documents/PhD Research/Pairwise Approach/RP/qsar_data_unsorted/data_CHEMBL4796.csv,data_CHEMBL4796.csv,"(111, 323)",111,323,0.126126126,/home/iris/PA/qsar_data_unsorted/data_CHEMBL4796.csv,,,
341,341,/Users/dangoo/My documents/PhD Research/Pairwise Approach/RP/qsar_data_unsorted/data_CHEMBL2323.csv,data_CHEMBL2323.csv,"(111, 161)",111,161,0.036036036,/home/iris/PA/qsar_data_unsorted/data_CHEMBL2323.csv,,,
440,440,/Users/dangoo/My documents/PhD Research/Pairwise Approach/RP/qsar_data_unsorted/data_CHEMBL2322.csv,data_CHEMBL2322.csv,"(111, 224)",111,224,0.153153153,/home/iris/PA/qsar_data_unsorted/data_CHEMBL2322.csv,,,
656,656,/Users/dangoo/My documents/PhD Research/Pairwise Approach/RP/qsar_data_unsorted/data_CHEMBL5011.csv,data_CHEMBL5011.csv,"(111, 166)",111,166,0.09009009,/home/iris/PA/qsar_data_unsorted/data_CHEMBL5011.csv,,,
924,924,/Users/dangoo/My documents/PhD Research/Pairwise Approach/RP/qsar_data_unsorted/data_CHEMBL6084.csv,data_CHEMBL6084.csv,"(111, 265)",111,265,0.054054054,/home/iris/PA/qsar_data_unsorted/data_CHEMBL6084.csv,,,
913,913,/Users/dangoo/My documents/PhD Research/Pairwise Approach/RP/qsar_data_unsorted/data_CHEMBL1667665.csv,data_CHEMBL1667665.csv,"(112, 149)",112,149,0.035714286,/home/iris/PA/qsar_data_unsorted/data_CHEMBL1667665.csv,,,
1091,1091,/Users/dangoo/My documents/PhD Research/Pairwise Approach/RP/qsar_data_unsorted/data_CHEMBL3535.csv,data_CHEMBL3535.csv,"(112, 298)",112,298,0.196428571,/home/iris/PA/qsar_data_unsorted/data_CHEMBL3535.csv,,,
1440,1440,/Users/dangoo/My documents/PhD Research/Pairwise Approach/RP/qsar_data_unsorted/data_CHEMBL3068.csv,data_CHEMBL3068.csv,"(112, 210)",112,210,0.080357143,/home/iris/PA/qsar_data_unsorted/data_CHEMBL3068.csv,,,
119,119,/Users/dangoo/My documents/PhD Research/Pairwise Approach/RP/qsar_data_unsorted/data_CHEMBL1822.csv,data_CHEMBL1822.csv,"(113, 213)",113,213,0.03539823,/home/iris/PA/qsar_data_unsorted/data_CHEMBL1822.csv,,,
549,549,/Users/dangoo/My documents/PhD Research/Pairwise Approach/RP/qsar_data_unsorted/data_CHEMBL2094253.csv,data_CHEMBL2094253.csv,"(113, 221)",113,221,0.221238938,/home/iris/PA/qsar_data_unsorted/data_CHEMBL2094253.csv,,,
850,850,/Users/dangoo/My documents/PhD Research/Pairwise Approach/RP/qsar_data_unsorted/data_CHEMBL2111360.csv,data_CHEMBL2111360.csv,"(113, 226)",113,226,0.044247788,/home/iris/PA/qsar_data_unsorted/data_CHEMBL2111360.csv,,,
916,916,/Users/dangoo/My documents/PhD Research/Pairwise Approach/RP/qsar_data_unsorted/data_CHEMBL4687.csv,data_CHEMBL4687.csv,"(113, 203)",113,203,0.079646018,/home/iris/PA/qsar_data_unsorted/data_CHEMBL4687.csv,,,
185,185,/Users/dangoo/My documents/PhD Research/Pairwise Approach/RP/qsar_data_unsorted/data_CHEMBL1820.csv,data_CHEMBL1820.csv,"(114, 202)",114,202,0.035087719,/home/iris/PA/qsar_data_unsorted/data_CHEMBL1820.csv,,,
547,547,/Users/dangoo/My documents/PhD Research/Pairwise Approach/RP/qsar_data_unsorted/data_CHEMBL3361.csv,data_CHEMBL3361.csv,"(114, 178)",114,178,0.026315789,/home/iris/PA/qsar_data_unsorted/data_CHEMBL3361.csv,,,
762,762,/Users/dangoo/My documents/PhD Research/Pairwise Approach/RP/qsar_data_unsorted/data_CHEMBL2096622.csv,data_CHEMBL2096622.csv,"(114, 152)",114,152,0.333333333,/home/iris/PA/qsar_data_unsorted/data_CHEMBL2096622.csv,,,
1837,1837,/Users/dangoo/My documents/PhD Research/Pairwise Approach/RP/qsar_data_unsorted/data_CHEMBL5337.csv,data_CHEMBL5337.csv,"(114, 209)",114,209,0.026315789,/home/iris/PA/qsar_data_unsorted/data_CHEMBL5337.csv,,,
142,142,/Users/dangoo/My documents/PhD Research/Pairwise Approach/RP/qsar_data_unsorted/data_CHEMBL2873.csv,data_CHEMBL2873.csv,"(115, 500)",115,500,0.443478261,/home/iris/PA/qsar_data_unsorted/data_CHEMBL2873.csv,,,
1419,1419,/Users/dangoo/My documents/PhD Research/Pairwise Approach/RP/qsar_data_unsorted/data_CHEMBL3526.csv,data_CHEMBL3526.csv,"(115, 223)",115,223,0.043478261,/home/iris/PA/qsar_data_unsorted/data_CHEMBL3526.csv,,,
1431,1431,/Users/dangoo/My documents/PhD Research/Pairwise Approach/RP/qsar_data_unsorted/data_CHEMBL5141.csv,data_CHEMBL5141.csv,"(115, 172)",115,172,0.07826087,/home/iris/PA/qsar_data_unsorted/data_CHEMBL5141.csv,,,
1859,1859,/Users/dangoo/My documents/PhD Research/Pairwise Approach/RP/qsar_data_unsorted/data_CHEMBL5525.csv,data_CHEMBL5525.csv,"(115, 139)",115,139,0.026086957,/home/iris/PA/qsar_data_unsorted/data_CHEMBL5525.csv,,,
308,308,/Users/dangoo/My documents/PhD Research/Pairwise Approach/RP/qsar_data_unsorted/data_CHEMBL4226.csv,data_CHEMBL4226.csv,"(116, 482)",116,482,0.637931034,/home/iris/PA/qsar_data_unsorted/data_CHEMBL4226.csv,,,
636,636,/Users/dangoo/My documents/PhD Research/Pairwise Approach/RP/qsar_data_unsorted/data_CHEMBL4086.csv,data_CHEMBL4086.csv,"(116, 162)",116,162,0.198275862,/home/iris/PA/qsar_data_unsorted/data_CHEMBL4086.csv,,,
1118,1118,/Users/dangoo/My documents/PhD Research/Pairwise Approach/RP/qsar_data_unsorted/data_CHEMBL3125.csv,data_CHEMBL3125.csv,"(116, 515)",116,515,0.534482759,/home/iris/PA/qsar_data_unsorted/data_CHEMBL3125.csv,,,
1176,1176,/Users/dangoo/My documents/PhD Research/Pairwise Approach/RP/qsar_data_unsorted/data_CHEMBL3656.csv,data_CHEMBL3656.csv,"(116, 231)",116,231,0.034482759,/home/iris/PA/qsar_data_unsorted/data_CHEMBL3656.csv,,,
1598,1598,/Users/dangoo/My documents/PhD Research/Pairwise Approach/RP/qsar_data_unsorted/data_CHEMBL3378.csv,data_CHEMBL3378.csv,"(116, 199)",116,199,0.146551724,/home/iris/PA/qsar_data_unsorted/data_CHEMBL3378.csv,,,
1771,1771,/Users/dangoo/My documents/PhD Research/Pairwise Approach/RP/qsar_data_unsorted/data_CHEMBL6000.csv,data_CHEMBL6000.csv,"(117, 462)",117,462,0.435897436,/home/iris/PA/qsar_data_unsorted/data_CHEMBL6000.csv,,,
1866,1866,/Users/dangoo/My documents/PhD Research/Pairwise Approach/RP/qsar_data_unsorted/data_CHEMBL2289.csv,data_CHEMBL2289.csv,"(117, 185)",117,185,0.256410256,/home/iris/PA/qsar_data_unsorted/data_CHEMBL2289.csv,,,
830,830,/Users/dangoo/My documents/PhD Research/Pairwise Approach/RP/qsar_data_unsorted/data_CHEMBL3106.csv,data_CHEMBL3106.csv,"(118, 252)",118,252,0.050847458,/home/iris/PA/qsar_data_unsorted/data_CHEMBL3106.csv,,,
1485,1485,/Users/dangoo/My documents/PhD Research/Pairwise Approach/RP/qsar_data_unsorted/data_CHEMBL3486.csv,data_CHEMBL3486.csv,"(118, 230)",118,230,0.110169492,/home/iris/PA/qsar_data_unsorted/data_CHEMBL3486.csv,,,
1918,1918,/Users/dangoo/My documents/PhD Research/Pairwise Approach/RP/qsar_data_unsorted/data_CHEMBL6005.csv,data_CHEMBL6005.csv,"(118, 485)",118,485,0.474576271,/home/iris/PA/qsar_data_unsorted/data_CHEMBL6005.csv,,,
2039,2039,/Users/dangoo/My documents/PhD Research/Pairwise Approach/RP/qsar_data_unsorted/data_CHEMBL3368.csv,data_CHEMBL3368.csv,"(118, 227)",118,227,0.050847458,/home/iris/PA/qsar_data_unsorted/data_CHEMBL3368.csv,,,
124,124,/Users/dangoo/My documents/PhD Research/Pairwise Approach/RP/qsar_data_unsorted/data_CHEMBL4999.csv,data_CHEMBL4999.csv,"(119, 201)",119,201,0.663865546,/home/iris/PA/qsar_data_unsorted/data_CHEMBL4999.csv,,,
394,394,/Users/dangoo/My documents/PhD Research/Pairwise Approach/RP/qsar_data_unsorted/data_CHEMBL2095198.csv,data_CHEMBL2095198.csv,"(119, 185)",119,185,0.084033613,/home/iris/PA/qsar_data_unsorted/data_CHEMBL2095198.csv,,,
1860,1860,/Users/dangoo/My documents/PhD Research/Pairwise Approach/RP/qsar_data_unsorted/data_CHEMBL3154.csv,data_CHEMBL3154.csv,"(119, 240)",119,240,0.117647059,/home/iris/PA/qsar_data_unsorted/data_CHEMBL3154.csv,,,
1952,1952,/Users/dangoo/My documents/PhD Research/Pairwise Approach/RP/qsar_data_unsorted/data_CHEMBL4564.csv,data_CHEMBL4564.csv,"(119, 199)",119,199,0.033613445,/home/iris/PA/qsar_data_unsorted/data_CHEMBL4564.csv,,,
612,612,/Users/dangoo/My documents/PhD Research/Pairwise Approach/RP/qsar_data_unsorted/data_CHEMBL5617.csv,data_CHEMBL5617.csv,"(120, 519)",120,519,0.491666667,/home/iris/PA/qsar_data_unsorted/data_CHEMBL5617.csv,,,
1096,1096,/Users/dangoo/My documents/PhD Research/Pairwise Approach/RP/qsar_data_unsorted/data_CHEMBL3290.csv,data_CHEMBL3290.csv,"(120, 535)",120,535,0.55,/home/iris/PA/qsar_data_unsorted/data_CHEMBL3290.csv,,,
1287,1287,/Users/dangoo/My documents/PhD Research/Pairwise Approach/RP/qsar_data_unsorted/data_CHEMBL2577.csv,data_CHEMBL2577.csv,"(120, 178)",120,178,0.033333333,/home/iris/PA/qsar_data_unsorted/data_CHEMBL2577.csv,,,
1457,1457,/Users/dangoo/My documents/PhD Research/Pairwise Approach/RP/qsar_data_unsorted/data_CHEMBL1293281.csv,data_CHEMBL1293281.csv,"(120, 461)",120,461,0.058333333,/home/iris/PA/qsar_data_unsorted/data_CHEMBL1293281.csv,,,
2051,2051,/Users/dangoo/My documents/PhD Research/Pairwise Approach/RP/qsar_data_unsorted/data_CHEMBL5533.csv,data_CHEMBL5533.csv,"(120, 212)",120,212,0.175,/home/iris/PA/qsar_data_unsorted/data_CHEMBL5533.csv,,,
871,871,/Users/dangoo/My documents/PhD Research/Pairwise Approach/RP/qsar_data_unsorted/data_CHEMBL3062.csv,data_CHEMBL3062.csv,"(121, 369)",121,369,0.272727273,/home/iris/PA/qsar_data_unsorted/data_CHEMBL3062.csv,,,
919,919,/Users/dangoo/My documents/PhD Research/Pairwise Approach/RP/qsar_data_unsorted/data_CHEMBL1163116.csv,data_CHEMBL1163116.csv,"(121, 138)",121,138,0.074380165,/home/iris/PA/qsar_data_unsorted/data_CHEMBL1163116.csv,,,
1104,1104,/Users/dangoo/My documents/PhD Research/Pairwise Approach/RP/qsar_data_unsorted/data_CHEMBL4070.csv,data_CHEMBL4070.csv,"(121, 494)",121,494,0.47107438,/home/iris/PA/qsar_data_unsorted/data_CHEMBL4070.csv,,,
1303,1303,/Users/dangoo/My documents/PhD Research/Pairwise Approach/RP/qsar_data_unsorted/data_CHEMBL2096986.csv,data_CHEMBL2096986.csv,"(121, 234)",121,234,0.140495868,/home/iris/PA/qsar_data_unsorted/data_CHEMBL2096986.csv,,,
1352,1352,/Users/dangoo/My documents/PhD Research/Pairwise Approach/RP/qsar_data_unsorted/data_CHEMBL2573.csv,data_CHEMBL2573.csv,"(121, 407)",121,407,0.107438017,/home/iris/PA/qsar_data_unsorted/data_CHEMBL2573.csv,,,
1490,1490,/Users/dangoo/My documents/PhD Research/Pairwise Approach/RP/qsar_data_unsorted/data_CHEMBL5975.csv,data_CHEMBL5975.csv,"(121, 473)",121,473,0.446280992,/home/iris/PA/qsar_data_unsorted/data_CHEMBL5975.csv,,,
544,544,/Users/dangoo/My documents/PhD Research/Pairwise Approach/RP/qsar_data_unsorted/data_CHEMBL4383.csv,data_CHEMBL4383.csv,"(122, 169)",122,169,0.024590164,/home/iris/PA/qsar_data_unsorted/data_CHEMBL4383.csv,,,
591,591,/Users/dangoo/My documents/PhD Research/Pairwise Approach/RP/qsar_data_unsorted/data_CHEMBL4744.csv,data_CHEMBL4744.csv,"(122, 236)",122,236,0.040983607,/home/iris/PA/qsar_data_unsorted/data_CHEMBL4744.csv,,,
917,917,/Users/dangoo/My documents/PhD Research/Pairwise Approach/RP/qsar_data_unsorted/data_CHEMBL1293249.csv,data_CHEMBL1293249.csv,"(122, 438)",122,438,0.016393443,/home/iris/PA/qsar_data_unsorted/data_CHEMBL1293249.csv,,,
977,977,/Users/dangoo/My documents/PhD Research/Pairwise Approach/RP/qsar_data_unsorted/data_CHEMBL4901.csv,data_CHEMBL4901.csv,"(122, 509)",122,509,0.56557377,/home/iris/PA/qsar_data_unsorted/data_CHEMBL4901.csv,,,
1165,1165,/Users/dangoo/My documents/PhD Research/Pairwise Approach/RP/qsar_data_unsorted/data_CHEMBL3859.csv,data_CHEMBL3859.csv,"(122, 188)",122,188,0.196721311,/home/iris/PA/qsar_data_unsorted/data_CHEMBL3859.csv,,,
1230,1230,/Users/dangoo/My documents/PhD Research/Pairwise Approach/RP/qsar_data_unsorted/data_CHEMBL3913.csv,data_CHEMBL3913.csv,"(122, 256)",122,256,0.172131148,/home/iris/PA/qsar_data_unsorted/data_CHEMBL3913.csv,,,
1361,1361,/Users/dangoo/My documents/PhD Research/Pairwise Approach/RP/qsar_data_unsorted/data_CHEMBL1293269.csv,data_CHEMBL1293269.csv,"(122, 420)",122,420,0.024590164,/home/iris/PA/qsar_data_unsorted/data_CHEMBL1293269.csv,,,
1420,1420,/Users/dangoo/My documents/PhD Research/Pairwise Approach/RP/qsar_data_unsorted/data_CHEMBL5631.csv,data_CHEMBL5631.csv,"(122, 227)",122,227,0.024590164,/home/iris/PA/qsar_data_unsorted/data_CHEMBL5631.csv,,,
1567,1567,/Users/dangoo/My documents/PhD Research/Pairwise Approach/RP/qsar_data_unsorted/data_CHEMBL5319.csv,data_CHEMBL5319.csv,"(122, 464)",122,464,0.286885246,/home/iris/PA/qsar_data_unsorted/data_CHEMBL5319.csv,,,
1745,1745,/Users/dangoo/My documents/PhD Research/Pairwise Approach/RP/qsar_data_unsorted/data_CHEMBL2095181.csv,data_CHEMBL2095181.csv,"(122, 249)",122,249,0.032786885,/home/iris/PA/qsar_data_unsorted/data_CHEMBL2095181.csv,,,
1445,1445,/Users/dangoo/My documents/PhD Research/Pairwise Approach/RP/qsar_data_unsorted/data_CHEMBL4908.csv,data_CHEMBL4908.csv,"(123, 171)",123,171,0.25203252,/home/iris/PA/qsar_data_unsorted/data_CHEMBL4908.csv,,,
1935,1935,/Users/dangoo/My documents/PhD Research/Pairwise Approach/RP/qsar_data_unsorted/data_CHEMBL4772.csv,data_CHEMBL4772.csv,"(123, 160)",123,160,0.040650407,/home/iris/PA/qsar_data_unsorted/data_CHEMBL4772.csv,,,
1998,1998,/Users/dangoo/My documents/PhD Research/Pairwise Approach/RP/qsar_data_unsorted/data_CHEMBL3802.csv,data_CHEMBL3802.csv,"(123, 215)",123,215,0.024390244,/home/iris/PA/qsar_data_unsorted/data_CHEMBL3802.csv,,,
25,25,/Users/dangoo/My documents/PhD Research/Pairwise Approach/RP/qsar_data_unsorted/data_CHEMBL2319.csv,data_CHEMBL2319.csv,"(124, 328)",124,328,0.153225806,/home/iris/PA/qsar_data_unsorted/data_CHEMBL2319.csv,,,
774,774,/Users/dangoo/My documents/PhD Research/Pairwise Approach/RP/qsar_data_unsorted/data_CHEMBL6080.csv,data_CHEMBL6080.csv,"(124, 265)",124,265,0.064516129,/home/iris/PA/qsar_data_unsorted/data_CHEMBL6080.csv,,,
955,955,/Users/dangoo/My documents/PhD Research/Pairwise Approach/RP/qsar_data_unsorted/data_CHEMBL2111367.csv,data_CHEMBL2111367.csv,"(124, 272)",124,272,0.072580645,/home/iris/PA/qsar_data_unsorted/data_CHEMBL2111367.csv,,,
975,975,/Users/dangoo/My documents/PhD Research/Pairwise Approach/RP/qsar_data_unsorted/data_CHEMBL2096977.csv,data_CHEMBL2096977.csv,"(124, 154)",124,154,0.024193548,/home/iris/PA/qsar_data_unsorted/data_CHEMBL2096977.csv,,,
1167,1167,/Users/dangoo/My documents/PhD Research/Pairwise Approach/RP/qsar_data_unsorted/data_CHEMBL5582.csv,data_CHEMBL5582.csv,"(124, 199)",124,199,0.080645161,/home/iris/PA/qsar_data_unsorted/data_CHEMBL5582.csv,,,
1987,1987,/Users/dangoo/My documents/PhD Research/Pairwise Approach/RP/qsar_data_unsorted/data_CHEMBL5485.csv,data_CHEMBL5485.csv,"(124, 228)",124,228,0.112903226,/home/iris/PA/qsar_data_unsorted/data_CHEMBL5485.csv,,,
2092,2092,/Users/dangoo/My documents/PhD Research/Pairwise Approach/RP/qsar_data_unsorted/data_CHEMBL2664.csv,data_CHEMBL2664.csv,"(124, 221)",124,221,0.032258065,/home/iris/PA/qsar_data_unsorted/data_CHEMBL2664.csv,,,
375,375,/Users/dangoo/My documents/PhD Research/Pairwise Approach/RP/qsar_data_unsorted/data_CHEMBL5048.csv,data_CHEMBL5048.csv,"(125, 182)",125,182,0.616,/home/iris/PA/qsar_data_unsorted/data_CHEMBL5048.csv,,,
502,502,/Users/dangoo/My documents/PhD Research/Pairwise Approach/RP/qsar_data_unsorted/data_CHEMBL2526.csv,data_CHEMBL2526.csv,"(125, 191)",125,191,0.16,/home/iris/PA/qsar_data_unsorted/data_CHEMBL2526.csv,,,
941,941,/Users/dangoo/My documents/PhD Research/Pairwise Approach/RP/qsar_data_unsorted/data_CHEMBL4718.csv,data_CHEMBL4718.csv,"(125, 505)",125,505,0.488,/home/iris/PA/qsar_data_unsorted/data_CHEMBL4718.csv,,,
1515,1515,/Users/dangoo/My documents/PhD Research/Pairwise Approach/RP/qsar_data_unsorted/data_CHEMBL4921.csv,data_CHEMBL4921.csv,"(125, 221)",125,221,0.048,/home/iris/PA/qsar_data_unsorted/data_CHEMBL4921.csv,,,
1628,1628,/Users/dangoo/My documents/PhD Research/Pairwise Approach/RP/qsar_data_unsorted/data_CHEMBL3190.csv,data_CHEMBL3190.csv,"(125, 207)",125,207,0.136,/home/iris/PA/qsar_data_unsorted/data_CHEMBL3190.csv,,,
1747,1747,/Users/dangoo/My documents/PhD Research/Pairwise Approach/RP/qsar_data_unsorted/data_CHEMBL2919.csv,data_CHEMBL2919.csv,"(125, 266)",125,266,0.224,/home/iris/PA/qsar_data_unsorted/data_CHEMBL2919.csv,,,
1964,1964,/Users/dangoo/My documents/PhD Research/Pairwise Approach/RP/qsar_data_unsorted/data_CHEMBL5122.csv,data_CHEMBL5122.csv,"(125, 463)",125,463,0.352,/home/iris/PA/qsar_data_unsorted/data_CHEMBL5122.csv,,,
223,223,/Users/dangoo/My documents/PhD Research/Pairwise Approach/RP/qsar_data_unsorted/data_CHEMBL4421.csv,data_CHEMBL4421.csv,"(126, 208)",126,208,0.079365079,/home/iris/PA/qsar_data_unsorted/data_CHEMBL4421.csv,,,
554,554,/Users/dangoo/My documents/PhD Research/Pairwise Approach/RP/qsar_data_unsorted/data_CHEMBL5704.csv,data_CHEMBL5704.csv,"(126, 185)",126,185,0.158730159,/home/iris/PA/qsar_data_unsorted/data_CHEMBL5704.csv,,,
1461,1461,/Users/dangoo/My documents/PhD Research/Pairwise Approach/RP/qsar_data_unsorted/data_CHEMBL1904.csv,data_CHEMBL1904.csv,"(126, 246)",126,246,0.023809524,/home/iris/PA/qsar_data_unsorted/data_CHEMBL1904.csv,,,
1826,1826,/Users/dangoo/My documents/PhD Research/Pairwise Approach/RP/qsar_data_unsorted/data_CHEMBL3593.csv,data_CHEMBL3593.csv,"(126, 231)",126,231,0.023809524,/home/iris/PA/qsar_data_unsorted/data_CHEMBL3593.csv,,,
1926,1926,/Users/dangoo/My documents/PhD Research/Pairwise Approach/RP/qsar_data_unsorted/data_CHEMBL1805.csv,data_CHEMBL1805.csv,"(126, 272)",126,272,0.095238095,/home/iris/PA/qsar_data_unsorted/data_CHEMBL1805.csv,,,
198,198,/Users/dangoo/My documents/PhD Research/Pairwise Approach/RP/qsar_data_unsorted/data_CHEMBL4145.csv,data_CHEMBL4145.csv,"(127, 333)",127,333,0.299212598,/home/iris/PA/qsar_data_unsorted/data_CHEMBL4145.csv,,,
206,206,/Users/dangoo/My documents/PhD Research/Pairwise Approach/RP/qsar_data_unsorted/data_CHEMBL1798.csv,data_CHEMBL1798.csv,"(127, 270)",127,270,0.023622047,/home/iris/PA/qsar_data_unsorted/data_CHEMBL1798.csv,,,
772,772,/Users/dangoo/My documents/PhD Research/Pairwise Approach/RP/qsar_data_unsorted/data_CHEMBL1293265.csv,data_CHEMBL1293265.csv,"(127, 430)",127,430,0.393700787,/home/iris/PA/qsar_data_unsorted/data_CHEMBL1293265.csv,,,
1120,1120,/Users/dangoo/My documents/PhD Research/Pairwise Approach/RP/qsar_data_unsorted/data_CHEMBL4662.csv,data_CHEMBL4662.csv,"(127, 200)",127,200,0.031496063,/home/iris/PA/qsar_data_unsorted/data_CHEMBL4662.csv,,,
1157,1157,/Users/dangoo/My documents/PhD Research/Pairwise Approach/RP/qsar_data_unsorted/data_CHEMBL1163125.csv,data_CHEMBL1163125.csv,"(127, 228)",127,228,0.039370079,/home/iris/PA/qsar_data_unsorted/data_CHEMBL1163125.csv,,,
1171,1171,/Users/dangoo/My documents/PhD Research/Pairwise Approach/RP/qsar_data_unsorted/data_CHEMBL4105.csv,data_CHEMBL4105.csv,"(127, 210)",127,210,0.236220472,/home/iris/PA/qsar_data_unsorted/data_CHEMBL4105.csv,,,
387,387,/Users/dangoo/My documents/PhD Research/Pairwise Approach/RP/qsar_data_unsorted/data_CHEMBL2146303.csv,data_CHEMBL2146303.csv,"(128, 452)",128,452,0.0234375,/home/iris/PA/qsar_data_unsorted/data_CHEMBL2146303.csv,,,
413,413,/Users/dangoo/My documents/PhD Research/Pairwise Approach/RP/qsar_data_unsorted/data_CHEMBL5263.csv,data_CHEMBL5263.csv,"(128, 229)",128,229,0.046875,/home/iris/PA/qsar_data_unsorted/data_CHEMBL5263.csv,,,
1057,1057,/Users/dangoo/My documents/PhD Research/Pairwise Approach/RP/qsar_data_unsorted/data_CHEMBL3935.csv,data_CHEMBL3935.csv,"(128, 517)",128,517,0.3125,/home/iris/PA/qsar_data_unsorted/data_CHEMBL3935.csv,,,
1382,1382,/Users/dangoo/My documents/PhD Research/Pairwise Approach/RP/qsar_data_unsorted/data_CHEMBL3446.csv,data_CHEMBL3446.csv,"(128, 222)",128,222,0.1796875,/home/iris/PA/qsar_data_unsorted/data_CHEMBL3446.csv,,,
473,473,/Users/dangoo/My documents/PhD Research/Pairwise Approach/RP/qsar_data_unsorted/data_CHEMBL5103.csv,data_CHEMBL5103.csv,"(129, 266)",129,266,0.100775194,/home/iris/PA/qsar_data_unsorted/data_CHEMBL5103.csv,,,
1762,1762,/Users/dangoo/My documents/PhD Research/Pairwise Approach/RP/qsar_data_unsorted/data_CHEMBL4824.csv,data_CHEMBL4824.csv,"(129, 254)",129,254,0.224806202,/home/iris/PA/qsar_data_unsorted/data_CHEMBL4824.csv,,,
976,976,/Users/dangoo/My documents/PhD Research/Pairwise Approach/RP/qsar_data_unsorted/data_CHEMBL1293303.csv,data_CHEMBL1293303.csv,"(130, 575)",130,575,0.976923077,/home/iris/PA/qsar_data_unsorted/data_CHEMBL1293303.csv,,,
1724,1724,/Users/dangoo/My documents/PhD Research/Pairwise Approach/RP/qsar_data_unsorted/data_CHEMBL1949.csv,data_CHEMBL1949.csv,"(130, 224)",130,224,0.076923077,/home/iris/PA/qsar_data_unsorted/data_CHEMBL1949.csv,,,
860,860,/Users/dangoo/My documents/PhD Research/Pairwise Approach/RP/qsar_data_unsorted/data_CHEMBL2111416.csv,data_CHEMBL2111416.csv,"(131, 205)",131,205,0.06870229,/home/iris/PA/qsar_data_unsorted/data_CHEMBL2111416.csv,,,
1087,1087,/Users/dangoo/My documents/PhD Research/Pairwise Approach/RP/qsar_data_unsorted/data_CHEMBL3521.csv,data_CHEMBL3521.csv,"(131, 350)",131,350,0.13740458,/home/iris/PA/qsar_data_unsorted/data_CHEMBL3521.csv,,,
1144,1144,/Users/dangoo/My documents/PhD Research/Pairwise Approach/RP/qsar_data_unsorted/data_CHEMBL2978.csv,data_CHEMBL2978.csv,"(131, 213)",131,213,0.038167939,/home/iris/PA/qsar_data_unsorted/data_CHEMBL2978.csv,,,
182,182,/Users/dangoo/My documents/PhD Research/Pairwise Approach/RP/qsar_data_unsorted/data_CHEMBL2096912.csv,data_CHEMBL2096912.csv,"(132, 294)",132,294,0.090909091,/home/iris/PA/qsar_data_unsorted/data_CHEMBL2096912.csv,,,
1640,1640,/Users/dangoo/My documents/PhD Research/Pairwise Approach/RP/qsar_data_unsorted/data_CHEMBL1803.csv,data_CHEMBL1803.csv,"(132, 237)",132,237,0.037878788,/home/iris/PA/qsar_data_unsorted/data_CHEMBL1803.csv,,,
30,30,/Users/dangoo/My documents/PhD Research/Pairwise Approach/RP/qsar_data_unsorted/data_CHEMBL2095217.csv,data_CHEMBL2095217.csv,"(133, 333)",133,333,0.097744361,/home/iris/PA/qsar_data_unsorted/data_CHEMBL2095217.csv,,,
128,128,/Users/dangoo/My documents/PhD Research/Pairwise Approach/RP/qsar_data_unsorted/data_CHEMBL4033.csv,data_CHEMBL4033.csv,"(133, 149)",133,149,0.165413534,/home/iris/PA/qsar_data_unsorted/data_CHEMBL4033.csv,,,
411,411,/Users/dangoo/My documents/PhD Research/Pairwise Approach/RP/qsar_data_unsorted/data_CHEMBL4828.csv,data_CHEMBL4828.csv,"(133, 146)",133,146,0.097744361,/home/iris/PA/qsar_data_unsorted/data_CHEMBL4828.csv,,,
642,642,/Users/dangoo/My documents/PhD Research/Pairwise Approach/RP/qsar_data_unsorted/data_CHEMBL5575.csv,data_CHEMBL5575.csv,"(133, 340)",133,340,0.07518797,/home/iris/PA/qsar_data_unsorted/data_CHEMBL5575.csv,,,
1114,1114,/Users/dangoo/My documents/PhD Research/Pairwise Approach/RP/qsar_data_unsorted/data_CHEMBL4919.csv,data_CHEMBL4919.csv,"(133, 188)",133,188,0.030075188,/home/iris/PA/qsar_data_unsorted/data_CHEMBL4919.csv,,,
1444,1444,/Users/dangoo/My documents/PhD Research/Pairwise Approach/RP/qsar_data_unsorted/data_CHEMBL1870.csv,data_CHEMBL1870.csv,"(133, 207)",133,207,0.045112782,/home/iris/PA/qsar_data_unsorted/data_CHEMBL1870.csv,,,
238,238,/Users/dangoo/My documents/PhD Research/Pairwise Approach/RP/qsar_data_unsorted/data_CHEMBL2111288.csv,data_CHEMBL2111288.csv,"(134, 241)",134,241,0.097014925,/home/iris/PA/qsar_data_unsorted/data_CHEMBL2111288.csv,,,
306,306,/Users/dangoo/My documents/PhD Research/Pairwise Approach/RP/qsar_data_unsorted/data_CHEMBL2097166.csv,data_CHEMBL2097166.csv,"(134, 343)",134,343,0.111940299,/home/iris/PA/qsar_data_unsorted/data_CHEMBL2097166.csv,,,
777,777,/Users/dangoo/My documents/PhD Research/Pairwise Approach/RP/qsar_data_unsorted/data_CHEMBL1293259.csv,data_CHEMBL1293259.csv,"(134, 557)",134,557,0.402985075,/home/iris/PA/qsar_data_unsorted/data_CHEMBL1293259.csv,,,
921,921,/Users/dangoo/My documents/PhD Research/Pairwise Approach/RP/qsar_data_unsorted/data_CHEMBL1907588.csv,data_CHEMBL1907588.csv,"(134, 265)",134,265,0.134328358,/home/iris/PA/qsar_data_unsorted/data_CHEMBL1907588.csv,,,
978,978,/Users/dangoo/My documents/PhD Research/Pairwise Approach/RP/qsar_data_unsorted/data_CHEMBL3897.csv,data_CHEMBL3897.csv,"(134, 224)",134,224,0.037313433,/home/iris/PA/qsar_data_unsorted/data_CHEMBL3897.csv,,,
1241,1241,/Users/dangoo/My documents/PhD Research/Pairwise Approach/RP/qsar_data_unsorted/data_CHEMBL3683.csv,data_CHEMBL3683.csv,"(134, 235)",134,235,0.171641791,/home/iris/PA/qsar_data_unsorted/data_CHEMBL3683.csv,,,
1041,1041,/Users/dangoo/My documents/PhD Research/Pairwise Approach/RP/qsar_data_unsorted/data_CHEMBL5203.csv,data_CHEMBL5203.csv,"(135, 196)",135,196,0.125925926,/home/iris/PA/qsar_data_unsorted/data_CHEMBL5203.csv,,,
1307,1307,/Users/dangoo/My documents/PhD Research/Pairwise Approach/RP/qsar_data_unsorted/data_CHEMBL5378.csv,data_CHEMBL5378.csv,"(136, 314)",136,314,0.029411765,/home/iris/PA/qsar_data_unsorted/data_CHEMBL5378.csv,,,
1931,1931,/Users/dangoo/My documents/PhD Research/Pairwise Approach/RP/qsar_data_unsorted/data_CHEMBL3753.csv,data_CHEMBL3753.csv,"(136, 206)",136,206,0.117647059,/home/iris/PA/qsar_data_unsorted/data_CHEMBL3753.csv,,,
507,507,/Users/dangoo/My documents/PhD Research/Pairwise Approach/RP/qsar_data_unsorted/data_CHEMBL3176.csv,data_CHEMBL3176.csv,"(137, 382)",137,382,0.248175182,/home/iris/PA/qsar_data_unsorted/data_CHEMBL3176.csv,,,
1149,1149,/Users/dangoo/My documents/PhD Research/Pairwise Approach/RP/qsar_data_unsorted/data_CHEMBL2004.csv,data_CHEMBL2004.csv,"(137, 210)",137,210,0.03649635,/home/iris/PA/qsar_data_unsorted/data_CHEMBL2004.csv,,,
1163,1163,/Users/dangoo/My documents/PhD Research/Pairwise Approach/RP/qsar_data_unsorted/data_CHEMBL1907587.csv,data_CHEMBL1907587.csv,"(137, 286)",137,286,0.01459854,/home/iris/PA/qsar_data_unsorted/data_CHEMBL1907587.csv,,,
1612,1612,/Users/dangoo/My documents/PhD Research/Pairwise Approach/RP/qsar_data_unsorted/data_CHEMBL2073.csv,data_CHEMBL2073.csv,"(137, 550)",137,550,0.313868613,/home/iris/PA/qsar_data_unsorted/data_CHEMBL2073.csv,,,
996,996,/Users/dangoo/My documents/PhD Research/Pairwise Approach/RP/qsar_data_unsorted/data_CHEMBL5028.csv,data_CHEMBL5028.csv,"(138, 243)",138,243,0.02173913,/home/iris/PA/qsar_data_unsorted/data_CHEMBL5028.csv,,,
1079,1079,/Users/dangoo/My documents/PhD Research/Pairwise Approach/RP/qsar_data_unsorted/data_CHEMBL2111414.csv,data_CHEMBL2111414.csv,"(138, 283)",138,283,0.18115942,/home/iris/PA/qsar_data_unsorted/data_CHEMBL2111414.csv,,,
1514,1514,/Users/dangoo/My documents/PhD Research/Pairwise Approach/RP/qsar_data_unsorted/data_CHEMBL4666.csv,data_CHEMBL4666.csv,"(138, 351)",138,351,0.18115942,/home/iris/PA/qsar_data_unsorted/data_CHEMBL4666.csv,,,
1571,1571,/Users/dangoo/My documents/PhD Research/Pairwise Approach/RP/qsar_data_unsorted/data_CHEMBL5480.csv,data_CHEMBL5480.csv,"(138, 223)",138,223,0.355072464,/home/iris/PA/qsar_data_unsorted/data_CHEMBL5480.csv,,,
1622,1622,/Users/dangoo/My documents/PhD Research/Pairwise Approach/RP/qsar_data_unsorted/data_CHEMBL3437.csv,data_CHEMBL3437.csv,"(138, 200)",138,200,0.057971014,/home/iris/PA/qsar_data_unsorted/data_CHEMBL3437.csv,,,
1790,1790,/Users/dangoo/My documents/PhD Research/Pairwise Approach/RP/qsar_data_unsorted/data_CHEMBL2474.csv,data_CHEMBL2474.csv,"(138, 192)",138,192,0.195652174,/home/iris/PA/qsar_data_unsorted/data_CHEMBL2474.csv,,,
131,131,/Users/dangoo/My documents/PhD Research/Pairwise Approach/RP/qsar_data_unsorted/data_CHEMBL2095216.csv,data_CHEMBL2095216.csv,"(139, 166)",139,166,0.064748201,/home/iris/PA/qsar_data_unsorted/data_CHEMBL2095216.csv,,,
1555,1555,/Users/dangoo/My documents/PhD Research/Pairwise Approach/RP/qsar_data_unsorted/data_CHEMBL5331.csv,data_CHEMBL5331.csv,"(139, 523)",139,523,0.330935252,/home/iris/PA/qsar_data_unsorted/data_CHEMBL5331.csv,,,
1876,1876,/Users/dangoo/My documents/PhD Research/Pairwise Approach/RP/qsar_data_unsorted/data_CHEMBL2095191.csv,data_CHEMBL2095191.csv,"(139, 380)",139,380,0.223021583,/home/iris/PA/qsar_data_unsorted/data_CHEMBL2095191.csv,,,
43,43,/Users/dangoo/My documents/PhD Research/Pairwise Approach/RP/qsar_data_unsorted/data_CHEMBL6180.csv,data_CHEMBL6180.csv,"(140, 354)",140,354,0.85,/home/iris/PA/qsar_data_unsorted/data_CHEMBL6180.csv,,,
1787,1787,/Users/dangoo/My documents/PhD Research/Pairwise Approach/RP/qsar_data_unsorted/data_CHEMBL3018.csv,data_CHEMBL3018.csv,"(141, 234)",141,234,0.028368794,/home/iris/PA/qsar_data_unsorted/data_CHEMBL3018.csv,,,
1260,1260,/Users/dangoo/My documents/PhD Research/Pairwise Approach/RP/qsar_data_unsorted/data_CHEMBL1255149.csv,data_CHEMBL1255149.csv,"(142, 239)",142,239,0.056338028,/home/iris/PA/qsar_data_unsorted/data_CHEMBL1255149.csv,,,
17,17,/Users/dangoo/My documents/PhD Research/Pairwise Approach/RP/qsar_data_unsorted/data_CHEMBL2872.csv,data_CHEMBL2872.csv,"(143, 525)",143,525,0.426573427,/home/iris/PA/qsar_data_unsorted/data_CHEMBL2872.csv,,,
490,490,/Users/dangoo/My documents/PhD Research/Pairwise Approach/RP/qsar_data_unsorted/data_CHEMBL4779.csv,data_CHEMBL4779.csv,"(143, 282)",143,282,0.055944056,/home/iris/PA/qsar_data_unsorted/data_CHEMBL4779.csv,,,
1330,1330,/Users/dangoo/My documents/PhD Research/Pairwise Approach/RP/qsar_data_unsorted/data_CHEMBL401.csv,data_CHEMBL401.csv,"(143, 348)",143,348,0.202797203,/home/iris/PA/qsar_data_unsorted/data_CHEMBL401.csv,,,
1390,1390,/Users/dangoo/My documents/PhD Research/Pairwise Approach/RP/qsar_data_unsorted/data_CHEMBL1907595.csv,data_CHEMBL1907595.csv,"(143, 270)",143,270,0.153846154,/home/iris/PA/qsar_data_unsorted/data_CHEMBL1907595.csv,,,
1610,1610,/Users/dangoo/My documents/PhD Research/Pairwise Approach/RP/qsar_data_unsorted/data_CHEMBL3392.csv,data_CHEMBL3392.csv,"(143, 227)",143,227,0.020979021,/home/iris/PA/qsar_data_unsorted/data_CHEMBL3392.csv,,,
113,113,/Users/dangoo/My documents/PhD Research/Pairwise Approach/RP/qsar_data_unsorted/data_CHEMBL3166.csv,data_CHEMBL3166.csv,"(144, 337)",144,337,0.0625,/home/iris/PA/qsar_data_unsorted/data_CHEMBL3166.csv,,,
398,398,/Users/dangoo/My documents/PhD Research/Pairwise Approach/RP/qsar_data_unsorted/data_CHEMBL2083.csv,data_CHEMBL2083.csv,"(144, 257)",144,257,0.111111111,/home/iris/PA/qsar_data_unsorted/data_CHEMBL2083.csv,,,
628,628,/Users/dangoo/My documents/PhD Research/Pairwise Approach/RP/qsar_data_unsorted/data_CHEMBL4051.csv,data_CHEMBL4051.csv,"(144, 214)",144,214,0.041666667,/home/iris/PA/qsar_data_unsorted/data_CHEMBL4051.csv,,,
557,557,/Users/dangoo/My documents/PhD Research/Pairwise Approach/RP/qsar_data_unsorted/data_CHEMBL2095171.csv,data_CHEMBL2095171.csv,"(145, 249)",145,249,0.075862069,/home/iris/PA/qsar_data_unsorted/data_CHEMBL2095171.csv,,,
963,963,/Users/dangoo/My documents/PhD Research/Pairwise Approach/RP/qsar_data_unsorted/data_CHEMBL2111429.csv,data_CHEMBL2111429.csv,"(145, 222)",145,222,0.027586207,/home/iris/PA/qsar_data_unsorted/data_CHEMBL2111429.csv,,,
1201,1201,/Users/dangoo/My documents/PhD Research/Pairwise Approach/RP/qsar_data_unsorted/data_CHEMBL4267.csv,data_CHEMBL4267.csv,"(145, 518)",145,518,0.475862069,/home/iris/PA/qsar_data_unsorted/data_CHEMBL4267.csv,,,
1505,1505,/Users/dangoo/My documents/PhD Research/Pairwise Approach/RP/qsar_data_unsorted/data_CHEMBL1939.csv,data_CHEMBL1939.csv,"(145, 159)",145,159,0.013793103,/home/iris/PA/qsar_data_unsorted/data_CHEMBL1939.csv,,,
1750,1750,/Users/dangoo/My documents/PhD Research/Pairwise Approach/RP/qsar_data_unsorted/data_CHEMBL5938.csv,data_CHEMBL5938.csv,"(145, 529)",145,529,0.634482759,/home/iris/PA/qsar_data_unsorted/data_CHEMBL5938.csv,,,
201,201,/Users/dangoo/My documents/PhD Research/Pairwise Approach/RP/qsar_data_unsorted/data_CHEMBL2096682.csv,data_CHEMBL2096682.csv,"(146, 402)",146,402,0.212328767,/home/iris/PA/qsar_data_unsorted/data_CHEMBL2096682.csv,,,
575,575,/Users/dangoo/My documents/PhD Research/Pairwise Approach/RP/qsar_data_unsorted/data_CHEMBL4142.csv,data_CHEMBL4142.csv,"(146, 560)",146,560,0.397260274,/home/iris/PA/qsar_data_unsorted/data_CHEMBL4142.csv,,,
619,619,/Users/dangoo/My documents/PhD Research/Pairwise Approach/RP/qsar_data_unsorted/data_CHEMBL2111389.csv,data_CHEMBL2111389.csv,"(146, 311)",146,311,0.047945205,/home/iris/PA/qsar_data_unsorted/data_CHEMBL2111389.csv,,,
1679,1679,/Users/dangoo/My documents/PhD Research/Pairwise Approach/RP/qsar_data_unsorted/data_CHEMBL329.csv,data_CHEMBL329.csv,"(146, 303)",146,303,0.417808219,/home/iris/PA/qsar_data_unsorted/data_CHEMBL329.csv,,,
1861,1861,/Users/dangoo/My documents/PhD Research/Pairwise Approach/RP/qsar_data_unsorted/data_CHEMBL1075051.csv,data_CHEMBL1075051.csv,"(146, 176)",146,176,0.205479452,/home/iris/PA/qsar_data_unsorted/data_CHEMBL1075051.csv,,,
1134,1134,/Users/dangoo/My documents/PhD Research/Pairwise Approach/RP/qsar_data_unsorted/data_CHEMBL3455.csv,data_CHEMBL3455.csv,"(147, 217)",147,217,0.06122449,/home/iris/PA/qsar_data_unsorted/data_CHEMBL3455.csv,,,
1978,1978,/Users/dangoo/My documents/PhD Research/Pairwise Approach/RP/qsar_data_unsorted/data_CHEMBL3037.csv,data_CHEMBL3037.csv,"(147, 287)",147,287,0.129251701,/home/iris/PA/qsar_data_unsorted/data_CHEMBL3037.csv,,,
82,82,/Users/dangoo/My documents/PhD Research/Pairwise Approach/RP/qsar_data_unsorted/data_CHEMBL5932.csv,data_CHEMBL5932.csv,"(148, 491)",148,491,0.425675676,/home/iris/PA/qsar_data_unsorted/data_CHEMBL5932.csv,,,
2049,2049,/Users/dangoo/My documents/PhD Research/Pairwise Approach/RP/qsar_data_unsorted/data_CHEMBL2096667.csv,data_CHEMBL2096667.csv,"(148, 318)",148,318,0.385135135,/home/iris/PA/qsar_data_unsorted/data_CHEMBL2096667.csv,,,
277,277,/Users/dangoo/My documents/PhD Research/Pairwise Approach/RP/qsar_data_unsorted/data_CHEMBL4781.csv,data_CHEMBL4781.csv,"(149, 173)",149,173,0.020134228,/home/iris/PA/qsar_data_unsorted/data_CHEMBL4781.csv,,,
980,980,/Users/dangoo/My documents/PhD Research/Pairwise Approach/RP/qsar_data_unsorted/data_CHEMBL4652.csv,data_CHEMBL4652.csv,"(149, 212)",149,212,0.020134228,/home/iris/PA/qsar_data_unsorted/data_CHEMBL4652.csv,,,
1187,1187,/Users/dangoo/My documents/PhD Research/Pairwise Approach/RP/qsar_data_unsorted/data_CHEMBL2096985.csv,data_CHEMBL2096985.csv,"(149, 184)",149,184,0.033557047,/home/iris/PA/qsar_data_unsorted/data_CHEMBL2096985.csv,,,
2002,2002,/Users/dangoo/My documents/PhD Research/Pairwise Approach/RP/qsar_data_unsorted/data_CHEMBL3180.csv,data_CHEMBL3180.csv,"(149, 175)",149,175,0.241610738,/home/iris/PA/qsar_data_unsorted/data_CHEMBL3180.csv,,,
2040,2040,/Users/dangoo/My documents/PhD Research/Pairwise Approach/RP/qsar_data_unsorted/data_CHEMBL4188.csv,data_CHEMBL4188.csv,"(149, 246)",149,246,0.053691275,/home/iris/PA/qsar_data_unsorted/data_CHEMBL4188.csv,,,
1112,1112,/Users/dangoo/My documents/PhD Research/Pairwise Approach/RP/qsar_data_unsorted/data_CHEMBL1075140.csv,data_CHEMBL1075140.csv,"(150, 290)",150,290,0.046666667,/home/iris/PA/qsar_data_unsorted/data_CHEMBL1075140.csv,,,
1905,1905,/Users/dangoo/My documents/PhD Research/Pairwise Approach/RP/qsar_data_unsorted/data_CHEMBL2288.csv,data_CHEMBL2288.csv,"(150, 279)",150,279,0.16,/home/iris/PA/qsar_data_unsorted/data_CHEMBL2288.csv,,,
609,609,/Users/dangoo/My documents/PhD Research/Pairwise Approach/RP/qsar_data_unsorted/data_CHEMBL2123.csv,data_CHEMBL2123.csv,"(151, 233)",151,233,0.218543046,/home/iris/PA/qsar_data_unsorted/data_CHEMBL2123.csv,,,
1007,1007,/Users/dangoo/My documents/PhD Research/Pairwise Approach/RP/qsar_data_unsorted/data_CHEMBL3465.csv,data_CHEMBL3465.csv,"(151, 182)",151,182,0.079470199,/home/iris/PA/qsar_data_unsorted/data_CHEMBL3465.csv,,,
1080,1080,/Users/dangoo/My documents/PhD Research/Pairwise Approach/RP/qsar_data_unsorted/data_CHEMBL2632.csv,data_CHEMBL2632.csv,"(151, 93)",151,93,0.026490066,/home/iris/PA/qsar_data_unsorted/data_CHEMBL2632.csv,,,
1308,1308,/Users/dangoo/My documents/PhD Research/Pairwise Approach/RP/qsar_data_unsorted/data_CHEMBL3721.csv,data_CHEMBL3721.csv,"(151, 458)",151,458,0.099337748,/home/iris/PA/qsar_data_unsorted/data_CHEMBL3721.csv,,,
1618,1618,/Users/dangoo/My documents/PhD Research/Pairwise Approach/RP/qsar_data_unsorted/data_CHEMBL5720.csv,data_CHEMBL5720.csv,"(151, 205)",151,205,0.059602649,/home/iris/PA/qsar_data_unsorted/data_CHEMBL5720.csv,,,
709,709,/Users/dangoo/My documents/PhD Research/Pairwise Approach/RP/qsar_data_unsorted/data_CHEMBL1882.csv,data_CHEMBL1882.csv,"(152, 234)",152,234,0.065789474,/home/iris/PA/qsar_data_unsorted/data_CHEMBL1882.csv,,,
1126,1126,/Users/dangoo/My documents/PhD Research/Pairwise Approach/RP/qsar_data_unsorted/data_CHEMBL1929.csv,data_CHEMBL1929.csv,"(152, 317)",152,317,0.217105263,/home/iris/PA/qsar_data_unsorted/data_CHEMBL1929.csv,,,
1402,1402,/Users/dangoo/My documents/PhD Research/Pairwise Approach/RP/qsar_data_unsorted/data_CHEMBL3122.csv,data_CHEMBL3122.csv,"(152, 297)",152,297,0.217105263,/home/iris/PA/qsar_data_unsorted/data_CHEMBL3122.csv,,,
200,200,/Users/dangoo/My documents/PhD Research/Pairwise Approach/RP/qsar_data_unsorted/data_CHEMBL3819.csv,data_CHEMBL3819.csv,"(153, 236)",153,236,0.183006536,/home/iris/PA/qsar_data_unsorted/data_CHEMBL3819.csv,,,
339,339,/Users/dangoo/My documents/PhD Research/Pairwise Approach/RP/qsar_data_unsorted/data_CHEMBL3983.csv,data_CHEMBL3983.csv,"(154, 510)",154,510,0.357142857,/home/iris/PA/qsar_data_unsorted/data_CHEMBL3983.csv,,,
928,928,/Users/dangoo/My documents/PhD Research/Pairwise Approach/RP/qsar_data_unsorted/data_CHEMBL2553.csv,data_CHEMBL2553.csv,"(154, 582)",154,582,0.474025974,/home/iris/PA/qsar_data_unsorted/data_CHEMBL2553.csv,,,
1108,1108,/Users/dangoo/My documents/PhD Research/Pairwise Approach/RP/qsar_data_unsorted/data_CHEMBL1849.csv,data_CHEMBL1849.csv,"(154, 218)",154,218,0.12987013,/home/iris/PA/qsar_data_unsorted/data_CHEMBL1849.csv,,,
27,27,/Users/dangoo/My documents/PhD Research/Pairwise Approach/RP/qsar_data_unsorted/data_CHEMBL5462.csv,data_CHEMBL5462.csv,"(155, 237)",155,237,0.103225806,/home/iris/PA/qsar_data_unsorted/data_CHEMBL5462.csv,,,
302,302,/Users/dangoo/My documents/PhD Research/Pairwise Approach/RP/qsar_data_unsorted/data_CHEMBL2095942.csv,data_CHEMBL2095942.csv,"(155, 209)",155,209,0.032258065,/home/iris/PA/qsar_data_unsorted/data_CHEMBL2095942.csv,,,
626,626,/Users/dangoo/My documents/PhD Research/Pairwise Approach/RP/qsar_data_unsorted/data_CHEMBL3070.csv,data_CHEMBL3070.csv,"(155, 274)",155,274,0.064516129,/home/iris/PA/qsar_data_unsorted/data_CHEMBL3070.csv,,,
677,677,/Users/dangoo/My documents/PhD Research/Pairwise Approach/RP/qsar_data_unsorted/data_CHEMBL4468.csv,data_CHEMBL4468.csv,"(155, 283)",155,283,0.019354839,/home/iris/PA/qsar_data_unsorted/data_CHEMBL4468.csv,,,
1222,1222,/Users/dangoo/My documents/PhD Research/Pairwise Approach/RP/qsar_data_unsorted/data_CHEMBL4729.csv,data_CHEMBL4729.csv,"(155, 381)",155,381,0.135483871,/home/iris/PA/qsar_data_unsorted/data_CHEMBL4729.csv,,,
266,266,/Users/dangoo/My documents/PhD Research/Pairwise Approach/RP/qsar_data_unsorted/data_CHEMBL4150.csv,data_CHEMBL4150.csv,"(156, 284)",156,284,0.147435897,/home/iris/PA/qsar_data_unsorted/data_CHEMBL4150.csv,,,
675,675,/Users/dangoo/My documents/PhD Research/Pairwise Approach/RP/qsar_data_unsorted/data_CHEMBL5038.csv,data_CHEMBL5038.csv,"(156, 281)",156,281,0.576923077,/home/iris/PA/qsar_data_unsorted/data_CHEMBL5038.csv,,,
1223,1223,/Users/dangoo/My documents/PhD Research/Pairwise Approach/RP/qsar_data_unsorted/data_CHEMBL4701.csv,data_CHEMBL4701.csv,"(156, 314)",156,314,0.108974359,/home/iris/PA/qsar_data_unsorted/data_CHEMBL4701.csv,,,
2052,2052,/Users/dangoo/My documents/PhD Research/Pairwise Approach/RP/qsar_data_unsorted/data_CHEMBL3156.csv,data_CHEMBL3156.csv,"(156, 229)",156,229,0.051282051,/home/iris/PA/qsar_data_unsorted/data_CHEMBL3156.csv,,,
613,613,/Users/dangoo/My documents/PhD Research/Pairwise Approach/RP/qsar_data_unsorted/data_CHEMBL3272.csv,data_CHEMBL3272.csv,"(157, 353)",157,353,0.121019108,/home/iris/PA/qsar_data_unsorted/data_CHEMBL3272.csv,,,
1211,1211,/Users/dangoo/My documents/PhD Research/Pairwise Approach/RP/qsar_data_unsorted/data_CHEMBL3250.csv,data_CHEMBL3250.csv,"(157, 212)",157,212,0.146496815,/home/iris/PA/qsar_data_unsorted/data_CHEMBL3250.csv,,,
1290,1290,/Users/dangoo/My documents/PhD Research/Pairwise Approach/RP/qsar_data_unsorted/data_CHEMBL2563.csv,data_CHEMBL2563.csv,"(157, 366)",157,366,0.229299363,/home/iris/PA/qsar_data_unsorted/data_CHEMBL2563.csv,,,
1297,1297,/Users/dangoo/My documents/PhD Research/Pairwise Approach/RP/qsar_data_unsorted/data_CHEMBL3912.csv,data_CHEMBL3912.csv,"(159, 368)",159,368,0.025157233,/home/iris/PA/qsar_data_unsorted/data_CHEMBL3912.csv,,,
1301,1301,/Users/dangoo/My documents/PhD Research/Pairwise Approach/RP/qsar_data_unsorted/data_CHEMBL5387.csv,data_CHEMBL5387.csv,"(160, 357)",160,357,0.04375,/home/iris/PA/qsar_data_unsorted/data_CHEMBL5387.csv,,,
1086,1086,/Users/dangoo/My documents/PhD Research/Pairwise Approach/RP/qsar_data_unsorted/data_CHEMBL2626.csv,data_CHEMBL2626.csv,"(161, 181)",161,181,0.037267081,/home/iris/PA/qsar_data_unsorted/data_CHEMBL2626.csv,,,
1744,1744,/Users/dangoo/My documents/PhD Research/Pairwise Approach/RP/qsar_data_unsorted/data_CHEMBL5905.csv,data_CHEMBL5905.csv,"(161, 280)",161,280,0.416149068,/home/iris/PA/qsar_data_unsorted/data_CHEMBL5905.csv,,,
54,54,/Users/dangoo/My documents/PhD Research/Pairwise Approach/RP/qsar_data_unsorted/data_CHEMBL4620.csv,data_CHEMBL4620.csv,"(162, 288)",162,288,0.086419753,/home/iris/PA/qsar_data_unsorted/data_CHEMBL4620.csv,,,
1728,1728,/Users/dangoo/My documents/PhD Research/Pairwise Approach/RP/qsar_data_unsorted/data_CHEMBL5285.csv,data_CHEMBL5285.csv,"(162, 558)",162,558,0.524691358,/home/iris/PA/qsar_data_unsorted/data_CHEMBL5285.csv,,,
165,165,/Users/dangoo/My documents/PhD Research/Pairwise Approach/RP/qsar_data_unsorted/data_CHEMBL4596.csv,data_CHEMBL4596.csv,"(163, 265)",163,265,0.024539877,/home/iris/PA/qsar_data_unsorted/data_CHEMBL4596.csv,,,
537,537,/Users/dangoo/My documents/PhD Research/Pairwise Approach/RP/qsar_data_unsorted/data_CHEMBL5936.csv,data_CHEMBL5936.csv,"(163, 272)",163,272,0.012269939,/home/iris/PA/qsar_data_unsorted/data_CHEMBL5936.csv,,,
991,991,/Users/dangoo/My documents/PhD Research/Pairwise Approach/RP/qsar_data_unsorted/data_CHEMBL1919.csv,data_CHEMBL1919.csv,"(163, 273)",163,273,0.073619632,/home/iris/PA/qsar_data_unsorted/data_CHEMBL1919.csv,,,
1543,1543,/Users/dangoo/My documents/PhD Research/Pairwise Approach/RP/qsar_data_unsorted/data_CHEMBL5669.csv,data_CHEMBL5669.csv,"(163, 287)",163,287,0.061349693,/home/iris/PA/qsar_data_unsorted/data_CHEMBL5669.csv,,,
1465,1465,/Users/dangoo/My documents/PhD Research/Pairwise Approach/RP/qsar_data_unsorted/data_CHEMBL3691.csv,data_CHEMBL3691.csv,"(164, 251)",164,251,0.048780488,/home/iris/PA/qsar_data_unsorted/data_CHEMBL3691.csv,,,
2045,2045,/Users/dangoo/My documents/PhD Research/Pairwise Approach/RP/qsar_data_unsorted/data_CHEMBL5282.csv,data_CHEMBL5282.csv,"(164, 326)",164,326,0.115853659,/home/iris/PA/qsar_data_unsorted/data_CHEMBL5282.csv,,,
116,116,/Users/dangoo/My documents/PhD Research/Pairwise Approach/RP/qsar_data_unsorted/data_CHEMBL2007628.csv,data_CHEMBL2007628.csv,"(165, 529)",165,529,0.139393939,/home/iris/PA/qsar_data_unsorted/data_CHEMBL2007628.csv,,,
221,221,/Users/dangoo/My documents/PhD Research/Pairwise Approach/RP/qsar_data_unsorted/data_CHEMBL2094268.csv,data_CHEMBL2094268.csv,"(165, 208)",165,208,0.03030303,/home/iris/PA/qsar_data_unsorted/data_CHEMBL2094268.csv,,,
1697,1697,/Users/dangoo/My documents/PhD Research/Pairwise Approach/RP/qsar_data_unsorted/data_CHEMBL2461.csv,data_CHEMBL2461.csv,"(165, 164)",165,164,0.036363636,/home/iris/PA/qsar_data_unsorted/data_CHEMBL2461.csv,,,
851,851,/Users/dangoo/My documents/PhD Research/Pairwise Approach/RP/qsar_data_unsorted/data_CHEMBL2634.csv,data_CHEMBL2634.csv,"(166, 566)",166,566,0.451807229,/home/iris/PA/qsar_data_unsorted/data_CHEMBL2634.csv,,,
1858,1858,/Users/dangoo/My documents/PhD Research/Pairwise Approach/RP/qsar_data_unsorted/data_CHEMBL2096671.csv,data_CHEMBL2096671.csv,"(166, 214)",166,214,0.060240964,/home/iris/PA/qsar_data_unsorted/data_CHEMBL2096671.csv,,,
184,184,/Users/dangoo/My documents/PhD Research/Pairwise Approach/RP/qsar_data_unsorted/data_CHEMBL4780.csv,data_CHEMBL4780.csv,"(167, 366)",167,366,0.017964072,/home/iris/PA/qsar_data_unsorted/data_CHEMBL4780.csv,,,
570,570,/Users/dangoo/My documents/PhD Research/Pairwise Approach/RP/qsar_data_unsorted/data_CHEMBL1741173.csv,data_CHEMBL1741173.csv,"(167, 232)",167,232,1,/home/iris/PA/qsar_data_unsorted/data_CHEMBL1741173.csv,,,
1666,1666,/Users/dangoo/My documents/PhD Research/Pairwise Approach/RP/qsar_data_unsorted/data_CHEMBL2649.csv,data_CHEMBL2649.csv,"(167, 155)",167,155,0.395209581,/home/iris/PA/qsar_data_unsorted/data_CHEMBL2649.csv,,,
2014,2014,/Users/dangoo/My documents/PhD Research/Pairwise Approach/RP/qsar_data_unsorted/data_CHEMBL3427.csv,data_CHEMBL3427.csv,"(167, 255)",167,255,0.215568862,/home/iris/PA/qsar_data_unsorted/data_CHEMBL3427.csv,,,
1487,1487,/Users/dangoo/My documents/PhD Research/Pairwise Approach/RP/qsar_data_unsorted/data_CHEMBL5785.csv,data_CHEMBL5785.csv,"(168, 598)",168,598,0.345238095,/home/iris/PA/qsar_data_unsorted/data_CHEMBL5785.csv,,,
595,595,/Users/dangoo/My documents/PhD Research/Pairwise Approach/RP/qsar_data_unsorted/data_CHEMBL5328.csv,data_CHEMBL5328.csv,"(169, 355)",169,355,0.082840237,/home/iris/PA/qsar_data_unsorted/data_CHEMBL5328.csv,,,
1709,1709,/Users/dangoo/My documents/PhD Research/Pairwise Approach/RP/qsar_data_unsorted/data_CHEMBL3623.csv,data_CHEMBL3623.csv,"(170, 336)",170,336,0.029411765,/home/iris/PA/qsar_data_unsorted/data_CHEMBL3623.csv,,,
1900,1900,/Users/dangoo/My documents/PhD Research/Pairwise Approach/RP/qsar_data_unsorted/data_CHEMBL4376.csv,data_CHEMBL4376.csv,"(170, 533)",170,533,0.517647059,/home/iris/PA/qsar_data_unsorted/data_CHEMBL4376.csv,,,
696,696,/Users/dangoo/My documents/PhD Research/Pairwise Approach/RP/qsar_data_unsorted/data_CHEMBL2569.csv,data_CHEMBL2569.csv,"(171, 167)",171,167,0.099415205,/home/iris/PA/qsar_data_unsorted/data_CHEMBL2569.csv,,,
83,83,/Users/dangoo/My documents/PhD Research/Pairwise Approach/RP/qsar_data_unsorted/data_CHEMBL2085.csv,data_CHEMBL2085.csv,"(172, 333)",172,333,0.058139535,/home/iris/PA/qsar_data_unsorted/data_CHEMBL2085.csv,,,
1204,1204,/Users/dangoo/My documents/PhD Research/Pairwise Approach/RP/qsar_data_unsorted/data_CHEMBL3252.csv,data_CHEMBL3252.csv,"(172, 295)",172,295,0.104651163,/home/iris/PA/qsar_data_unsorted/data_CHEMBL3252.csv,,,
1436,1436,/Users/dangoo/My documents/PhD Research/Pairwise Approach/RP/qsar_data_unsorted/data_CHEMBL5800.csv,data_CHEMBL5800.csv,"(172, 376)",172,376,0.13372093,/home/iris/PA/qsar_data_unsorted/data_CHEMBL5800.csv,,,
183,183,/Users/dangoo/My documents/PhD Research/Pairwise Approach/RP/qsar_data_unsorted/data_CHEMBL4958.csv,data_CHEMBL4958.csv,"(173, 126)",173,126,0.630057803,/home/iris/PA/qsar_data_unsorted/data_CHEMBL4958.csv,,,
1224,1224,/Users/dangoo/My documents/PhD Research/Pairwise Approach/RP/qsar_data_unsorted/data_CHEMBL2096987.csv,data_CHEMBL2096987.csv,"(173, 305)",173,305,0.208092486,/home/iris/PA/qsar_data_unsorted/data_CHEMBL2096987.csv,,,
1392,1392,/Users/dangoo/My documents/PhD Research/Pairwise Approach/RP/qsar_data_unsorted/data_CHEMBL3687.csv,data_CHEMBL3687.csv,"(173, 345)",173,345,0.329479769,/home/iris/PA/qsar_data_unsorted/data_CHEMBL3687.csv,,,
876,876,/Users/dangoo/My documents/PhD Research/Pairwise Approach/RP/qsar_data_unsorted/data_CHEMBL3923.csv,data_CHEMBL3923.csv,"(174, 311)",174,311,0.074712644,/home/iris/PA/qsar_data_unsorted/data_CHEMBL3923.csv,,,
1032,1032,/Users/dangoo/My documents/PhD Research/Pairwise Approach/RP/qsar_data_unsorted/data_CHEMBL1918.csv,data_CHEMBL1918.csv,"(174, 280)",174,280,0.074712644,/home/iris/PA/qsar_data_unsorted/data_CHEMBL1918.csv,,,
528,528,/Users/dangoo/My documents/PhD Research/Pairwise Approach/RP/qsar_data_unsorted/data_CHEMBL2095158.csv,data_CHEMBL2095158.csv,"(175, 402)",175,402,0.097142857,/home/iris/PA/qsar_data_unsorted/data_CHEMBL2095158.csv,,,
964,964,/Users/dangoo/My documents/PhD Research/Pairwise Approach/RP/qsar_data_unsorted/data_CHEMBL5160.csv,data_CHEMBL5160.csv,"(175, 259)",175,259,0.102857143,/home/iris/PA/qsar_data_unsorted/data_CHEMBL5160.csv,,,
1262,1262,/Users/dangoo/My documents/PhD Research/Pairwise Approach/RP/qsar_data_unsorted/data_CHEMBL5966.csv,data_CHEMBL5966.csv,"(175, 154)",175,154,0.034285714,/home/iris/PA/qsar_data_unsorted/data_CHEMBL5966.csv,,,
419,419,/Users/dangoo/My documents/PhD Research/Pairwise Approach/RP/qsar_data_unsorted/data_CHEMBL1987.csv,data_CHEMBL1987.csv,"(176, 327)",176,327,0.113636364,/home/iris/PA/qsar_data_unsorted/data_CHEMBL1987.csv,,,
1366,1366,/Users/dangoo/My documents/PhD Research/Pairwise Approach/RP/qsar_data_unsorted/data_CHEMBL4472.csv,data_CHEMBL4472.csv,"(176, 260)",176,260,0.227272727,/home/iris/PA/qsar_data_unsorted/data_CHEMBL4472.csv,,,
1715,1715,/Users/dangoo/My documents/PhD Research/Pairwise Approach/RP/qsar_data_unsorted/data_CHEMBL4158.csv,data_CHEMBL4158.csv,"(176, 507)",176,507,0.051136364,/home/iris/PA/qsar_data_unsorted/data_CHEMBL4158.csv,,,
607,607,/Users/dangoo/My documents/PhD Research/Pairwise Approach/RP/qsar_data_unsorted/data_CHEMBL4234.csv,data_CHEMBL4234.csv,"(177, 279)",177,279,0.039548023,/home/iris/PA/qsar_data_unsorted/data_CHEMBL4234.csv,,,
872,872,/Users/dangoo/My documents/PhD Research/Pairwise Approach/RP/qsar_data_unsorted/data_CHEMBL5413.csv,data_CHEMBL5413.csv,"(177, 240)",177,240,0.039548023,/home/iris/PA/qsar_data_unsorted/data_CHEMBL5413.csv,,,
1775,1775,/Users/dangoo/My documents/PhD Research/Pairwise Approach/RP/qsar_data_unsorted/data_CHEMBL3636.csv,data_CHEMBL3636.csv,"(177, 252)",177,252,0.327683616,/home/iris/PA/qsar_data_unsorted/data_CHEMBL3636.csv,,,
1965,1965,/Users/dangoo/My documents/PhD Research/Pairwise Approach/RP/qsar_data_unsorted/data_CHEMBL307.csv,data_CHEMBL307.csv,"(177, 251)",177,251,0.079096045,/home/iris/PA/qsar_data_unsorted/data_CHEMBL307.csv,,,
252,252,/Users/dangoo/My documents/PhD Research/Pairwise Approach/RP/qsar_data_unsorted/data_CHEMBL4408.csv,data_CHEMBL4408.csv,"(179, 345)",179,345,0.206703911,/home/iris/PA/qsar_data_unsorted/data_CHEMBL4408.csv,,,
891,891,/Users/dangoo/My documents/PhD Research/Pairwise Approach/RP/qsar_data_unsorted/data_CHEMBL1293260.csv,data_CHEMBL1293260.csv,"(179, 546)",179,546,0.921787709,/home/iris/PA/qsar_data_unsorted/data_CHEMBL1293260.csv,,,
1168,1168,/Users/dangoo/My documents/PhD Research/Pairwise Approach/RP/qsar_data_unsorted/data_CHEMBL1907593.csv,data_CHEMBL1907593.csv,"(179, 333)",179,333,0.229050279,/home/iris/PA/qsar_data_unsorted/data_CHEMBL1907593.csv,,,
114,114,/Users/dangoo/My documents/PhD Research/Pairwise Approach/RP/qsar_data_unsorted/data_CHEMBL1741162.csv,data_CHEMBL1741162.csv,"(180, 296)",180,296,0.672222222,/home/iris/PA/qsar_data_unsorted/data_CHEMBL1741162.csv,,,
418,418,/Users/dangoo/My documents/PhD Research/Pairwise Approach/RP/qsar_data_unsorted/data_CHEMBL6030.csv,data_CHEMBL6030.csv,"(180, 606)",180,606,0.65,/home/iris/PA/qsar_data_unsorted/data_CHEMBL6030.csv,,,
174,174,/Users/dangoo/My documents/PhD Research/Pairwise Approach/RP/qsar_data_unsorted/data_CHEMBL2095200.csv,data_CHEMBL2095200.csv,"(181, 373)",181,373,0.248618785,/home/iris/PA/qsar_data_unsorted/data_CHEMBL2095200.csv,,,
1621,1621,/Users/dangoo/My documents/PhD Research/Pairwise Approach/RP/qsar_data_unsorted/data_CHEMBL4358.csv,data_CHEMBL4358.csv,"(181, 395)",181,395,0.055248619,/home/iris/PA/qsar_data_unsorted/data_CHEMBL4358.csv,,,
319,319,/Users/dangoo/My documents/PhD Research/Pairwise Approach/RP/qsar_data_unsorted/data_CHEMBL2647.csv,data_CHEMBL2647.csv,"(182, 269)",182,269,0.093406593,/home/iris/PA/qsar_data_unsorted/data_CHEMBL2647.csv,,,
518,518,/Users/dangoo/My documents/PhD Research/Pairwise Approach/RP/qsar_data_unsorted/data_CHEMBL4802.csv,data_CHEMBL4802.csv,"(182, 272)",182,272,0.230769231,/home/iris/PA/qsar_data_unsorted/data_CHEMBL4802.csv,,,
1734,1734,/Users/dangoo/My documents/PhD Research/Pairwise Approach/RP/qsar_data_unsorted/data_CHEMBL2065.csv,data_CHEMBL2065.csv,"(182, 372)",182,372,0.137362637,/home/iris/PA/qsar_data_unsorted/data_CHEMBL2065.csv,,,
2009,2009,/Users/dangoo/My documents/PhD Research/Pairwise Approach/RP/qsar_data_unsorted/data_CHEMBL3433.csv,data_CHEMBL3433.csv,"(182, 282)",182,282,0.038461538,/home/iris/PA/qsar_data_unsorted/data_CHEMBL3433.csv,,,
360,360,/Users/dangoo/My documents/PhD Research/Pairwise Approach/RP/qsar_data_unsorted/data_CHEMBL4140.csv,data_CHEMBL4140.csv,"(183, 242)",183,242,0.234972678,/home/iris/PA/qsar_data_unsorted/data_CHEMBL4140.csv,,,
423,423,/Users/dangoo/My documents/PhD Research/Pairwise Approach/RP/qsar_data_unsorted/data_CHEMBL3969.csv,data_CHEMBL3969.csv,"(183, 363)",183,363,0.027322404,/home/iris/PA/qsar_data_unsorted/data_CHEMBL3969.csv,,,
404,404,/Users/dangoo/My documents/PhD Research/Pairwise Approach/RP/qsar_data_unsorted/data_CHEMBL2095166.csv,data_CHEMBL2095166.csv,"(184, 336)",184,336,0.288043478,/home/iris/PA/qsar_data_unsorted/data_CHEMBL2095166.csv,,,
1907,1907,/Users/dangoo/My documents/PhD Research/Pairwise Approach/RP/qsar_data_unsorted/data_CHEMBL1741186.csv,data_CHEMBL1741186.csv,"(184, 536)",184,536,0.39673913,/home/iris/PA/qsar_data_unsorted/data_CHEMBL1741186.csv,,,
1979,1979,/Users/dangoo/My documents/PhD Research/Pairwise Approach/RP/qsar_data_unsorted/data_CHEMBL2329.csv,data_CHEMBL2329.csv,"(184, 195)",184,195,0.054347826,/home/iris/PA/qsar_data_unsorted/data_CHEMBL2329.csv,,,
1197,1197,/Users/dangoo/My documents/PhD Research/Pairwise Approach/RP/qsar_data_unsorted/data_CHEMBL5192.csv,data_CHEMBL5192.csv,"(186, 363)",186,363,0.225806452,/home/iris/PA/qsar_data_unsorted/data_CHEMBL5192.csv,,,
1311,1311,/Users/dangoo/My documents/PhD Research/Pairwise Approach/RP/qsar_data_unsorted/data_CHEMBL3735.csv,data_CHEMBL3735.csv,"(186, 315)",186,315,0.284946237,/home/iris/PA/qsar_data_unsorted/data_CHEMBL3735.csv,,,
1970,1970,/Users/dangoo/My documents/PhD Research/Pairwise Approach/RP/qsar_data_unsorted/data_CHEMBL3590.csv,data_CHEMBL3590.csv,"(187, 258)",187,258,0.080213904,/home/iris/PA/qsar_data_unsorted/data_CHEMBL3590.csv,,,
378,378,/Users/dangoo/My documents/PhD Research/Pairwise Approach/RP/qsar_data_unsorted/data_CHEMBL4430.csv,data_CHEMBL4430.csv,"(188, 290)",188,290,0.074468085,/home/iris/PA/qsar_data_unsorted/data_CHEMBL4430.csv,,,
2034,2034,/Users/dangoo/My documents/PhD Research/Pairwise Approach/RP/qsar_data_unsorted/data_CHEMBL1795101.csv,data_CHEMBL1795101.csv,"(188, 242)",188,242,0.079787234,/home/iris/PA/qsar_data_unsorted/data_CHEMBL1795101.csv,,,
1384,1384,/Users/dangoo/My documents/PhD Research/Pairwise Approach/RP/qsar_data_unsorted/data_CHEMBL4329.csv,data_CHEMBL4329.csv,"(189, 280)",189,280,0.068783069,/home/iris/PA/qsar_data_unsorted/data_CHEMBL4329.csv,,,
1421,1421,/Users/dangoo/My documents/PhD Research/Pairwise Approach/RP/qsar_data_unsorted/data_CHEMBL3254.csv,data_CHEMBL3254.csv,"(190, 233)",190,233,0.036842105,/home/iris/PA/qsar_data_unsorted/data_CHEMBL3254.csv,,,
1692,1692,/Users/dangoo/My documents/PhD Research/Pairwise Approach/RP/qsar_data_unsorted/data_CHEMBL3025.csv,data_CHEMBL3025.csv,"(190, 391)",190,391,0.015789474,/home/iris/PA/qsar_data_unsorted/data_CHEMBL3025.csv,,,
0,0,/Users/dangoo/My documents/PhD Research/Pairwise Approach/RP/qsar_data_unsorted/data_CHEMBL1741201.csv,data_CHEMBL1741201.csv,"(191, 250)",191,250,0.518324607,/home/iris/PA/qsar_data_unsorted/data_CHEMBL1741201.csv,,,
2032,2032,/Users/dangoo/My documents/PhD Research/Pairwise Approach/RP/qsar_data_unsorted/data_CHEMBL2094266.csv,data_CHEMBL2094266.csv,"(191, 331)",191,331,0.068062827,/home/iris/PA/qsar_data_unsorted/data_CHEMBL2094266.csv,,,
1044,1044,/Users/dangoo/My documents/PhD Research/Pairwise Approach/RP/qsar_data_unsorted/data_CHEMBL4653.csv,data_CHEMBL4653.csv,"(192, 310)",192,310,0.020833333,/home/iris/PA/qsar_data_unsorted/data_CHEMBL4653.csv,,,
1397,1397,/Users/dangoo/My documents/PhD Research/Pairwise Approach/RP/qsar_data_unsorted/data_CHEMBL3863.csv,data_CHEMBL3863.csv,"(192, 554)",192,554,0.333333333,/home/iris/PA/qsar_data_unsorted/data_CHEMBL3863.csv,,,
1772,1772,/Users/dangoo/My documents/PhD Research/Pairwise Approach/RP/qsar_data_unsorted/data_CHEMBL4617.csv,data_CHEMBL4617.csv,"(192, 204)",192,204,0.026041667,/home/iris/PA/qsar_data_unsorted/data_CHEMBL4617.csv,,,
1928,1928,/Users/dangoo/My documents/PhD Research/Pairwise Approach/RP/qsar_data_unsorted/data_CHEMBL4028.csv,data_CHEMBL4028.csv,"(192, 275)",192,275,0.130208333,/home/iris/PA/qsar_data_unsorted/data_CHEMBL4028.csv,,,
2044,2044,/Users/dangoo/My documents/PhD Research/Pairwise Approach/RP/qsar_data_unsorted/data_CHEMBL1782.csv,data_CHEMBL1782.csv,"(193, 255)",193,255,0.07253886,/home/iris/PA/qsar_data_unsorted/data_CHEMBL1782.csv,,,
1559,1559,/Users/dangoo/My documents/PhD Research/Pairwise Approach/RP/qsar_data_unsorted/data_CHEMBL5457.csv,data_CHEMBL5457.csv,"(194, 210)",194,210,0.025773196,/home/iris/PA/qsar_data_unsorted/data_CHEMBL5457.csv,,,
743,743,/Users/dangoo/My documents/PhD Research/Pairwise Approach/RP/qsar_data_unsorted/data_CHEMBL1287628.csv,data_CHEMBL1287628.csv,"(195, 302)",195,302,0.492307692,/home/iris/PA/qsar_data_unsorted/data_CHEMBL1287628.csv,,,
1892,1892,/Users/dangoo/My documents/PhD Research/Pairwise Approach/RP/qsar_data_unsorted/data_CHEMBL2095190.csv,data_CHEMBL2095190.csv,"(196, 280)",196,280,0.204081633,/home/iris/PA/qsar_data_unsorted/data_CHEMBL2095190.csv,,,
582,582,/Users/dangoo/My documents/PhD Research/Pairwise Approach/RP/qsar_data_unsorted/data_CHEMBL6184.csv,data_CHEMBL6184.csv,"(197, 280)",197,280,0.020304569,/home/iris/PA/qsar_data_unsorted/data_CHEMBL6184.csv,,,
912,912,/Users/dangoo/My documents/PhD Research/Pairwise Approach/RP/qsar_data_unsorted/data_CHEMBL5980.csv,data_CHEMBL5980.csv,"(197, 613)",197,613,0.852791878,/home/iris/PA/qsar_data_unsorted/data_CHEMBL5980.csv,,,
822,822,/Users/dangoo/My documents/PhD Research/Pairwise Approach/RP/qsar_data_unsorted/data_CHEMBL3890.csv,data_CHEMBL3890.csv,"(198, 369)",198,369,0.050505051,/home/iris/PA/qsar_data_unsorted/data_CHEMBL3890.csv,,,
1474,1474,/Users/dangoo/My documents/PhD Research/Pairwise Approach/RP/qsar_data_unsorted/data_CHEMBL2000.csv,data_CHEMBL2000.csv,"(198, 459)",198,459,0.050505051,/home/iris/PA/qsar_data_unsorted/data_CHEMBL2000.csv,,,
1385,1385,/Users/dangoo/My documents/PhD Research/Pairwise Approach/RP/qsar_data_unsorted/data_CHEMBL2016.csv,data_CHEMBL2016.csv,"(199, 390)",199,390,0.025125628,/home/iris/PA/qsar_data_unsorted/data_CHEMBL2016.csv,,,
1423,1423,/Users/dangoo/My documents/PhD Research/Pairwise Approach/RP/qsar_data_unsorted/data_CHEMBL3268.csv,data_CHEMBL3268.csv,"(199, 546)",199,546,0.306532663,/home/iris/PA/qsar_data_unsorted/data_CHEMBL3268.csv,,,
1386,1386,/Users/dangoo/My documents/PhD Research/Pairwise Approach/RP/qsar_data_unsorted/data_CHEMBL3308.csv,data_CHEMBL3308.csv,"(200, 296)",200,296,0.19,/home/iris/PA/qsar_data_unsorted/data_CHEMBL3308.csv,,,
1528,1528,/Users/dangoo/My documents/PhD Research/Pairwise Approach/RP/qsar_data_unsorted/data_CHEMBL2096980.csv,data_CHEMBL2096980.csv,"(201, 343)",201,343,0.15920398,/home/iris/PA/qsar_data_unsorted/data_CHEMBL2096980.csv,,,
1752,1752,/Users/dangoo/My documents/PhD Research/Pairwise Approach/RP/qsar_data_unsorted/data_CHEMBL3385.csv,data_CHEMBL3385.csv,"(201, 684)",201,684,0.487562189,/home/iris/PA/qsar_data_unsorted/data_CHEMBL3385.csv,,,
75,75,/Users/dangoo/My documents/PhD Research/Pairwise Approach/RP/qsar_data_unsorted/data_CHEMBL3359.csv,data_CHEMBL3359.csv,"(202, 318)",202,318,0.287128713,/home/iris/PA/qsar_data_unsorted/data_CHEMBL3359.csv,,,
441,441,/Users/dangoo/My documents/PhD Research/Pairwise Approach/RP/qsar_data_unsorted/data_CHEMBL2336.csv,data_CHEMBL2336.csv,"(202, 348)",202,348,0.024752475,/home/iris/PA/qsar_data_unsorted/data_CHEMBL2336.csv,,,
962,962,/Users/dangoo/My documents/PhD Research/Pairwise Approach/RP/qsar_data_unsorted/data_CHEMBL1907603.csv,data_CHEMBL1907603.csv,"(202, 341)",202,341,0.03960396,/home/iris/PA/qsar_data_unsorted/data_CHEMBL1907603.csv,,,
1972,1972,/Users/dangoo/My documents/PhD Research/Pairwise Approach/RP/qsar_data_unsorted/data_CHEMBL4016.csv,data_CHEMBL4016.csv,"(202, 346)",202,346,0.059405941,/home/iris/PA/qsar_data_unsorted/data_CHEMBL4016.csv,,,
1388,1388,/Users/dangoo/My documents/PhD Research/Pairwise Approach/RP/qsar_data_unsorted/data_CHEMBL4315.csv,data_CHEMBL4315.csv,"(203, 300)",203,300,0.068965517,/home/iris/PA/qsar_data_unsorted/data_CHEMBL4315.csv,,,
1472,1472,/Users/dangoo/My documents/PhD Research/Pairwise Approach/RP/qsar_data_unsorted/data_CHEMBL3478.csv,data_CHEMBL3478.csv,"(203, 322)",203,322,0.044334975,/home/iris/PA/qsar_data_unsorted/data_CHEMBL3478.csv,,,
342,342,/Users/dangoo/My documents/PhD Research/Pairwise Approach/RP/qsar_data_unsorted/data_CHEMBL6145.csv,data_CHEMBL6145.csv,"(204, 247)",204,247,0.294117647,/home/iris/PA/qsar_data_unsorted/data_CHEMBL6145.csv,,,
1748,1748,/Users/dangoo/My documents/PhD Research/Pairwise Approach/RP/qsar_data_unsorted/data_CHEMBL1075257.csv,data_CHEMBL1075257.csv,"(205, 662)",205,662,0.492682927,/home/iris/PA/qsar_data_unsorted/data_CHEMBL1075257.csv,,,
1822,1822,/Users/dangoo/My documents/PhD Research/Pairwise Approach/RP/qsar_data_unsorted/data_CHEMBL3544.csv,data_CHEMBL3544.csv,"(205, 482)",205,482,0.375609756,/home/iris/PA/qsar_data_unsorted/data_CHEMBL3544.csv,,,
1830,1830,/Users/dangoo/My documents/PhD Research/Pairwise Approach/RP/qsar_data_unsorted/data_CHEMBL4767.csv,data_CHEMBL4767.csv,"(206, 243)",206,243,0.106796117,/home/iris/PA/qsar_data_unsorted/data_CHEMBL4767.csv,,,
1702,1702,/Users/dangoo/My documents/PhD Research/Pairwise Approach/RP/qsar_data_unsorted/data_CHEMBL4789.csv,data_CHEMBL4789.csv,"(207, 391)",207,391,0.019323671,/home/iris/PA/qsar_data_unsorted/data_CHEMBL4789.csv,,,
389,389,/Users/dangoo/My documents/PhD Research/Pairwise Approach/RP/qsar_data_unsorted/data_CHEMBL3377.csv,data_CHEMBL3377.csv,"(208, 273)",208,273,0.019230769,/home/iris/PA/qsar_data_unsorted/data_CHEMBL3377.csv,,,
1881,1881,/Users/dangoo/My documents/PhD Research/Pairwise Approach/RP/qsar_data_unsorted/data_CHEMBL2095185.csv,data_CHEMBL2095185.csv,"(208, 292)",208,292,0.211538462,/home/iris/PA/qsar_data_unsorted/data_CHEMBL2095185.csv,,,
1447,1447,/Users/dangoo/My documents/PhD Research/Pairwise Approach/RP/qsar_data_unsorted/data_CHEMBL1075145.csv,data_CHEMBL1075145.csv,"(209, 428)",209,428,0.277511962,/home/iris/PA/qsar_data_unsorted/data_CHEMBL1075145.csv,,,
1831,1831,/Users/dangoo/My documents/PhD Research/Pairwise Approach/RP/qsar_data_unsorted/data_CHEMBL2470.csv,data_CHEMBL2470.csv,"(209, 370)",209,370,0.076555024,/home/iris/PA/qsar_data_unsorted/data_CHEMBL2470.csv,,,
519,519,/Users/dangoo/My documents/PhD Research/Pairwise Approach/RP/qsar_data_unsorted/data_CHEMBL2096684.csv,data_CHEMBL2096684.csv,"(210, 297)",210,297,0.123809524,/home/iris/PA/qsar_data_unsorted/data_CHEMBL2096684.csv,,,
1383,1383,/Users/dangoo/My documents/PhD Research/Pairwise Approach/RP/qsar_data_unsorted/data_CHEMBL2980.csv,data_CHEMBL2980.csv,"(210, 235)",210,235,0.338095238,/home/iris/PA/qsar_data_unsorted/data_CHEMBL2980.csv,,,
1615,1615,/Users/dangoo/My documents/PhD Research/Pairwise Approach/RP/qsar_data_unsorted/data_CHEMBL3423.csv,data_CHEMBL3423.csv,"(211, 322)",211,322,0.047393365,/home/iris/PA/qsar_data_unsorted/data_CHEMBL3423.csv,,,
602,602,/Users/dangoo/My documents/PhD Research/Pairwise Approach/RP/qsar_data_unsorted/data_CHEMBL3201.csv,data_CHEMBL3201.csv,"(212, 494)",212,494,0.018867925,/home/iris/PA/qsar_data_unsorted/data_CHEMBL3201.csv,,,
790,790,/Users/dangoo/My documents/PhD Research/Pairwise Approach/RP/qsar_data_unsorted/data_CHEMBL1075228.csv,data_CHEMBL1075228.csv,"(212, 318)",212,318,0.051886792,/home/iris/PA/qsar_data_unsorted/data_CHEMBL1075228.csv,,,
1348,1348,/Users/dangoo/My documents/PhD Research/Pairwise Approach/RP/qsar_data_unsorted/data_CHEMBL2567.csv,data_CHEMBL2567.csv,"(212, 67)",212,67,0.009433962,/home/iris/PA/qsar_data_unsorted/data_CHEMBL2567.csv,,,
1844,1844,/Users/dangoo/My documents/PhD Research/Pairwise Approach/RP/qsar_data_unsorted/data_CHEMBL3961.csv,data_CHEMBL3961.csv,"(212, 633)",212,633,0.358490566,/home/iris/PA/qsar_data_unsorted/data_CHEMBL3961.csv,,,
18,18,/Users/dangoo/My documents/PhD Research/Pairwise Approach/RP/qsar_data_unsorted/data_CHEMBL323.csv,data_CHEMBL323.csv,"(213, 295)",213,295,0.023474178,/home/iris/PA/qsar_data_unsorted/data_CHEMBL323.csv,,,
806,806,/Users/dangoo/My documents/PhD Research/Pairwise Approach/RP/qsar_data_unsorted/data_CHEMBL2026.csv,data_CHEMBL2026.csv,"(213, 483)",213,483,0.103286385,/home/iris/PA/qsar_data_unsorted/data_CHEMBL2026.csv,,,
1763,1763,/Users/dangoo/My documents/PhD Research/Pairwise Approach/RP/qsar_data_unsorted/data_CHEMBL1784.csv,data_CHEMBL1784.csv,"(213, 254)",213,254,0.037558685,/home/iris/PA/qsar_data_unsorted/data_CHEMBL1784.csv,,,
585,585,/Users/dangoo/My documents/PhD Research/Pairwise Approach/RP/qsar_data_unsorted/data_CHEMBL3771.csv,data_CHEMBL3771.csv,"(214, 275)",214,275,0.065420561,/home/iris/PA/qsar_data_unsorted/data_CHEMBL3771.csv,,,
1242,1242,/Users/dangoo/My documents/PhD Research/Pairwise Approach/RP/qsar_data_unsorted/data_CHEMBL1293244.csv,data_CHEMBL1293244.csv,"(214, 607)",214,607,0.719626168,/home/iris/PA/qsar_data_unsorted/data_CHEMBL1293244.csv,,,
1649,1649,/Users/dangoo/My documents/PhD Research/Pairwise Approach/RP/qsar_data_unsorted/data_CHEMBL4774.csv,data_CHEMBL4774.csv,"(214, 248)",214,248,0.224299065,/home/iris/PA/qsar_data_unsorted/data_CHEMBL4774.csv,,,
1973,1973,/Users/dangoo/My documents/PhD Research/Pairwise Approach/RP/qsar_data_unsorted/data_CHEMBL2095227.csv,data_CHEMBL2095227.csv,"(214, 291)",214,291,0.028037383,/home/iris/PA/qsar_data_unsorted/data_CHEMBL2095227.csv,,,
994,994,/Users/dangoo/My documents/PhD Research/Pairwise Approach/RP/qsar_data_unsorted/data_CHEMBL4444.csv,data_CHEMBL4444.csv,"(215, 453)",215,453,0.325581395,/home/iris/PA/qsar_data_unsorted/data_CHEMBL4444.csv,,,
254,254,/Users/dangoo/My documents/PhD Research/Pairwise Approach/RP/qsar_data_unsorted/data_CHEMBL2094255.csv,data_CHEMBL2094255.csv,"(216, 422)",216,422,0.208333333,/home/iris/PA/qsar_data_unsorted/data_CHEMBL2094255.csv,,,
2015,2015,/Users/dangoo/My documents/PhD Research/Pairwise Approach/RP/qsar_data_unsorted/data_CHEMBL2095186.csv,data_CHEMBL2095186.csv,"(216, 230)",216,230,0.069444444,/home/iris/PA/qsar_data_unsorted/data_CHEMBL2095186.csv,,,
1425,1425,/Users/dangoo/My documents/PhD Research/Pairwise Approach/RP/qsar_data_unsorted/data_CHEMBL4261.csv,data_CHEMBL4261.csv,"(217, 329)",217,329,0.156682028,/home/iris/PA/qsar_data_unsorted/data_CHEMBL4261.csv,,,
45,45,/Users/dangoo/My documents/PhD Research/Pairwise Approach/RP/qsar_data_unsorted/data_CHEMBL2096911.csv,data_CHEMBL2096911.csv,"(218, 239)",218,239,0.458715596,/home/iris/PA/qsar_data_unsorted/data_CHEMBL2096911.csv,,,
1059,1059,/Users/dangoo/My documents/PhD Research/Pairwise Approach/RP/qsar_data_unsorted/data_CHEMBL3921.csv,data_CHEMBL3921.csv,"(218, 281)",218,281,0.064220183,/home/iris/PA/qsar_data_unsorted/data_CHEMBL3921.csv,,,
1121,1121,/Users/dangoo/My documents/PhD Research/Pairwise Approach/RP/qsar_data_unsorted/data_CHEMBL2575.csv,data_CHEMBL2575.csv,"(219, 216)",219,216,0.01369863,/home/iris/PA/qsar_data_unsorted/data_CHEMBL2575.csv,,,
125,125,/Users/dangoo/My documents/PhD Research/Pairwise Approach/RP/qsar_data_unsorted/data_CHEMBL4027.csv,data_CHEMBL4027.csv,"(220, 430)",220,430,0.127272727,/home/iris/PA/qsar_data_unsorted/data_CHEMBL4027.csv,,,
255,255,/Users/dangoo/My documents/PhD Research/Pairwise Approach/RP/qsar_data_unsorted/data_CHEMBL3401.csv,data_CHEMBL3401.csv,"(221, 541)",221,541,0.266968326,/home/iris/PA/qsar_data_unsorted/data_CHEMBL3401.csv,,,
105,105,/Users/dangoo/My documents/PhD Research/Pairwise Approach/RP/qsar_data_unsorted/data_CHEMBL2096680.csv,data_CHEMBL2096680.csv,"(223, 259)",223,259,0.322869955,/home/iris/PA/qsar_data_unsorted/data_CHEMBL2096680.csv,,,
981,981,/Users/dangoo/My documents/PhD Research/Pairwise Approach/RP/qsar_data_unsorted/data_CHEMBL2096618.csv,data_CHEMBL2096618.csv,"(223, 410)",223,410,0.134529148,/home/iris/PA/qsar_data_unsorted/data_CHEMBL2096618.csv,,,
1424,1424,/Users/dangoo/My documents/PhD Research/Pairwise Approach/RP/qsar_data_unsorted/data_CHEMBL5619.csv,data_CHEMBL5619.csv,"(223, 602)",223,602,0.488789238,/home/iris/PA/qsar_data_unsorted/data_CHEMBL5619.csv,,,
892,892,/Users/dangoo/My documents/PhD Research/Pairwise Approach/RP/qsar_data_unsorted/data_CHEMBL1293274.csv,data_CHEMBL1293274.csv,"(224, 590)",224,590,0.53125,/home/iris/PA/qsar_data_unsorted/data_CHEMBL1293274.csv,,,
969,969,/Users/dangoo/My documents/PhD Research/Pairwise Approach/RP/qsar_data_unsorted/data_CHEMBL1892.csv,data_CHEMBL1892.csv,"(224, 292)",224,292,0.03125,/home/iris/PA/qsar_data_unsorted/data_CHEMBL1892.csv,,,
1305,1305,/Users/dangoo/My documents/PhD Research/Pairwise Approach/RP/qsar_data_unsorted/data_CHEMBL4714.csv,data_CHEMBL4714.csv,"(224, 270)",224,270,0.151785714,/home/iris/PA/qsar_data_unsorted/data_CHEMBL4714.csv,,,
63,63,/Users/dangoo/My documents/PhD Research/Pairwise Approach/RP/qsar_data_unsorted/data_CHEMBL4191.csv,data_CHEMBL4191.csv,"(226, 281)",226,281,0.057522124,/home/iris/PA/qsar_data_unsorted/data_CHEMBL4191.csv,,,
878,878,/Users/dangoo/My documents/PhD Research/Pairwise Approach/RP/qsar_data_unsorted/data_CHEMBL3658.csv,data_CHEMBL3658.csv,"(226, 368)",226,368,0.07079646,/home/iris/PA/qsar_data_unsorted/data_CHEMBL3658.csv,,,
1095,1095,/Users/dangoo/My documents/PhD Research/Pairwise Approach/RP/qsar_data_unsorted/data_CHEMBL2617.csv,data_CHEMBL2617.csv,"(226, 342)",226,342,0.022123894,/home/iris/PA/qsar_data_unsorted/data_CHEMBL2617.csv,,,
751,751,/Users/dangoo/My documents/PhD Research/Pairwise Approach/RP/qsar_data_unsorted/data_CHEMBL6137.csv,data_CHEMBL6137.csv,"(227, 298)",227,298,0.030837004,/home/iris/PA/qsar_data_unsorted/data_CHEMBL6137.csv,,,
60,60,/Users/dangoo/My documents/PhD Research/Pairwise Approach/RP/qsar_data_unsorted/data_CHEMBL3198.csv,data_CHEMBL3198.csv,"(229, 292)",229,292,0.091703057,/home/iris/PA/qsar_data_unsorted/data_CHEMBL3198.csv,,,
1934,1934,/Users/dangoo/My documents/PhD Research/Pairwise Approach/RP/qsar_data_unsorted/data_CHEMBL2095231.csv,data_CHEMBL2095231.csv,"(229, 324)",229,324,0.030567686,/home/iris/PA/qsar_data_unsorted/data_CHEMBL2095231.csv,,,
1839,1839,/Users/dangoo/My documents/PhD Research/Pairwise Approach/RP/qsar_data_unsorted/data_CHEMBL4029.csv,data_CHEMBL4029.csv,"(230, 353)",230,353,0.043478261,/home/iris/PA/qsar_data_unsorted/data_CHEMBL4029.csv,,,
1506,1506,/Users/dangoo/My documents/PhD Research/Pairwise Approach/RP/qsar_data_unsorted/data_CHEMBL4699.csv,data_CHEMBL4699.csv,"(231, 256)",231,256,0.103896104,/home/iris/PA/qsar_data_unsorted/data_CHEMBL4699.csv,,,
1680,1680,/Users/dangoo/My documents/PhD Research/Pairwise Approach/RP/qsar_data_unsorted/data_CHEMBL2688.csv,data_CHEMBL2688.csv,"(231, 521)",231,521,0.70995671,/home/iris/PA/qsar_data_unsorted/data_CHEMBL2688.csv,,,
36,36,/Users/dangoo/My documents/PhD Research/Pairwise Approach/RP/qsar_data_unsorted/data_CHEMBL2331.csv,data_CHEMBL2331.csv,"(233, 244)",233,244,0.021459227,/home/iris/PA/qsar_data_unsorted/data_CHEMBL2331.csv,,,
71,71,/Users/dangoo/My documents/PhD Research/Pairwise Approach/RP/qsar_data_unsorted/data_CHEMBL3403.csv,data_CHEMBL3403.csv,"(233, 254)",233,254,0.120171674,/home/iris/PA/qsar_data_unsorted/data_CHEMBL3403.csv,,,
1186,1186,/Users/dangoo/My documents/PhD Research/Pairwise Approach/RP/qsar_data_unsorted/data_CHEMBL4071.csv,data_CHEMBL4071.csv,"(233, 431)",233,431,0.120171674,/home/iris/PA/qsar_data_unsorted/data_CHEMBL4071.csv,,,
1271,1271,/Users/dangoo/My documents/PhD Research/Pairwise Approach/RP/qsar_data_unsorted/data_CHEMBL4338.csv,data_CHEMBL4338.csv,"(233, 387)",233,387,0.025751073,/home/iris/PA/qsar_data_unsorted/data_CHEMBL4338.csv,,,
1783,1783,/Users/dangoo/My documents/PhD Research/Pairwise Approach/RP/qsar_data_unsorted/data_CHEMBL3959.csv,data_CHEMBL3959.csv,"(233, 383)",233,383,0.021459227,/home/iris/PA/qsar_data_unsorted/data_CHEMBL3959.csv,,,
1434,1434,/Users/dangoo/My documents/PhD Research/Pairwise Approach/RP/qsar_data_unsorted/data_CHEMBL402.csv,data_CHEMBL402.csv,"(234, 410)",234,410,0.02991453,/home/iris/PA/qsar_data_unsorted/data_CHEMBL402.csv,,,
1944,1944,/Users/dangoo/My documents/PhD Research/Pairwise Approach/RP/qsar_data_unsorted/data_CHEMBL311.csv,data_CHEMBL311.csv,"(234, 384)",234,384,0.051282051,/home/iris/PA/qsar_data_unsorted/data_CHEMBL311.csv,,,
136,136,/Users/dangoo/My documents/PhD Research/Pairwise Approach/RP/qsar_data_unsorted/data_CHEMBL2318.csv,data_CHEMBL2318.csv,"(235, 406)",235,406,0.059574468,/home/iris/PA/qsar_data_unsorted/data_CHEMBL2318.csv,,,
1117,1117,/Users/dangoo/My documents/PhD Research/Pairwise Approach/RP/qsar_data_unsorted/data_CHEMBL4892.csv,data_CHEMBL4892.csv,"(235, 410)",235,410,0.025531915,/home/iris/PA/qsar_data_unsorted/data_CHEMBL4892.csv,,,
1192,1192,/Users/dangoo/My documents/PhD Research/Pairwise Approach/RP/qsar_data_unsorted/data_CHEMBL5353.csv,data_CHEMBL5353.csv,"(235, 328)",235,328,0.059574468,/home/iris/PA/qsar_data_unsorted/data_CHEMBL5353.csv,,,
807,807,/Users/dangoo/My documents/PhD Research/Pairwise Approach/RP/qsar_data_unsorted/data_CHEMBL3338.csv,data_CHEMBL3338.csv,"(237, 336)",237,336,0.063291139,/home/iris/PA/qsar_data_unsorted/data_CHEMBL3338.csv,,,
2073,2073,/Users/dangoo/My documents/PhD Research/Pairwise Approach/RP/qsar_data_unsorted/data_CHEMBL2095226.csv,data_CHEMBL2095226.csv,"(237, 388)",237,388,0.05907173,/home/iris/PA/qsar_data_unsorted/data_CHEMBL2095226.csv,,,
1193,1193,/Users/dangoo/My documents/PhD Research/Pairwise Approach/RP/qsar_data_unsorted/data_CHEMBL5804.csv,data_CHEMBL5804.csv,"(238, 631)",238,631,0.025210084,/home/iris/PA/qsar_data_unsorted/data_CHEMBL5804.csv,,,
1056,1056,/Users/dangoo/My documents/PhD Research/Pairwise Approach/RP/qsar_data_unsorted/data_CHEMBL2096976.csv,data_CHEMBL2096976.csv,"(239, 583)",239,583,0.146443515,/home/iris/PA/qsar_data_unsorted/data_CHEMBL2096976.csv,,,
101,101,/Users/dangoo/My documents/PhD Research/Pairwise Approach/RP/qsar_data_unsorted/data_CHEMBL5067.csv,data_CHEMBL5067.csv,"(240, 296)",240,296,0.029166667,/home/iris/PA/qsar_data_unsorted/data_CHEMBL5067.csv,,,
839,839,/Users/dangoo/My documents/PhD Research/Pairwise Approach/RP/qsar_data_unsorted/data_CHEMBL1615382.csv,data_CHEMBL1615382.csv,"(240, 740)",240,740,0.045833333,/home/iris/PA/qsar_data_unsorted/data_CHEMBL1615382.csv,,,
931,931,/Users/dangoo/My documents/PhD Research/Pairwise Approach/RP/qsar_data_unsorted/data_CHEMBL1615387.csv,data_CHEMBL1615387.csv,"(241, 742)",241,742,0.253112033,/home/iris/PA/qsar_data_unsorted/data_CHEMBL1615387.csv,,,
992,992,/Users/dangoo/My documents/PhD Research/Pairwise Approach/RP/qsar_data_unsorted/data_CHEMBL1293263.csv,data_CHEMBL1293263.csv,"(242, 595)",242,595,0.450413223,/home/iris/PA/qsar_data_unsorted/data_CHEMBL1293263.csv,,,
11,11,/Users/dangoo/My documents/PhD Research/Pairwise Approach/RP/qsar_data_unsorted/data_CHEMBL4224.csv,data_CHEMBL4224.csv,"(244, 563)",244,563,0.418032787,/home/iris/PA/qsar_data_unsorted/data_CHEMBL4224.csv,,,
28,28,/Users/dangoo/My documents/PhD Research/Pairwise Approach/RP/qsar_data_unsorted/data_CHEMBL3775.csv,data_CHEMBL3775.csv,"(244, 473)",244,473,0.106557377,/home/iris/PA/qsar_data_unsorted/data_CHEMBL3775.csv,,,
485,485,/Users/dangoo/My documents/PhD Research/Pairwise Approach/RP/qsar_data_unsorted/data_CHEMBL2094118.csv,data_CHEMBL2094118.csv,"(245, 327)",245,327,0.07755102,/home/iris/PA/qsar_data_unsorted/data_CHEMBL2094118.csv,,,
1915,1915,/Users/dangoo/My documents/PhD Research/Pairwise Approach/RP/qsar_data_unsorted/data_CHEMBL2096664.csv,data_CHEMBL2096664.csv,"(245, 341)",245,341,0.024489796,/home/iris/PA/qsar_data_unsorted/data_CHEMBL2096664.csv,,,
539,539,/Users/dangoo/My documents/PhD Research/Pairwise Approach/RP/qsar_data_unsorted/data_CHEMBL2903.csv,data_CHEMBL2903.csv,"(246, 416)",246,416,0.18699187,/home/iris/PA/qsar_data_unsorted/data_CHEMBL2903.csv,,,
1642,1642,/Users/dangoo/My documents/PhD Research/Pairwise Approach/RP/qsar_data_unsorted/data_CHEMBL2488.csv,data_CHEMBL2488.csv,"(246, 286)",246,286,0.345528455,/home/iris/PA/qsar_data_unsorted/data_CHEMBL2488.csv,,,
1993,1993,/Users/dangoo/My documents/PhD Research/Pairwise Approach/RP/qsar_data_unsorted/data_CHEMBL6007.csv,data_CHEMBL6007.csv,"(246, 390)",246,390,0.081300813,/home/iris/PA/qsar_data_unsorted/data_CHEMBL6007.csv,,,
680,680,/Users/dangoo/My documents/PhD Research/Pairwise Approach/RP/qsar_data_unsorted/data_CHEMBL3475.csv,data_CHEMBL3475.csv,"(248, 356)",248,356,0.056451613,/home/iris/PA/qsar_data_unsorted/data_CHEMBL3475.csv,,,
899,899,/Users/dangoo/My documents/PhD Research/Pairwise Approach/RP/qsar_data_unsorted/data_CHEMBL3314.csv,data_CHEMBL3314.csv,"(248, 425)",248,425,0.112903226,/home/iris/PA/qsar_data_unsorted/data_CHEMBL3314.csv,,,
1471,1471,/Users/dangoo/My documents/PhD Research/Pairwise Approach/RP/qsar_data_unsorted/data_CHEMBL4317.csv,data_CHEMBL4317.csv,"(248, 317)",248,317,0.169354839,/home/iris/PA/qsar_data_unsorted/data_CHEMBL4317.csv,,,
1886,1886,/Users/dangoo/My documents/PhD Research/Pairwise Approach/RP/qsar_data_unsorted/data_CHEMBL3394.csv,data_CHEMBL3394.csv,"(248, 295)",248,295,0.153225806,/home/iris/PA/qsar_data_unsorted/data_CHEMBL3394.csv,,,
422,422,/Users/dangoo/My documents/PhD Research/Pairwise Approach/RP/qsar_data_unsorted/data_CHEMBL1993.csv,data_CHEMBL1993.csv,"(249, 682)",249,682,0.084337349,/home/iris/PA/qsar_data_unsorted/data_CHEMBL1993.csv,,,
1573,1573,/Users/dangoo/My documents/PhD Research/Pairwise Approach/RP/qsar_data_unsorted/data_CHEMBL2489.csv,data_CHEMBL2489.csv,"(249, 286)",249,286,0.220883534,/home/iris/PA/qsar_data_unsorted/data_CHEMBL2489.csv,,,
1996,1996,/Users/dangoo/My documents/PhD Research/Pairwise Approach/RP/qsar_data_unsorted/data_CHEMBL2096666.csv,data_CHEMBL2096666.csv,"(249, 297)",249,297,0.052208835,/home/iris/PA/qsar_data_unsorted/data_CHEMBL2096666.csv,,,
2028,2028,/Users/dangoo/My documents/PhD Research/Pairwise Approach/RP/qsar_data_unsorted/data_CHEMBL2095193.csv,data_CHEMBL2095193.csv,"(249, 319)",249,319,0.064257028,/home/iris/PA/qsar_data_unsorted/data_CHEMBL2095193.csv,,,
193,193,/Users/dangoo/My documents/PhD Research/Pairwise Approach/RP/qsar_data_unsorted/data_CHEMBL1997.csv,data_CHEMBL1997.csv,"(251, 276)",251,276,0.011952191,/home/iris/PA/qsar_data_unsorted/data_CHEMBL1997.csv,,,
1657,1657,/Users/dangoo/My documents/PhD Research/Pairwise Approach/RP/qsar_data_unsorted/data_CHEMBL5697.csv,data_CHEMBL5697.csv,"(253, 404)",253,404,0.086956522,/home/iris/PA/qsar_data_unsorted/data_CHEMBL5697.csv,,,
244,244,/Users/dangoo/My documents/PhD Research/Pairwise Approach/RP/qsar_data_unsorted/data_CHEMBL2095177.csv,data_CHEMBL2095177.csv,"(256, 347)",256,347,0.26953125,/home/iris/PA/qsar_data_unsorted/data_CHEMBL2095177.csv,,,
1371,1371,/Users/dangoo/My documents/PhD Research/Pairwise Approach/RP/qsar_data_unsorted/data_CHEMBL5036.csv,data_CHEMBL5036.csv,"(257, 339)",257,339,0.031128405,/home/iris/PA/qsar_data_unsorted/data_CHEMBL5036.csv,,,
376,376,/Users/dangoo/My documents/PhD Research/Pairwise Approach/RP/qsar_data_unsorted/data_CHEMBL2095173.csv,data_CHEMBL2095173.csv,"(258, 298)",258,298,0.054263566,/home/iris/PA/qsar_data_unsorted/data_CHEMBL2095173.csv,,,
823,823,/Users/dangoo/My documents/PhD Research/Pairwise Approach/RP/qsar_data_unsorted/data_CHEMBL4641.csv,data_CHEMBL4641.csv,"(259, 268)",259,268,0.015444015,/home/iris/PA/qsar_data_unsorted/data_CHEMBL4641.csv,,,
1620,1620,/Users/dangoo/My documents/PhD Research/Pairwise Approach/RP/qsar_data_unsorted/data_CHEMBL3351.csv,data_CHEMBL3351.csv,"(260, 371)",260,371,0.334615385,/home/iris/PA/qsar_data_unsorted/data_CHEMBL3351.csv,,,
305,305,/Users/dangoo/My documents/PhD Research/Pairwise Approach/RP/qsar_data_unsorted/data_CHEMBL4554.csv,data_CHEMBL4554.csv,"(262, 332)",262,332,0.030534351,/home/iris/PA/qsar_data_unsorted/data_CHEMBL4554.csv,,,
874,874,/Users/dangoo/My documents/PhD Research/Pairwise Approach/RP/qsar_data_unsorted/data_CHEMBL4080.csv,data_CHEMBL4080.csv,"(262, 452)",262,452,0.118320611,/home/iris/PA/qsar_data_unsorted/data_CHEMBL4080.csv,,,
425,425,/Users/dangoo/My documents/PhD Research/Pairwise Approach/RP/qsar_data_unsorted/data_CHEMBL2487.csv,data_CHEMBL2487.csv,"(263, 333)",263,333,0.022813688,/home/iris/PA/qsar_data_unsorted/data_CHEMBL2487.csv,,,
2008,2008,/Users/dangoo/My documents/PhD Research/Pairwise Approach/RP/qsar_data_unsorted/data_CHEMBL2094267.csv,data_CHEMBL2094267.csv,"(263, 465)",263,465,0.08365019,/home/iris/PA/qsar_data_unsorted/data_CHEMBL2094267.csv,,,
1466,1466,/Users/dangoo/My documents/PhD Research/Pairwise Approach/RP/qsar_data_unsorted/data_CHEMBL4698.csv,data_CHEMBL4698.csv,"(264, 342)",264,342,0.015151515,/home/iris/PA/qsar_data_unsorted/data_CHEMBL4698.csv,,,
1286,1286,/Users/dangoo/My documents/PhD Research/Pairwise Approach/RP/qsar_data_unsorted/data_CHEMBL1293245.csv,data_CHEMBL1293245.csv,"(265, 647)",265,647,0.81509434,/home/iris/PA/qsar_data_unsorted/data_CHEMBL1293245.csv,,,
1500,1500,/Users/dangoo/My documents/PhD Research/Pairwise Approach/RP/qsar_data_unsorted/data_CHEMBL1293243.csv,data_CHEMBL1293243.csv,"(265, 647)",265,647,0.316981132,/home/iris/PA/qsar_data_unsorted/data_CHEMBL1293243.csv,,,
274,274,/Users/dangoo/My documents/PhD Research/Pairwise Approach/RP/qsar_data_unsorted/data_CHEMBL2496.csv,data_CHEMBL2496.csv,"(266, 424)",266,424,0.033834586,/home/iris/PA/qsar_data_unsorted/data_CHEMBL2496.csv,,,
463,463,/Users/dangoo/My documents/PhD Research/Pairwise Approach/RP/qsar_data_unsorted/data_CHEMBL2652.csv,data_CHEMBL2652.csv,"(266, 497)",266,497,0.139097744,/home/iris/PA/qsar_data_unsorted/data_CHEMBL2652.csv,,,
824,824,/Users/dangoo/My documents/PhD Research/Pairwise Approach/RP/qsar_data_unsorted/data_CHEMBL4899.csv,data_CHEMBL4899.csv,"(266, 496)",266,496,0.07518797,/home/iris/PA/qsar_data_unsorted/data_CHEMBL4899.csv,,,
1742,1742,/Users/dangoo/My documents/PhD Research/Pairwise Approach/RP/qsar_data_unsorted/data_CHEMBL2095194.csv,data_CHEMBL2095194.csv,"(266, 350)",266,350,0.026315789,/home/iris/PA/qsar_data_unsorted/data_CHEMBL2095194.csv,,,
540,540,/Users/dangoo/My documents/PhD Research/Pairwise Approach/RP/qsar_data_unsorted/data_CHEMBL2902.csv,data_CHEMBL2902.csv,"(267, 308)",267,308,0.014981273,/home/iris/PA/qsar_data_unsorted/data_CHEMBL2902.csv,,,
767,767,/Users/dangoo/My documents/PhD Research/Pairwise Approach/RP/qsar_data_unsorted/data_CHEMBL3649.csv,data_CHEMBL3649.csv,"(267, 334)",267,334,0.052434457,/home/iris/PA/qsar_data_unsorted/data_CHEMBL3649.csv,,,
843,843,/Users/dangoo/My documents/PhD Research/Pairwise Approach/RP/qsar_data_unsorted/data_CHEMBL3728.csv,data_CHEMBL3728.csv,"(267, 596)",267,596,0.745318352,/home/iris/PA/qsar_data_unsorted/data_CHEMBL3728.csv,,,
1298,1298,/Users/dangoo/My documents/PhD Research/Pairwise Approach/RP/qsar_data_unsorted/data_CHEMBL5393.csv,data_CHEMBL5393.csv,"(267, 414)",267,414,0.026217228,/home/iris/PA/qsar_data_unsorted/data_CHEMBL5393.csv,,,
382,382,/Users/dangoo/My documents/PhD Research/Pairwise Approach/RP/qsar_data_unsorted/data_CHEMBL2055.csv,data_CHEMBL2055.csv,"(269, 329)",269,329,0.226765799,/home/iris/PA/qsar_data_unsorted/data_CHEMBL2055.csv,,,
1997,1997,/Users/dangoo/My documents/PhD Research/Pairwise Approach/RP/qsar_data_unsorted/data_CHEMBL3816.csv,data_CHEMBL3816.csv,"(269, 414)",269,414,0.05204461,/home/iris/PA/qsar_data_unsorted/data_CHEMBL3816.csv,,,
1292,1292,/Users/dangoo/My documents/PhD Research/Pairwise Approach/RP/qsar_data_unsorted/data_CHEMBL3655.csv,data_CHEMBL3655.csv,"(270, 361)",270,361,0.122222222,/home/iris/PA/qsar_data_unsorted/data_CHEMBL3655.csv,,,
1749,1749,/Users/dangoo/My documents/PhD Research/Pairwise Approach/RP/qsar_data_unsorted/data_CHEMBL4398.csv,data_CHEMBL4398.csv,"(270, 338)",270,338,0.055555556,/home/iris/PA/qsar_data_unsorted/data_CHEMBL4398.csv,,,
1867,1867,/Users/dangoo/My documents/PhD Research/Pairwise Approach/RP/qsar_data_unsorted/data_CHEMBL2095152.csv,data_CHEMBL2095152.csv,"(271, 349)",271,349,0.143911439,/home/iris/PA/qsar_data_unsorted/data_CHEMBL2095152.csv,,,
1367,1367,/Users/dangoo/My documents/PhD Research/Pairwise Approach/RP/qsar_data_unsorted/data_CHEMBL2003.csv,data_CHEMBL2003.csv,"(272, 322)",272,322,0.257352941,/home/iris/PA/qsar_data_unsorted/data_CHEMBL2003.csv,,,
1532,1532,/Users/dangoo/My documents/PhD Research/Pairwise Approach/RP/qsar_data_unsorted/data_CHEMBL3243.csv,data_CHEMBL3243.csv,"(272, 463)",272,463,0.154411765,/home/iris/PA/qsar_data_unsorted/data_CHEMBL3243.csv,,,
897,897,/Users/dangoo/My documents/PhD Research/Pairwise Approach/RP/qsar_data_unsorted/data_CHEMBL5017.csv,data_CHEMBL5017.csv,"(273, 426)",273,426,0.194139194,/home/iris/PA/qsar_data_unsorted/data_CHEMBL5017.csv,,,
1336,1336,/Users/dangoo/My documents/PhD Research/Pairwise Approach/RP/qsar_data_unsorted/data_CHEMBL3719.csv,data_CHEMBL3719.csv,"(273, 313)",273,313,0.10989011,/home/iris/PA/qsar_data_unsorted/data_CHEMBL3719.csv,,,
1375,1375,/Users/dangoo/My documents/PhD Research/Pairwise Approach/RP/qsar_data_unsorted/data_CHEMBL3490.csv,data_CHEMBL3490.csv,"(273, 368)",273,368,0.553113553,/home/iris/PA/qsar_data_unsorted/data_CHEMBL3490.csv,,,
432,432,/Users/dangoo/My documents/PhD Research/Pairwise Approach/RP/qsar_data_unsorted/data_CHEMBL2094132.csv,data_CHEMBL2094132.csv,"(274, 471)",274,471,0.142335766,/home/iris/PA/qsar_data_unsorted/data_CHEMBL2094132.csv,,,
694,694,/Users/dangoo/My documents/PhD Research/Pairwise Approach/RP/qsar_data_unsorted/data_CHEMBL3663.csv,data_CHEMBL3663.csv,"(274, 313)",274,313,0.018248175,/home/iris/PA/qsar_data_unsorted/data_CHEMBL3663.csv,,,
1061,1061,/Users/dangoo/My documents/PhD Research/Pairwise Approach/RP/qsar_data_unsorted/data_CHEMBL1850.csv,data_CHEMBL1850.csv,"(274, 453)",274,453,0.343065693,/home/iris/PA/qsar_data_unsorted/data_CHEMBL1850.csv,,,
1776,1776,/Users/dangoo/My documents/PhD Research/Pairwise Approach/RP/qsar_data_unsorted/data_CHEMBL2096675.csv,data_CHEMBL2096675.csv,"(275, 444)",275,444,0.083636364,/home/iris/PA/qsar_data_unsorted/data_CHEMBL2096675.csv,,,
127,127,/Users/dangoo/My documents/PhD Research/Pairwise Approach/RP/qsar_data_unsorted/data_CHEMBL2095202.csv,data_CHEMBL2095202.csv,"(276, 817)",276,817,0.496376812,/home/iris/PA/qsar_data_unsorted/data_CHEMBL2095202.csv,,,
987,987,/Users/dangoo/My documents/PhD Research/Pairwise Approach/RP/qsar_data_unsorted/data_CHEMBL4685.csv,data_CHEMBL4685.csv,"(276, 479)",276,479,0.057971014,/home/iris/PA/qsar_data_unsorted/data_CHEMBL4685.csv,,,
1169,1169,/Users/dangoo/My documents/PhD Research/Pairwise Approach/RP/qsar_data_unsorted/data_CHEMBL4111.csv,data_CHEMBL4111.csv,"(276, 392)",276,392,0.028985507,/home/iris/PA/qsar_data_unsorted/data_CHEMBL4111.csv,,,
1581,1581,/Users/dangoo/My documents/PhD Research/Pairwise Approach/RP/qsar_data_unsorted/data_CHEMBL6002.csv,data_CHEMBL6002.csv,"(276, 723)",276,723,0.565217391,/home/iris/PA/qsar_data_unsorted/data_CHEMBL6002.csv,,,
1695,1695,/Users/dangoo/My documents/PhD Research/Pairwise Approach/RP/qsar_data_unsorted/data_CHEMBL2095221.csv,data_CHEMBL2095221.csv,"(276, 334)",276,334,0.079710145,/home/iris/PA/qsar_data_unsorted/data_CHEMBL2095221.csv,,,
1603,1603,/Users/dangoo/My documents/PhD Research/Pairwise Approach/RP/qsar_data_unsorted/data_CHEMBL2095197.csv,data_CHEMBL2095197.csv,"(277, 433)",277,433,0.028880866,/home/iris/PA/qsar_data_unsorted/data_CHEMBL2095197.csv,,,
1810,1810,/Users/dangoo/My documents/PhD Research/Pairwise Approach/RP/qsar_data_unsorted/data_CHEMBL5131.csv,data_CHEMBL5131.csv,"(277, 473)",277,473,0.083032491,/home/iris/PA/qsar_data_unsorted/data_CHEMBL5131.csv,,,
1968,1968,/Users/dangoo/My documents/PhD Research/Pairwise Approach/RP/qsar_data_unsorted/data_CHEMBL2146296.csv,data_CHEMBL2146296.csv,"(278, 734)",278,734,0.784172662,/home/iris/PA/qsar_data_unsorted/data_CHEMBL2146296.csv,,,
2007,2007,/Users/dangoo/My documents/PhD Research/Pairwise Approach/RP/qsar_data_unsorted/data_CHEMBL4374.csv,data_CHEMBL4374.csv,"(279, 642)",279,642,0.394265233,/home/iris/PA/qsar_data_unsorted/data_CHEMBL4374.csv,,,
566,566,/Users/dangoo/My documents/PhD Research/Pairwise Approach/RP/qsar_data_unsorted/data_CHEMBL1293229.csv,data_CHEMBL1293229.csv,"(281, 769)",281,769,0.220640569,/home/iris/PA/qsar_data_unsorted/data_CHEMBL1293229.csv,,,
737,737,/Users/dangoo/My documents/PhD Research/Pairwise Approach/RP/qsar_data_unsorted/data_CHEMBL1907605.csv,data_CHEMBL1907605.csv,"(281, 462)",281,462,0.039145907,/home/iris/PA/qsar_data_unsorted/data_CHEMBL1907605.csv,,,
1360,1360,/Users/dangoo/My documents/PhD Research/Pairwise Approach/RP/qsar_data_unsorted/data_CHEMBL1907.csv,data_CHEMBL1907.csv,"(283, 342)",283,342,0.056537102,/home/iris/PA/qsar_data_unsorted/data_CHEMBL1907.csv,,,
2057,2057,/Users/dangoo/My documents/PhD Research/Pairwise Approach/RP/qsar_data_unsorted/data_CHEMBL2274.csv,data_CHEMBL2274.csv,"(283, 426)",283,426,0.070671378,/home/iris/PA/qsar_data_unsorted/data_CHEMBL2274.csv,,,
1932,1932,/Users/dangoo/My documents/PhD Research/Pairwise Approach/RP/qsar_data_unsorted/data_CHEMBL2094107.csv,data_CHEMBL2094107.csv,"(284, 286)",284,286,0.017605634,/home/iris/PA/qsar_data_unsorted/data_CHEMBL2094107.csv,,,
801,801,/Users/dangoo/My documents/PhD Research/Pairwise Approach/RP/qsar_data_unsorted/data_CHEMBL2967.csv,data_CHEMBL2967.csv,"(285, 412)",285,412,0.09122807,/home/iris/PA/qsar_data_unsorted/data_CHEMBL2967.csv,,,
317,317,/Users/dangoo/My documents/PhD Research/Pairwise Approach/RP/qsar_data_unsorted/data_CHEMBL4550.csv,data_CHEMBL4550.csv,"(286, 383)",286,383,0.059440559,/home/iris/PA/qsar_data_unsorted/data_CHEMBL4550.csv,,,
415,415,/Users/dangoo/My documents/PhD Research/Pairwise Approach/RP/qsar_data_unsorted/data_CHEMBL5511.csv,data_CHEMBL5511.csv,"(286, 622)",286,622,0.440559441,/home/iris/PA/qsar_data_unsorted/data_CHEMBL5511.csv,,,
1023,1023,/Users/dangoo/My documents/PhD Research/Pairwise Approach/RP/qsar_data_unsorted/data_CHEMBL2008.csv,data_CHEMBL2008.csv,"(289, 323)",289,323,0.14532872,/home/iris/PA/qsar_data_unsorted/data_CHEMBL2008.csv,,,
1446,1446,/Users/dangoo/My documents/PhD Research/Pairwise Approach/RP/qsar_data_unsorted/data_CHEMBL1864.csv,data_CHEMBL1864.csv,"(289, 377)",289,377,0.121107266,/home/iris/PA/qsar_data_unsorted/data_CHEMBL1864.csv,,,
1266,1266,/Users/dangoo/My documents/PhD Research/Pairwise Approach/RP/qsar_data_unsorted/data_CHEMBL4489.csv,data_CHEMBL4489.csv,"(290, 234)",290,234,0.068965517,/home/iris/PA/qsar_data_unsorted/data_CHEMBL4489.csv,,,
1288,1288,/Users/dangoo/My documents/PhD Research/Pairwise Approach/RP/qsar_data_unsorted/data_CHEMBL4106.csv,data_CHEMBL4106.csv,"(290, 328)",290,328,0.234482759,/home/iris/PA/qsar_data_unsorted/data_CHEMBL4106.csv,,,
1512,1512,/Users/dangoo/My documents/PhD Research/Pairwise Approach/RP/qsar_data_unsorted/data_CHEMBL2203.csv,data_CHEMBL2203.csv,"(291, 398)",291,398,0.085910653,/home/iris/PA/qsar_data_unsorted/data_CHEMBL2203.csv,,,
72,72,/Users/dangoo/My documents/PhD Research/Pairwise Approach/RP/qsar_data_unsorted/data_CHEMBL2094257.csv,data_CHEMBL2094257.csv,"(292, 397)",292,397,0.02739726,/home/iris/PA/qsar_data_unsorted/data_CHEMBL2094257.csv,,,
1597,1597,/Users/dangoo/My documents/PhD Research/Pairwise Approach/RP/qsar_data_unsorted/data_CHEMBL2095154.csv,data_CHEMBL2095154.csv,"(292, 140)",292,140,0.030821918,/home/iris/PA/qsar_data_unsorted/data_CHEMBL2095154.csv,,,
93,93,/Users/dangoo/My documents/PhD Research/Pairwise Approach/RP/qsar_data_unsorted/data_CHEMBL4423.csv,data_CHEMBL4423.csv,"(293, 779)",293,779,0.23890785,/home/iris/PA/qsar_data_unsorted/data_CHEMBL4423.csv,,,
94,94,/Users/dangoo/My documents/PhD Research/Pairwise Approach/RP/qsar_data_unsorted/data_CHEMBL2095160.csv,data_CHEMBL2095160.csv,"(293, 338)",293,338,0.054607509,/home/iris/PA/qsar_data_unsorted/data_CHEMBL2095160.csv,,,
117,117,/Users/dangoo/My documents/PhD Research/Pairwise Approach/RP/qsar_data_unsorted/data_CHEMBL3614.csv,data_CHEMBL3614.csv,"(294, 406)",294,406,0.136054422,/home/iris/PA/qsar_data_unsorted/data_CHEMBL3614.csv,,,
242,242,/Users/dangoo/My documents/PhD Research/Pairwise Approach/RP/qsar_data_unsorted/data_CHEMBL2051.csv,data_CHEMBL2051.csv,"(296, 353)",296,353,0.027027027,/home/iris/PA/qsar_data_unsorted/data_CHEMBL2051.csv,,,
614,614,/Users/dangoo/My documents/PhD Research/Pairwise Approach/RP/qsar_data_unsorted/data_CHEMBL3514.csv,data_CHEMBL3514.csv,"(296, 289)",296,289,0.047297297,/home/iris/PA/qsar_data_unsorted/data_CHEMBL3514.csv,,,
504,504,/Users/dangoo/My documents/PhD Research/Pairwise Approach/RP/qsar_data_unsorted/data_CHEMBL4631.csv,data_CHEMBL4631.csv,"(297, 376)",297,376,0.104377104,/home/iris/PA/qsar_data_unsorted/data_CHEMBL4631.csv,,,
733,733,/Users/dangoo/My documents/PhD Research/Pairwise Approach/RP/qsar_data_unsorted/data_CHEMBL1907611.csv,data_CHEMBL1907611.csv,"(297, 381)",297,381,0.047138047,/home/iris/PA/qsar_data_unsorted/data_CHEMBL1907611.csv,,,
166,166,/Users/dangoo/My documents/PhD Research/Pairwise Approach/RP/qsar_data_unsorted/data_CHEMBL320.csv,data_CHEMBL320.csv,"(298, 411)",298,411,0.10738255,/home/iris/PA/qsar_data_unsorted/data_CHEMBL320.csv,,,
1712,1712,/Users/dangoo/My documents/PhD Research/Pairwise Approach/RP/qsar_data_unsorted/data_CHEMBL3151.csv,data_CHEMBL3151.csv,"(298, 752)",298,752,0.147651007,/home/iris/PA/qsar_data_unsorted/data_CHEMBL3151.csv,,,
19,19,/Users/dangoo/My documents/PhD Research/Pairwise Approach/RP/qsar_data_unsorted/data_CHEMBL5847.csv,data_CHEMBL5847.csv,"(299, 290)",299,290,0.267558528,/home/iris/PA/qsar_data_unsorted/data_CHEMBL5847.csv,,,
840,840,/Users/dangoo/My documents/PhD Research/Pairwise Approach/RP/qsar_data_unsorted/data_CHEMBL1881.csv,data_CHEMBL1881.csv,"(300, 436)",300,436,0.076666667,/home/iris/PA/qsar_data_unsorted/data_CHEMBL1881.csv,,,
530,530,/Users/dangoo/My documents/PhD Research/Pairwise Approach/RP/qsar_data_unsorted/data_CHEMBL3374.csv,data_CHEMBL3374.csv,"(301, 429)",301,429,0.066445183,/home/iris/PA/qsar_data_unsorted/data_CHEMBL3374.csv,,,
23,23,/Users/dangoo/My documents/PhD Research/Pairwise Approach/RP/qsar_data_unsorted/data_CHEMBL2094135.csv,data_CHEMBL2094135.csv,"(302, 325)",302,325,0.052980132,/home/iris/PA/qsar_data_unsorted/data_CHEMBL2094135.csv,,,
590,590,/Users/dangoo/My documents/PhD Research/Pairwise Approach/RP/qsar_data_unsorted/data_CHEMBL2335.csv,data_CHEMBL2335.csv,"(303, 436)",303,436,0.02310231,/home/iris/PA/qsar_data_unsorted/data_CHEMBL2335.csv,,,
1569,1569,/Users/dangoo/My documents/PhD Research/Pairwise Approach/RP/qsar_data_unsorted/data_CHEMBL3768.csv,data_CHEMBL3768.csv,"(304, 277)",304,277,0.026315789,/home/iris/PA/qsar_data_unsorted/data_CHEMBL3768.csv,,,
1406,1406,/Users/dangoo/My documents/PhD Research/Pairwise Approach/RP/qsar_data_unsorted/data_CHEMBL3081.csv,data_CHEMBL3081.csv,"(305, 399)",305,399,0.213114754,/home/iris/PA/qsar_data_unsorted/data_CHEMBL3081.csv,,,
1131,1131,/Users/dangoo/My documents/PhD Research/Pairwise Approach/RP/qsar_data_unsorted/data_CHEMBL3864.csv,data_CHEMBL3864.csv,"(307, 710)",307,710,0.03257329,/home/iris/PA/qsar_data_unsorted/data_CHEMBL3864.csv,,,
1554,1554,/Users/dangoo/My documents/PhD Research/Pairwise Approach/RP/qsar_data_unsorted/data_CHEMBL3998.csv,data_CHEMBL3998.csv,"(307, 414)",307,414,0.061889251,/home/iris/PA/qsar_data_unsorted/data_CHEMBL3998.csv,,,
192,192,/Users/dangoo/My documents/PhD Research/Pairwise Approach/RP/qsar_data_unsorted/data_CHEMBL3616.csv,data_CHEMBL3616.csv,"(309, 659)",309,659,0.229773463,/home/iris/PA/qsar_data_unsorted/data_CHEMBL3616.csv,,,
691,691,/Users/dangoo/My documents/PhD Research/Pairwise Approach/RP/qsar_data_unsorted/data_CHEMBL4130.csv,data_CHEMBL4130.csv,"(309, 326)",309,326,0.03236246,/home/iris/PA/qsar_data_unsorted/data_CHEMBL4130.csv,,,
1920,1920,/Users/dangoo/My documents/PhD Research/Pairwise Approach/RP/qsar_data_unsorted/data_CHEMBL2093867.csv,data_CHEMBL2093867.csv,"(309, 616)",309,616,0.113268608,/home/iris/PA/qsar_data_unsorted/data_CHEMBL2093867.csv,,,
1002,1002,/Users/dangoo/My documents/PhD Research/Pairwise Approach/RP/qsar_data_unsorted/data_CHEMBL4478.csv,data_CHEMBL4478.csv,"(310, 427)",310,427,0.067741935,/home/iris/PA/qsar_data_unsorted/data_CHEMBL4478.csv,,,
997,997,/Users/dangoo/My documents/PhD Research/Pairwise Approach/RP/qsar_data_unsorted/data_CHEMBL4336.csv,data_CHEMBL4336.csv,"(314, 322)",314,322,0.242038217,/home/iris/PA/qsar_data_unsorted/data_CHEMBL4336.csv,,,
33,33,/Users/dangoo/My documents/PhD Research/Pairwise Approach/RP/qsar_data_unsorted/data_CHEMBL2094109.csv,data_CHEMBL2094109.csv,"(316, 476)",316,476,0.063291139,/home/iris/PA/qsar_data_unsorted/data_CHEMBL2094109.csv,,,
1707,1707,/Users/dangoo/My documents/PhD Research/Pairwise Approach/RP/qsar_data_unsorted/data_CHEMBL4979.csv,data_CHEMBL4979.csv,"(317, 379)",317,379,0.034700315,/home/iris/PA/qsar_data_unsorted/data_CHEMBL4979.csv,,,
515,515,/Users/dangoo/My documents/PhD Research/Pairwise Approach/RP/qsar_data_unsorted/data_CHEMBL2304404.csv,data_CHEMBL2304404.csv,"(318, 400)",318,400,0.050314465,/home/iris/PA/qsar_data_unsorted/data_CHEMBL2304404.csv,,,
1256,1256,/Users/dangoo/My documents/PhD Research/Pairwise Approach/RP/qsar_data_unsorted/data_CHEMBL3318.csv,data_CHEMBL3318.csv,"(318, 461)",318,461,0.132075472,/home/iris/PA/qsar_data_unsorted/data_CHEMBL3318.csv,,,
1185,1185,/Users/dangoo/My documents/PhD Research/Pairwise Approach/RP/qsar_data_unsorted/data_CHEMBL5409.csv,data_CHEMBL5409.csv,"(319, 354)",319,354,0.166144201,/home/iris/PA/qsar_data_unsorted/data_CHEMBL5409.csv,,,
132,132,/Users/dangoo/My documents/PhD Research/Pairwise Approach/RP/qsar_data_unsorted/data_CHEMBL3012.csv,data_CHEMBL3012.csv,"(320, 468)",320,468,0.046875,/home/iris/PA/qsar_data_unsorted/data_CHEMBL3012.csv,,,
172,172,/Users/dangoo/My documents/PhD Research/Pairwise Approach/RP/qsar_data_unsorted/data_CHEMBL2095228.csv,data_CHEMBL2095228.csv,"(321, 421)",321,421,0.037383178,/home/iris/PA/qsar_data_unsorted/data_CHEMBL2095228.csv,,,
598,598,/Users/dangoo/My documents/PhD Research/Pairwise Approach/RP/qsar_data_unsorted/data_CHEMBL5857.csv,data_CHEMBL5857.csv,"(323, 638)",323,638,0.198142415,/home/iris/PA/qsar_data_unsorted/data_CHEMBL5857.csv,,,
753,753,/Users/dangoo/My documents/PhD Research/Pairwise Approach/RP/qsar_data_unsorted/data_CHEMBL3729.csv,data_CHEMBL3729.csv,"(323, 489)",323,489,0.012383901,/home/iris/PA/qsar_data_unsorted/data_CHEMBL3729.csv,,,
1267,1267,/Users/dangoo/My documents/PhD Research/Pairwise Approach/RP/qsar_data_unsorted/data_CHEMBL4462.csv,data_CHEMBL4462.csv,"(323, 481)",323,481,0.102167183,/home/iris/PA/qsar_data_unsorted/data_CHEMBL4462.csv,,,
1609,1609,/Users/dangoo/My documents/PhD Research/Pairwise Approach/RP/qsar_data_unsorted/data_CHEMBL2095182.csv,data_CHEMBL2095182.csv,"(323, 468)",323,468,0.263157895,/home/iris/PA/qsar_data_unsorted/data_CHEMBL2095182.csv,,,
1470,1470,/Users/dangoo/My documents/PhD Research/Pairwise Approach/RP/qsar_data_unsorted/data_CHEMBL4303.csv,data_CHEMBL4303.csv,"(324, 508)",324,508,0.049382716,/home/iris/PA/qsar_data_unsorted/data_CHEMBL4303.csv,,,
170,170,/Users/dangoo/My documents/PhD Research/Pairwise Approach/RP/qsar_data_unsorted/data_CHEMBL3004.csv,data_CHEMBL3004.csv,"(326, 586)",326,586,0.153374233,/home/iris/PA/qsar_data_unsorted/data_CHEMBL3004.csv,,,
881,881,/Users/dangoo/My documents/PhD Research/Pairwise Approach/RP/qsar_data_unsorted/data_CHEMBL4123.csv,data_CHEMBL4123.csv,"(326, 716)",326,716,0.033742331,/home/iris/PA/qsar_data_unsorted/data_CHEMBL4123.csv,,,
816,816,/Users/dangoo/My documents/PhD Research/Pairwise Approach/RP/qsar_data_unsorted/data_CHEMBL4696.csv,data_CHEMBL4696.csv,"(328, 486)",328,486,0.012195122,/home/iris/PA/qsar_data_unsorted/data_CHEMBL4696.csv,,,
1522,1522,/Users/dangoo/My documents/PhD Research/Pairwise Approach/RP/qsar_data_unsorted/data_CHEMBL5424.csv,data_CHEMBL5424.csv,"(328, 451)",328,451,0.036585366,/home/iris/PA/qsar_data_unsorted/data_CHEMBL5424.csv,,,
1668,1668,/Users/dangoo/My documents/PhD Research/Pairwise Approach/RP/qsar_data_unsorted/data_CHEMBL1741221.csv,data_CHEMBL1741221.csv,"(330, 827)",330,827,0.015151515,/home/iris/PA/qsar_data_unsorted/data_CHEMBL1741221.csv,,,
367,367,/Users/dangoo/My documents/PhD Research/Pairwise Approach/RP/qsar_data_unsorted/data_CHEMBL4829.csv,data_CHEMBL4829.csv,"(331, 462)",331,462,0.054380665,/home/iris/PA/qsar_data_unsorted/data_CHEMBL4829.csv,,,
553,553,/Users/dangoo/My documents/PhD Research/Pairwise Approach/RP/qsar_data_unsorted/data_CHEMBL2095159.csv,data_CHEMBL2095159.csv,"(332, 456)",332,456,0.234939759,/home/iris/PA/qsar_data_unsorted/data_CHEMBL2095159.csv,,,
89,89,/Users/dangoo/My documents/PhD Research/Pairwise Approach/RP/qsar_data_unsorted/data_CHEMBL2095174.csv,data_CHEMBL2095174.csv,"(334, 783)",334,783,0.080838323,/home/iris/PA/qsar_data_unsorted/data_CHEMBL2095174.csv,,,
688,688,/Users/dangoo/My documents/PhD Research/Pairwise Approach/RP/qsar_data_unsorted/data_CHEMBL1293267.csv,data_CHEMBL1293267.csv,"(334, 641)",334,641,0.434131737,/home/iris/PA/qsar_data_unsorted/data_CHEMBL1293267.csv,,,
1077,1077,/Users/dangoo/My documents/PhD Research/Pairwise Approach/RP/qsar_data_unsorted/data_CHEMBL1907602.csv,data_CHEMBL1907602.csv,"(334, 546)",334,546,0.065868263,/home/iris/PA/qsar_data_unsorted/data_CHEMBL1907602.csv,,,
1173,1173,/Users/dangoo/My documents/PhD Research/Pairwise Approach/RP/qsar_data_unsorted/data_CHEMBL5555.csv,data_CHEMBL5555.csv,"(334, 459)",334,459,0.026946108,/home/iris/PA/qsar_data_unsorted/data_CHEMBL5555.csv,,,
2036,2036,/Users/dangoo/My documents/PhD Research/Pairwise Approach/RP/qsar_data_unsorted/data_CHEMBL2095150.csv,data_CHEMBL2095150.csv,"(336, 590)",336,590,0.148809524,/home/iris/PA/qsar_data_unsorted/data_CHEMBL2095150.csv,,,
2041,2041,/Users/dangoo/My documents/PhD Research/Pairwise Approach/RP/qsar_data_unsorted/data_CHEMBL3181.csv,data_CHEMBL3181.csv,"(336, 410)",336,410,0.038690476,/home/iris/PA/qsar_data_unsorted/data_CHEMBL3181.csv,,,
1733,1733,/Users/dangoo/My documents/PhD Research/Pairwise Approach/RP/qsar_data_unsorted/data_CHEMBL4414.csv,data_CHEMBL4414.csv,"(337, 446)",337,446,0.020771513,/home/iris/PA/qsar_data_unsorted/data_CHEMBL4414.csv,,,
2070,2070,/Users/dangoo/My documents/PhD Research/Pairwise Approach/RP/qsar_data_unsorted/data_CHEMBL2094110.csv,data_CHEMBL2094110.csv,"(337, 339)",337,339,0.059347181,/home/iris/PA/qsar_data_unsorted/data_CHEMBL2094110.csv,,,
453,453,/Users/dangoo/My documents/PhD Research/Pairwise Approach/RP/qsar_data_unsorted/data_CHEMBL3202.csv,data_CHEMBL3202.csv,"(338, 465)",338,465,0.168639053,/home/iris/PA/qsar_data_unsorted/data_CHEMBL3202.csv,,,
1428,1428,/Users/dangoo/My documents/PhD Research/Pairwise Approach/RP/qsar_data_unsorted/data_CHEMBL3524.csv,data_CHEMBL3524.csv,"(338, 527)",338,527,0.127218935,/home/iris/PA/qsar_data_unsorted/data_CHEMBL3524.csv,,,
951,951,/Users/dangoo/My documents/PhD Research/Pairwise Approach/RP/qsar_data_unsorted/data_CHEMBL2625.csv,data_CHEMBL2625.csv,"(340, 344)",340,344,0.020588235,/home/iris/PA/qsar_data_unsorted/data_CHEMBL2625.csv,,,
433,433,/Users/dangoo/My documents/PhD Research/Pairwise Approach/RP/qsar_data_unsorted/data_CHEMBL5471.csv,data_CHEMBL5471.csv,"(341, 405)",341,405,0.026392962,/home/iris/PA/qsar_data_unsorted/data_CHEMBL5471.csv,,,
624,624,/Users/dangoo/My documents/PhD Research/Pairwise Approach/RP/qsar_data_unsorted/data_CHEMBL5373.csv,data_CHEMBL5373.csv,"(342, 413)",342,413,0.087719298,/home/iris/PA/qsar_data_unsorted/data_CHEMBL5373.csv,,,
533,533,/Users/dangoo/My documents/PhD Research/Pairwise Approach/RP/qsar_data_unsorted/data_CHEMBL3360.csv,data_CHEMBL3360.csv,"(344, 516)",344,516,0.090116279,/home/iris/PA/qsar_data_unsorted/data_CHEMBL3360.csv,,,
1863,1863,/Users/dangoo/My documents/PhD Research/Pairwise Approach/RP/qsar_data_unsorted/data_CHEMBL1293222.csv,data_CHEMBL1293222.csv,"(346, 561)",346,561,0.326589595,/home/iris/PA/qsar_data_unsorted/data_CHEMBL1293222.csv,,,
1235,1235,/Users/dangoo/My documents/PhD Research/Pairwise Approach/RP/qsar_data_unsorted/data_CHEMBL1293293.csv,data_CHEMBL1293293.csv,"(348, 645)",348,645,0.16954023,/home/iris/PA/qsar_data_unsorted/data_CHEMBL1293293.csv,,,
1955,1955,/Users/dangoo/My documents/PhD Research/Pairwise Approach/RP/qsar_data_unsorted/data_CHEMBL5678.csv,data_CHEMBL5678.csv,"(349, 802)",349,802,0.670487106,/home/iris/PA/qsar_data_unsorted/data_CHEMBL5678.csv,,,
717,717,/Users/dangoo/My documents/PhD Research/Pairwise Approach/RP/qsar_data_unsorted/data_CHEMBL5414.csv,data_CHEMBL5414.csv,"(350, 432)",350,432,0.028571429,/home/iris/PA/qsar_data_unsorted/data_CHEMBL5414.csv,,,
933,933,/Users/dangoo/My documents/PhD Research/Pairwise Approach/RP/qsar_data_unsorted/data_CHEMBL4903.csv,data_CHEMBL4903.csv,"(350, 763)",350,763,0.434285714,/home/iris/PA/qsar_data_unsorted/data_CHEMBL4903.csv,,,
1178,1178,/Users/dangoo/My documents/PhD Research/Pairwise Approach/RP/qsar_data_unsorted/data_CHEMBL3911.csv,data_CHEMBL3911.csv,"(351, 436)",351,436,0.028490028,/home/iris/PA/qsar_data_unsorted/data_CHEMBL3911.csv,,,
318,318,/Users/dangoo/My documents/PhD Research/Pairwise Approach/RP/qsar_data_unsorted/data_CHEMBL3559.csv,data_CHEMBL3559.csv,"(354, 394)",354,394,0.056497175,/home/iris/PA/qsar_data_unsorted/data_CHEMBL3559.csv,,,
1623,1623,/Users/dangoo/My documents/PhD Research/Pairwise Approach/RP/qsar_data_unsorted/data_CHEMBL1977.csv,data_CHEMBL1977.csv,"(358, 361)",358,361,0.237430168,/home/iris/PA/qsar_data_unsorted/data_CHEMBL1977.csv,,,
239,239,/Users/dangoo/My documents/PhD Research/Pairwise Approach/RP/qsar_data_unsorted/data_CHEMBL2095188.csv,data_CHEMBL2095188.csv,"(359, 508)",359,508,0.169916435,/home/iris/PA/qsar_data_unsorted/data_CHEMBL2095188.csv,,,
687,687,/Users/dangoo/My documents/PhD Research/Pairwise Approach/RP/qsar_data_unsorted/data_CHEMBL4681.csv,data_CHEMBL4681.csv,"(359, 350)",359,350,0.055710306,/home/iris/PA/qsar_data_unsorted/data_CHEMBL4681.csv,,,
780,780,/Users/dangoo/My documents/PhD Research/Pairwise Approach/RP/qsar_data_unsorted/data_CHEMBL4683.csv,data_CHEMBL4683.csv,"(360, 490)",360,490,0.208333333,/home/iris/PA/qsar_data_unsorted/data_CHEMBL4683.csv,,,
1685,1685,/Users/dangoo/My documents/PhD Research/Pairwise Approach/RP/qsar_data_unsorted/data_CHEMBL315.csv,data_CHEMBL315.csv,"(360, 594)",360,594,0.022222222,/home/iris/PA/qsar_data_unsorted/data_CHEMBL315.csv,,,
55,55,/Users/dangoo/My documents/PhD Research/Pairwise Approach/RP/qsar_data_unsorted/data_CHEMBL1980.csv,data_CHEMBL1980.csv,"(361, 563)",361,563,0.207756233,/home/iris/PA/qsar_data_unsorted/data_CHEMBL1980.csv,,,
1322,1322,/Users/dangoo/My documents/PhD Research/Pairwise Approach/RP/qsar_data_unsorted/data_CHEMBL4506.csv,data_CHEMBL4506.csv,"(361, 522)",361,522,0.171745152,/home/iris/PA/qsar_data_unsorted/data_CHEMBL4506.csv,,,
1846,1846,/Users/dangoo/My documents/PhD Research/Pairwise Approach/RP/qsar_data_unsorted/data_CHEMBL2093872.csv,data_CHEMBL2093872.csv,"(361, 538)",361,538,0.04432133,/home/iris/PA/qsar_data_unsorted/data_CHEMBL2093872.csv,,,
1647,1647,/Users/dangoo/My documents/PhD Research/Pairwise Approach/RP/qsar_data_unsorted/data_CHEMBL2094129.csv,data_CHEMBL2094129.csv,"(364, 484)",364,484,0.134615385,/home/iris/PA/qsar_data_unsorted/data_CHEMBL2094129.csv,,,
1946,1946,/Users/dangoo/My documents/PhD Research/Pairwise Approach/RP/qsar_data_unsorted/data_CHEMBL3223.csv,data_CHEMBL3223.csv,"(365, 410)",365,410,0.054794521,/home/iris/PA/qsar_data_unsorted/data_CHEMBL3223.csv,,,
37,37,/Users/dangoo/My documents/PhD Research/Pairwise Approach/RP/qsar_data_unsorted/data_CHEMBL3991.csv,data_CHEMBL3991.csv,"(366, 548)",366,548,0.049180328,/home/iris/PA/qsar_data_unsorted/data_CHEMBL3991.csv,,,
755,755,/Users/dangoo/My documents/PhD Research/Pairwise Approach/RP/qsar_data_unsorted/data_CHEMBL1293311.csv,data_CHEMBL1293311.csv,"(368, 679)",368,679,0.024456522,/home/iris/PA/qsar_data_unsorted/data_CHEMBL1293311.csv,,,
1719,1719,/Users/dangoo/My documents/PhD Research/Pairwise Approach/RP/qsar_data_unsorted/data_CHEMBL5508.csv,data_CHEMBL5508.csv,"(368, 380)",368,380,0.480978261,/home/iris/PA/qsar_data_unsorted/data_CHEMBL5508.csv,,,
1233,1233,/Users/dangoo/My documents/PhD Research/Pairwise Approach/RP/qsar_data_unsorted/data_CHEMBL1293287.csv,data_CHEMBL1293287.csv,"(369, 839)",369,839,0.474254743,/home/iris/PA/qsar_data_unsorted/data_CHEMBL1293287.csv,,,
1735,1735,/Users/dangoo/My documents/PhD Research/Pairwise Approach/RP/qsar_data_unsorted/data_CHEMBL2095157.csv,data_CHEMBL2095157.csv,"(370, 542)",370,542,0.059459459,/home/iris/PA/qsar_data_unsorted/data_CHEMBL2095157.csv,,,
789,789,/Users/dangoo/My documents/PhD Research/Pairwise Approach/RP/qsar_data_unsorted/data_CHEMBL2966.csv,data_CHEMBL2966.csv,"(371, 464)",371,464,0.23180593,/home/iris/PA/qsar_data_unsorted/data_CHEMBL2966.csv,,,
1700,1700,/Users/dangoo/My documents/PhD Research/Pairwise Approach/RP/qsar_data_unsorted/data_CHEMBL1829.csv,data_CHEMBL1829.csv,"(371, 565)",371,565,0.083557951,/home/iris/PA/qsar_data_unsorted/data_CHEMBL1829.csv,,,
270,270,/Users/dangoo/My documents/PhD Research/Pairwise Approach/RP/qsar_data_unsorted/data_CHEMBL6009.csv,data_CHEMBL6009.csv,"(372, 464)",372,464,0.045698925,/home/iris/PA/qsar_data_unsorted/data_CHEMBL6009.csv,,,
224,224,/Users/dangoo/My documents/PhD Research/Pairwise Approach/RP/qsar_data_unsorted/data_CHEMBL2095189.csv,data_CHEMBL2095189.csv,"(373, 501)",373,501,0.168900804,/home/iris/PA/qsar_data_unsorted/data_CHEMBL2095189.csv,,,
1156,1156,/Users/dangoo/My documents/PhD Research/Pairwise Approach/RP/qsar_data_unsorted/data_CHEMBL3332.csv,data_CHEMBL3332.csv,"(373, 408)",373,408,0.163538874,/home/iris/PA/qsar_data_unsorted/data_CHEMBL3332.csv,,,
1664,1664,/Users/dangoo/My documents/PhD Research/Pairwise Approach/RP/qsar_data_unsorted/data_CHEMBL2107.csv,data_CHEMBL2107.csv,"(376, 425)",376,425,0.082446809,/home/iris/PA/qsar_data_unsorted/data_CHEMBL2107.csv,,,
1906,1906,/Users/dangoo/My documents/PhD Research/Pairwise Approach/RP/qsar_data_unsorted/data_CHEMBL1781.csv,data_CHEMBL1781.csv,"(376, 533)",376,533,0.087765957,/home/iris/PA/qsar_data_unsorted/data_CHEMBL1781.csv,,,
972,972,/Users/dangoo/My documents/PhD Research/Pairwise Approach/RP/qsar_data_unsorted/data_CHEMBL4068.csv,data_CHEMBL4068.csv,"(377, 454)",377,454,0.053050398,/home/iris/PA/qsar_data_unsorted/data_CHEMBL4068.csv,,,
421,421,/Users/dangoo/My documents/PhD Research/Pairwise Approach/RP/qsar_data_unsorted/data_CHEMBL4633.csv,data_CHEMBL4633.csv,"(378, 513)",378,513,0.03968254,/home/iris/PA/qsar_data_unsorted/data_CHEMBL4633.csv,,,
1843,1843,/Users/dangoo/My documents/PhD Research/Pairwise Approach/RP/qsar_data_unsorted/data_CHEMBL3975.csv,data_CHEMBL3975.csv,"(379, 490)",379,490,0.07651715,/home/iris/PA/qsar_data_unsorted/data_CHEMBL3975.csv,,,
176,176,/Users/dangoo/My documents/PhD Research/Pairwise Approach/RP/qsar_data_unsorted/data_CHEMBL2326.csv,data_CHEMBL2326.csv,"(380, 548)",380,548,0.018421053,/home/iris/PA/qsar_data_unsorted/data_CHEMBL2326.csv,,,
354,354,/Users/dangoo/My documents/PhD Research/Pairwise Approach/RP/qsar_data_unsorted/data_CHEMBL4791.csv,data_CHEMBL4791.csv,"(380, 446)",380,446,0.068421053,/home/iris/PA/qsar_data_unsorted/data_CHEMBL4791.csv,,,
1437,1437,/Users/dangoo/My documents/PhD Research/Pairwise Approach/RP/qsar_data_unsorted/data_CHEMBL2835.csv,data_CHEMBL2835.csv,"(386, 672)",386,672,0.25388601,/home/iris/PA/qsar_data_unsorted/data_CHEMBL2835.csv,,,
1890,1890,/Users/dangoo/My documents/PhD Research/Pairwise Approach/RP/qsar_data_unsorted/data_CHEMBL2095184.csv,data_CHEMBL2095184.csv,"(386, 509)",386,509,0.018134715,/home/iris/PA/qsar_data_unsorted/data_CHEMBL2095184.csv,,,
1855,1855,/Users/dangoo/My documents/PhD Research/Pairwise Approach/RP/qsar_data_unsorted/data_CHEMBL4607.csv,data_CHEMBL4607.csv,"(388, 503)",388,503,0.087628866,/home/iris/PA/qsar_data_unsorted/data_CHEMBL4607.csv,,,
1212,1212,/Users/dangoo/My documents/PhD Research/Pairwise Approach/RP/qsar_data_unsorted/data_CHEMBL3522.csv,data_CHEMBL3522.csv,"(389, 485)",389,485,0.064267352,/home/iris/PA/qsar_data_unsorted/data_CHEMBL3522.csv,,,
584,584,/Users/dangoo/My documents/PhD Research/Pairwise Approach/RP/qsar_data_unsorted/data_CHEMBL3942.csv,data_CHEMBL3942.csv,"(391, 434)",391,434,0.035805627,/home/iris/PA/qsar_data_unsorted/data_CHEMBL3942.csv,,,
880,880,/Users/dangoo/My documents/PhD Research/Pairwise Approach/RP/qsar_data_unsorted/data_CHEMBL3880.csv,data_CHEMBL3880.csv,"(391, 696)",391,696,0.038363171,/home/iris/PA/qsar_data_unsorted/data_CHEMBL3880.csv,,,
589,589,/Users/dangoo/My documents/PhD Research/Pairwise Approach/RP/qsar_data_unsorted/data_CHEMBL2094119.csv,data_CHEMBL2094119.csv,"(392, 563)",392,563,0.426020408,/home/iris/PA/qsar_data_unsorted/data_CHEMBL2094119.csv,,,
671,671,/Users/dangoo/My documents/PhD Research/Pairwise Approach/RP/qsar_data_unsorted/data_CHEMBL2964.csv,data_CHEMBL2964.csv,"(392, 829)",392,829,0.403061224,/home/iris/PA/qsar_data_unsorted/data_CHEMBL2964.csv,,,
106,106,/Users/dangoo/My documents/PhD Research/Pairwise Approach/RP/qsar_data_unsorted/data_CHEMBL1995.csv,data_CHEMBL1995.csv,"(393, 541)",393,541,0.249363868,/home/iris/PA/qsar_data_unsorted/data_CHEMBL1995.csv,,,
109,109,/Users/dangoo/My documents/PhD Research/Pairwise Approach/RP/qsar_data_unsorted/data_CHEMBL4147.csv,data_CHEMBL4147.csv,"(395, 833)",395,833,0.33164557,/home/iris/PA/qsar_data_unsorted/data_CHEMBL4147.csv,,,
205,205,/Users/dangoo/My documents/PhD Research/Pairwise Approach/RP/qsar_data_unsorted/data_CHEMBL2285.csv,data_CHEMBL2285.csv,"(395, 502)",395,502,0.055696203,/home/iris/PA/qsar_data_unsorted/data_CHEMBL2285.csv,,,
1234,1234,/Users/dangoo/My documents/PhD Research/Pairwise Approach/RP/qsar_data_unsorted/data_CHEMBL3898.csv,data_CHEMBL3898.csv,"(395, 460)",395,460,0.017721519,/home/iris/PA/qsar_data_unsorted/data_CHEMBL3898.csv,,,
1943,1943,/Users/dangoo/My documents/PhD Research/Pairwise Approach/RP/qsar_data_unsorted/data_CHEMBL2868.csv,data_CHEMBL2868.csv,"(395, 435)",395,435,0.025316456,/home/iris/PA/qsar_data_unsorted/data_CHEMBL2868.csv,,,
51,51,/Users/dangoo/My documents/PhD Research/Pairwise Approach/RP/qsar_data_unsorted/data_CHEMBL2007629.csv,data_CHEMBL2007629.csv,"(396, 837)",396,837,0.012626263,/home/iris/PA/qsar_data_unsorted/data_CHEMBL2007629.csv,,,
168,168,/Users/dangoo/My documents/PhD Research/Pairwise Approach/RP/qsar_data_unsorted/data_CHEMBL3776.csv,data_CHEMBL3776.csv,"(396, 485)",396,485,0.217171717,/home/iris/PA/qsar_data_unsorted/data_CHEMBL3776.csv,,,
1801,1801,/Users/dangoo/My documents/PhD Research/Pairwise Approach/RP/qsar_data_unsorted/data_CHEMBL2851.csv,data_CHEMBL2851.csv,"(396, 507)",396,507,0.042929293,/home/iris/PA/qsar_data_unsorted/data_CHEMBL2851.csv,,,
1840,1840,/Users/dangoo/My documents/PhD Research/Pairwise Approach/RP/qsar_data_unsorted/data_CHEMBL3746.csv,data_CHEMBL3746.csv,"(396, 545)",396,545,0.305555556,/home/iris/PA/qsar_data_unsorted/data_CHEMBL3746.csv,,,
998,998,/Users/dangoo/My documents/PhD Research/Pairwise Approach/RP/qsar_data_unsorted/data_CHEMBL3459.csv,data_CHEMBL3459.csv,"(397, 550)",397,550,0.062972292,/home/iris/PA/qsar_data_unsorted/data_CHEMBL3459.csv,,,
1074,1074,/Users/dangoo/My documents/PhD Research/Pairwise Approach/RP/qsar_data_unsorted/data_CHEMBL3510.csv,data_CHEMBL3510.csv,"(397, 517)",397,517,0.01511335,/home/iris/PA/qsar_data_unsorted/data_CHEMBL3510.csv,,,
97,97,/Users/dangoo/My documents/PhD Research/Pairwise Approach/RP/qsar_data_unsorted/data_CHEMBL5073.csv,data_CHEMBL5073.csv,"(399, 836)",399,836,0.463659148,/home/iris/PA/qsar_data_unsorted/data_CHEMBL5073.csv,,,
1823,1823,/Users/dangoo/My documents/PhD Research/Pairwise Approach/RP/qsar_data_unsorted/data_CHEMBL2882.csv,data_CHEMBL2882.csv,"(399, 527)",399,527,0.05764411,/home/iris/PA/qsar_data_unsorted/data_CHEMBL2882.csv,,,
2016,2016,/Users/dangoo/My documents/PhD Research/Pairwise Approach/RP/qsar_data_unsorted/data_CHEMBL5903.csv,data_CHEMBL5903.csv,"(399, 827)",399,827,0.453634085,/home/iris/PA/qsar_data_unsorted/data_CHEMBL5903.csv,,,
1432,1432,/Users/dangoo/My documents/PhD Research/Pairwise Approach/RP/qsar_data_unsorted/data_CHEMBL5627.csv,data_CHEMBL5627.csv,"(400, 827)",400,827,0.33,/home/iris/PA/qsar_data_unsorted/data_CHEMBL5627.csv,,,
134,134,/Users/dangoo/My documents/PhD Research/Pairwise Approach/RP/qsar_data_unsorted/data_CHEMBL2094134.csv,data_CHEMBL2094134.csv,"(404, 503)",404,503,0.143564356,/home/iris/PA/qsar_data_unsorted/data_CHEMBL2094134.csv,,,
686,686,/Users/dangoo/My documents/PhD Research/Pairwise Approach/RP/qsar_data_unsorted/data_CHEMBL1921.csv,data_CHEMBL1921.csv,"(404, 456)",404,456,0.066831683,/home/iris/PA/qsar_data_unsorted/data_CHEMBL1921.csv,,,
1143,1143,/Users/dangoo/My documents/PhD Research/Pairwise Approach/RP/qsar_data_unsorted/data_CHEMBL5971.csv,data_CHEMBL5971.csv,"(404, 495)",404,495,0.101485149,/home/iris/PA/qsar_data_unsorted/data_CHEMBL5971.csv,,,
292,292,/Users/dangoo/My documents/PhD Research/Pairwise Approach/RP/qsar_data_unsorted/data_CHEMBL2858.csv,data_CHEMBL2858.csv,"(406, 502)",406,502,0.036945813,/home/iris/PA/qsar_data_unsorted/data_CHEMBL2858.csv,,,
1150,1150,/Users/dangoo/My documents/PhD Research/Pairwise Approach/RP/qsar_data_unsorted/data_CHEMBL3468.csv,data_CHEMBL3468.csv,"(406, 582)",406,582,0.091133005,/home/iris/PA/qsar_data_unsorted/data_CHEMBL3468.csv,,,
1069,1069,/Users/dangoo/My documents/PhD Research/Pairwise Approach/RP/qsar_data_unsorted/data_CHEMBL3048.csv,data_CHEMBL3048.csv,"(407, 477)",407,477,0.103194103,/home/iris/PA/qsar_data_unsorted/data_CHEMBL3048.csv,,,
2005,2005,/Users/dangoo/My documents/PhD Research/Pairwise Approach/RP/qsar_data_unsorted/data_CHEMBL3369.csv,data_CHEMBL3369.csv,"(407, 428)",407,428,0.098280098,/home/iris/PA/qsar_data_unsorted/data_CHEMBL3369.csv,,,
410,410,/Users/dangoo/My documents/PhD Research/Pairwise Approach/RP/qsar_data_unsorted/data_CHEMBL1944.csv,data_CHEMBL1944.csv,"(411, 477)",411,477,0.063260341,/home/iris/PA/qsar_data_unsorted/data_CHEMBL1944.csv,,,
1099,1099,/Users/dangoo/My documents/PhD Research/Pairwise Approach/RP/qsar_data_unsorted/data_CHEMBL3045.csv,data_CHEMBL3045.csv,"(411, 694)",411,694,0.053527981,/home/iris/PA/qsar_data_unsorted/data_CHEMBL3045.csv,,,
1111,1111,/Users/dangoo/My documents/PhD Research/Pairwise Approach/RP/qsar_data_unsorted/data_CHEMBL1875.csv,data_CHEMBL1875.csv,"(412, 481)",412,481,0.048543689,/home/iris/PA/qsar_data_unsorted/data_CHEMBL1875.csv,,,
535,535,/Users/dangoo/My documents/PhD Research/Pairwise Approach/RP/qsar_data_unsorted/data_CHEMBL5077.csv,data_CHEMBL5077.csv,"(413, 450)",413,450,0.101694915,/home/iris/PA/qsar_data_unsorted/data_CHEMBL5077.csv,,,
1326,1326,/Users/dangoo/My documents/PhD Research/Pairwise Approach/RP/qsar_data_unsorted/data_CHEMBL2611.csv,data_CHEMBL2611.csv,"(413, 270)",413,270,0.527845036,/home/iris/PA/qsar_data_unsorted/data_CHEMBL2611.csv,,,
2084,2084,/Users/dangoo/My documents/PhD Research/Pairwise Approach/RP/qsar_data_unsorted/data_CHEMBL3234.csv,data_CHEMBL3234.csv,"(413, 698)",413,698,0.08716707,/home/iris/PA/qsar_data_unsorted/data_CHEMBL3234.csv,,,
1068,1068,/Users/dangoo/My documents/PhD Research/Pairwise Approach/RP/qsar_data_unsorted/data_CHEMBL3060.csv,data_CHEMBL3060.csv,"(416, 394)",416,394,0.439903846,/home/iris/PA/qsar_data_unsorted/data_CHEMBL3060.csv,,,
1848,1848,/Users/dangoo/My documents/PhD Research/Pairwise Approach/RP/qsar_data_unsorted/data_CHEMBL2093866.csv,data_CHEMBL2093866.csv,"(417, 491)",417,491,0.074340528,/home/iris/PA/qsar_data_unsorted/data_CHEMBL2093866.csv,,,
1736,1736,/Users/dangoo/My documents/PhD Research/Pairwise Approach/RP/qsar_data_unsorted/data_CHEMBL4372.csv,data_CHEMBL4372.csv,"(420, 560)",420,560,0.169047619,/home/iris/PA/qsar_data_unsorted/data_CHEMBL4372.csv,,,
654,654,/Users/dangoo/My documents/PhD Research/Pairwise Approach/RP/qsar_data_unsorted/data_CHEMBL3474.csv,data_CHEMBL3474.csv,"(422, 453)",422,453,0.035545024,/home/iris/PA/qsar_data_unsorted/data_CHEMBL3474.csv,,,
895,895,/Users/dangoo/My documents/PhD Research/Pairwise Approach/RP/qsar_data_unsorted/data_CHEMBL4321.csv,data_CHEMBL4321.csv,"(422, 472)",422,472,0.033175355,/home/iris/PA/qsar_data_unsorted/data_CHEMBL4321.csv,,,
1629,1629,/Users/dangoo/My documents/PhD Research/Pairwise Approach/RP/qsar_data_unsorted/data_CHEMBL1787.csv,data_CHEMBL1787.csv,"(422, 453)",422,453,0.030805687,/home/iris/PA/qsar_data_unsorted/data_CHEMBL1787.csv,,,
2072,2072,/Users/dangoo/My documents/PhD Research/Pairwise Approach/RP/qsar_data_unsorted/data_CHEMBL2094138.csv,data_CHEMBL2094138.csv,"(425, 667)",425,667,0.124705882,/home/iris/PA/qsar_data_unsorted/data_CHEMBL2094138.csv,,,
203,203,/Users/dangoo/My documents/PhD Research/Pairwise Approach/RP/qsar_data_unsorted/data_CHEMBL4804.csv,data_CHEMBL4804.csv,"(426, 542)",426,542,0.044600939,/home/iris/PA/qsar_data_unsorted/data_CHEMBL4804.csv,,,
396,396,/Users/dangoo/My documents/PhD Research/Pairwise Approach/RP/qsar_data_unsorted/data_CHEMBL250.csv,data_CHEMBL250.csv,"(426, 542)",426,542,0.0657277,/home/iris/PA/qsar_data_unsorted/data_CHEMBL250.csv,,,
835,835,/Users/dangoo/My documents/PhD Research/Pairwise Approach/RP/qsar_data_unsorted/data_CHEMBL1856.csv,data_CHEMBL1856.csv,"(427, 468)",427,468,0.12412178,/home/iris/PA/qsar_data_unsorted/data_CHEMBL1856.csv,,,
1683,1683,/Users/dangoo/My documents/PhD Research/Pairwise Approach/RP/qsar_data_unsorted/data_CHEMBL3582.csv,data_CHEMBL3582.csv,"(427, 722)",427,722,0.170960187,/home/iris/PA/qsar_data_unsorted/data_CHEMBL3582.csv,,,
122,122,/Users/dangoo/My documents/PhD Research/Pairwise Approach/RP/qsar_data_unsorted/data_CHEMBL1836.csv,data_CHEMBL1836.csv,"(429, 489)",429,489,0.074592075,/home/iris/PA/qsar_data_unsorted/data_CHEMBL1836.csv,,,
489,489,/Users/dangoo/My documents/PhD Research/Pairwise Approach/RP/qsar_data_unsorted/data_CHEMBL2094124.csv,data_CHEMBL2094124.csv,"(429, 561)",429,561,0.17016317,/home/iris/PA/qsar_data_unsorted/data_CHEMBL2094124.csv,,,
1802,1802,/Users/dangoo/My documents/PhD Research/Pairwise Approach/RP/qsar_data_unsorted/data_CHEMBL2689.csv,data_CHEMBL2689.csv,"(429, 840)",429,840,0.337995338,/home/iris/PA/qsar_data_unsorted/data_CHEMBL2689.csv,,,
138,138,/Users/dangoo/My documents/PhD Research/Pairwise Approach/RP/qsar_data_unsorted/data_CHEMBL3589.csv,data_CHEMBL3589.csv,"(430, 459)",430,459,0.090697674,/home/iris/PA/qsar_data_unsorted/data_CHEMBL3589.csv,,,
1380,1380,/Users/dangoo/My documents/PhD Research/Pairwise Approach/RP/qsar_data_unsorted/data_CHEMBL5023.csv,data_CHEMBL5023.csv,"(430, 719)",430,719,0.034883721,/home/iris/PA/qsar_data_unsorted/data_CHEMBL5023.csv,,,
1796,1796,/Users/dangoo/My documents/PhD Research/Pairwise Approach/RP/qsar_data_unsorted/data_CHEMBL5441.csv,data_CHEMBL5441.csv,"(430, 424)",430,424,0.013953488,/home/iris/PA/qsar_data_unsorted/data_CHEMBL5441.csv,,,
1587,1587,/Users/dangoo/My documents/PhD Research/Pairwise Approach/RP/qsar_data_unsorted/data_CHEMBL3807.csv,data_CHEMBL3807.csv,"(434, 612)",434,612,0.039170507,/home/iris/PA/qsar_data_unsorted/data_CHEMBL3807.csv,,,
775,775,/Users/dangoo/My documents/PhD Research/Pairwise Approach/RP/qsar_data_unsorted/data_CHEMBL1937.csv,data_CHEMBL1937.csv,"(435, 569)",435,569,0.108045977,/home/iris/PA/qsar_data_unsorted/data_CHEMBL1937.csv,,,
447,447,/Users/dangoo/My documents/PhD Research/Pairwise Approach/RP/qsar_data_unsorted/data_CHEMBL1795094.csv,data_CHEMBL1795094.csv,"(436, 858)",436,858,0.614678899,/home/iris/PA/qsar_data_unsorted/data_CHEMBL1795094.csv,,,
24,24,/Users/dangoo/My documents/PhD Research/Pairwise Approach/RP/qsar_data_unsorted/data_CHEMBL4768.csv,data_CHEMBL4768.csv,"(437, 515)",437,515,0.077803204,/home/iris/PA/qsar_data_unsorted/data_CHEMBL4768.csv,,,
151,151,/Users/dangoo/My documents/PhD Research/Pairwise Approach/RP/qsar_data_unsorted/data_CHEMBL1741200.csv,data_CHEMBL1741200.csv,"(437, 803)",437,803,0.343249428,/home/iris/PA/qsar_data_unsorted/data_CHEMBL1741200.csv,,,
1845,1845,/Users/dangoo/My documents/PhD Research/Pairwise Approach/RP/qsar_data_unsorted/data_CHEMBL3949.csv,data_CHEMBL3949.csv,"(440, 406)",440,406,0.140909091,/home/iris/PA/qsar_data_unsorted/data_CHEMBL3949.csv,,,
349,349,/Users/dangoo/My documents/PhD Research/Pairwise Approach/RP/qsar_data_unsorted/data_CHEMBL1825.csv,data_CHEMBL1825.csv,"(443, 624)",443,624,0.35214447,/home/iris/PA/qsar_data_unsorted/data_CHEMBL1825.csv,,,
1273,1273,/Users/dangoo/My documents/PhD Research/Pairwise Approach/RP/qsar_data_unsorted/data_CHEMBL5026.csv,data_CHEMBL5026.csv,"(445, 787)",445,787,0.84494382,/home/iris/PA/qsar_data_unsorted/data_CHEMBL5026.csv,,,
488,488,/Users/dangoo/My documents/PhD Research/Pairwise Approach/RP/qsar_data_unsorted/data_CHEMBL3764.csv,data_CHEMBL3764.csv,"(446, 428)",446,428,0.056053812,/home/iris/PA/qsar_data_unsorted/data_CHEMBL3764.csv,,,
2033,2033,/Users/dangoo/My documents/PhD Research/Pairwise Approach/RP/qsar_data_unsorted/data_CHEMBL2095178.csv,data_CHEMBL2095178.csv,"(446, 504)",446,504,0.038116592,/home/iris/PA/qsar_data_unsorted/data_CHEMBL2095178.csv,,,
1237,1237,/Users/dangoo/My documents/PhD Research/Pairwise Approach/RP/qsar_data_unsorted/data_CHEMBL5543.csv,data_CHEMBL5543.csv,"(448, 851)",448,851,0.292410714,/home/iris/PA/qsar_data_unsorted/data_CHEMBL5543.csv,,,
560,560,/Users/dangoo/My documents/PhD Research/Pairwise Approach/RP/qsar_data_unsorted/data_CHEMBL4426.csv,data_CHEMBL4426.csv,"(449, 862)",449,862,0.028953229,/home/iris/PA/qsar_data_unsorted/data_CHEMBL4426.csv,,,
1179,1179,/Users/dangoo/My documents/PhD Research/Pairwise Approach/RP/qsar_data_unsorted/data_CHEMBL1860.csv,data_CHEMBL1860.csv,"(449, 478)",449,478,0.180400891,/home/iris/PA/qsar_data_unsorted/data_CHEMBL1860.csv,,,
1607,1607,/Users/dangoo/My documents/PhD Research/Pairwise Approach/RP/qsar_data_unsorted/data_CHEMBL263.csv,data_CHEMBL263.csv,"(449, 610)",449,610,0.046770601,/home/iris/PA/qsar_data_unsorted/data_CHEMBL263.csv,,,
14,14,/Users/dangoo/My documents/PhD Research/Pairwise Approach/RP/qsar_data_unsorted/data_CHEMBL2097170.csv,data_CHEMBL2097170.csv,"(450, 810)",450,810,0.235555556,/home/iris/PA/qsar_data_unsorted/data_CHEMBL2097170.csv,,,
369,369,/Users/dangoo/My documents/PhD Research/Pairwise Approach/RP/qsar_data_unsorted/data_CHEMBL3820.csv,data_CHEMBL3820.csv,"(452, 479)",452,479,0.046460177,/home/iris/PA/qsar_data_unsorted/data_CHEMBL3820.csv,,,
604,604,/Users/dangoo/My documents/PhD Research/Pairwise Approach/RP/qsar_data_unsorted/data_CHEMBL5658.csv,data_CHEMBL5658.csv,"(452, 614)",452,614,0.088495575,/home/iris/PA/qsar_data_unsorted/data_CHEMBL5658.csv,,,
120,120,/Users/dangoo/My documents/PhD Research/Pairwise Approach/RP/qsar_data_unsorted/data_CHEMBL2093868.csv,data_CHEMBL2093868.csv,"(454, 494)",454,494,0.059471366,/home/iris/PA/qsar_data_unsorted/data_CHEMBL2093868.csv,,,
651,651,/Users/dangoo/My documents/PhD Research/Pairwise Approach/RP/qsar_data_unsorted/data_CHEMBL1908.csv,data_CHEMBL1908.csv,"(454, 427)",454,427,0.024229075,/home/iris/PA/qsar_data_unsorted/data_CHEMBL1908.csv,,,
935,935,/Users/dangoo/My documents/PhD Research/Pairwise Approach/RP/qsar_data_unsorted/data_CHEMBL3922.csv,data_CHEMBL3922.csv,"(455, 437)",455,437,0.021978022,/home/iris/PA/qsar_data_unsorted/data_CHEMBL3922.csv,,,
1128,1128,/Users/dangoo/My documents/PhD Research/Pairwise Approach/RP/qsar_data_unsorted/data_CHEMBL1901.csv,data_CHEMBL1901.csv,"(455, 523)",455,523,0.263736264,/home/iris/PA/qsar_data_unsorted/data_CHEMBL1901.csv,,,
386,386,/Users/dangoo/My documents/PhD Research/Pairwise Approach/RP/qsar_data_unsorted/data_CHEMBL2094251.csv,data_CHEMBL2094251.csv,"(456, 639)",456,639,0.067982456,/home/iris/PA/qsar_data_unsorted/data_CHEMBL2094251.csv,,,
724,724,/Users/dangoo/My documents/PhD Research/Pairwise Approach/RP/qsar_data_unsorted/data_CHEMBL3529.csv,data_CHEMBL3529.csv,"(457, 843)",457,843,0.43107221,/home/iris/PA/qsar_data_unsorted/data_CHEMBL3529.csv,,,
558,558,/Users/dangoo/My documents/PhD Research/Pairwise Approach/RP/qsar_data_unsorted/data_CHEMBL2095165.csv,data_CHEMBL2095165.csv,"(458, 770)",458,770,0.316593886,/home/iris/PA/qsar_data_unsorted/data_CHEMBL2095165.csv,,,
1632,1632,/Users/dangoo/My documents/PhD Research/Pairwise Approach/RP/qsar_data_unsorted/data_CHEMBL2265.csv,data_CHEMBL2265.csv,"(458, 464)",458,464,0.310043668,/home/iris/PA/qsar_data_unsorted/data_CHEMBL2265.csv,,,
1777,1777,/Users/dangoo/My documents/PhD Research/Pairwise Approach/RP/qsar_data_unsorted/data_CHEMBL2096661.csv,data_CHEMBL2096661.csv,"(460, 509)",460,509,0.032608696,/home/iris/PA/qsar_data_unsorted/data_CHEMBL2096661.csv,,,
81,81,/Users/dangoo/My documents/PhD Research/Pairwise Approach/RP/qsar_data_unsorted/data_CHEMBL4393.csv,data_CHEMBL4393.csv,"(462, 614)",462,614,0.082251082,/home/iris/PA/qsar_data_unsorted/data_CHEMBL4393.csv,,,
1984,1984,/Users/dangoo/My documents/PhD Research/Pairwise Approach/RP/qsar_data_unsorted/data_CHEMBL2093865.csv,data_CHEMBL2093865.csv,"(463, 516)",463,516,0.07775378,/home/iris/PA/qsar_data_unsorted/data_CHEMBL2093865.csv,,,
481,481,/Users/dangoo/My documents/PhD Research/Pairwise Approach/RP/qsar_data_unsorted/data_CHEMBL1795096.csv,data_CHEMBL1795096.csv,"(465, 849)",465,849,0.582795699,/home/iris/PA/qsar_data_unsorted/data_CHEMBL1795096.csv,,,
2031,2031,/Users/dangoo/My documents/PhD Research/Pairwise Approach/RP/qsar_data_unsorted/data_CHEMBL3426.csv,data_CHEMBL3426.csv,"(466, 831)",466,831,0.47639485,/home/iris/PA/qsar_data_unsorted/data_CHEMBL3426.csv,,,
883,883,/Users/dangoo/My documents/PhD Research/Pairwise Approach/RP/qsar_data_unsorted/data_CHEMBL5573.csv,data_CHEMBL5573.csv,"(467, 879)",467,879,0.438972163,/home/iris/PA/qsar_data_unsorted/data_CHEMBL5573.csv,,,
73,73,/Users/dangoo/My documents/PhD Research/Pairwise Approach/RP/qsar_data_unsorted/data_CHEMBL4422.csv,data_CHEMBL4422.csv,"(468, 392)",468,392,0.021367521,/home/iris/PA/qsar_data_unsorted/data_CHEMBL4422.csv,,,
1415,1415,/Users/dangoo/My documents/PhD Research/Pairwise Approach/RP/qsar_data_unsorted/data_CHEMBL4077.csv,data_CHEMBL4077.csv,"(469, 370)",469,370,0.029850746,/home/iris/PA/qsar_data_unsorted/data_CHEMBL4077.csv,,,
414,414,/Users/dangoo/My documents/PhD Research/Pairwise Approach/RP/qsar_data_unsorted/data_CHEMBL3160.csv,data_CHEMBL3160.csv,"(470, 459)",470,459,0.019148936,/home/iris/PA/qsar_data_unsorted/data_CHEMBL3160.csv,,,
521,521,/Users/dangoo/My documents/PhD Research/Pairwise Approach/RP/qsar_data_unsorted/data_CHEMBL2095164.csv,data_CHEMBL2095164.csv,"(470, 562)",470,562,0.057446809,/home/iris/PA/qsar_data_unsorted/data_CHEMBL2095164.csv,,,
1947,1947,/Users/dangoo/My documents/PhD Research/Pairwise Approach/RP/qsar_data_unsorted/data_CHEMBL5652.csv,data_CHEMBL5652.csv,"(470, 514)",470,514,0.063829787,/home/iris/PA/qsar_data_unsorted/data_CHEMBL5652.csv,,,
1021,1021,/Users/dangoo/My documents/PhD Research/Pairwise Approach/RP/qsar_data_unsorted/data_CHEMBL3464.csv,data_CHEMBL3464.csv,"(471, 607)",471,607,0.067940552,/home/iris/PA/qsar_data_unsorted/data_CHEMBL3464.csv,,,
1101,1101,/Users/dangoo/My documents/PhD Research/Pairwise Approach/RP/qsar_data_unsorted/data_CHEMBL5408.csv,data_CHEMBL5408.csv,"(471, 835)",471,835,0.422505308,/home/iris/PA/qsar_data_unsorted/data_CHEMBL5408.csv,,,
1791,1791,/Users/dangoo/My documents/PhD Research/Pairwise Approach/RP/qsar_data_unsorted/data_CHEMBL5455.csv,data_CHEMBL5455.csv,"(471, 839)",471,839,0.67940552,/home/iris/PA/qsar_data_unsorted/data_CHEMBL5455.csv,,,
1351,1351,/Users/dangoo/My documents/PhD Research/Pairwise Approach/RP/qsar_data_unsorted/data_CHEMBL4102.csv,data_CHEMBL4102.csv,"(472, 493)",472,493,0.154661017,/home/iris/PA/qsar_data_unsorted/data_CHEMBL4102.csv,,,
1983,1983,/Users/dangoo/My documents/PhD Research/Pairwise Approach/RP/qsar_data_unsorted/data_CHEMBL5491.csv,data_CHEMBL5491.csv,"(472, 707)",472,707,0.133474576,/home/iris/PA/qsar_data_unsorted/data_CHEMBL5491.csv,,,
2080,2080,/Users/dangoo/My documents/PhD Research/Pairwise Approach/RP/qsar_data_unsorted/data_CHEMBL2857.csv,data_CHEMBL2857.csv,"(473, 569)",473,569,0.057082452,/home/iris/PA/qsar_data_unsorted/data_CHEMBL2857.csv,,,
2038,2038,/Users/dangoo/My documents/PhD Research/Pairwise Approach/RP/qsar_data_unsorted/data_CHEMBL5719.csv,data_CHEMBL5719.csv,"(475, 859)",475,859,0.294736842,/home/iris/PA/qsar_data_unsorted/data_CHEMBL5719.csv,,,
1797,1797,/Users/dangoo/My documents/PhD Research/Pairwise Approach/RP/qsar_data_unsorted/data_CHEMBL6148.csv,data_CHEMBL6148.csv,"(476, 902)",476,902,0.62394958,/home/iris/PA/qsar_data_unsorted/data_CHEMBL6148.csv,,,
2047,2047,/Users/dangoo/My documents/PhD Research/Pairwise Approach/RP/qsar_data_unsorted/data_CHEMBL1966.csv,data_CHEMBL1966.csv,"(476, 501)",476,501,0.138655462,/home/iris/PA/qsar_data_unsorted/data_CHEMBL1966.csv,,,
847,847,/Users/dangoo/My documents/PhD Research/Pairwise Approach/RP/qsar_data_unsorted/data_CHEMBL3072.csv,data_CHEMBL3072.csv,"(477, 570)",477,570,0.035639413,/home/iris/PA/qsar_data_unsorted/data_CHEMBL3072.csv,,,
1411,1411,/Users/dangoo/My documents/PhD Research/Pairwise Approach/RP/qsar_data_unsorted/data_CHEMBL1899.csv,data_CHEMBL1899.csv,"(477, 653)",477,653,0.096436059,/home/iris/PA/qsar_data_unsorted/data_CHEMBL1899.csv,,,
1902,1902,/Users/dangoo/My documents/PhD Research/Pairwise Approach/RP/qsar_data_unsorted/data_CHEMBL2061.csv,data_CHEMBL2061.csv,"(477, 496)",477,496,0.048218029,/home/iris/PA/qsar_data_unsorted/data_CHEMBL2061.csv,,,
1051,1051,/Users/dangoo/My documents/PhD Research/Pairwise Approach/RP/qsar_data_unsorted/data_CHEMBL1878.csv,data_CHEMBL1878.csv,"(479, 492)",479,492,0.050104384,/home/iris/PA/qsar_data_unsorted/data_CHEMBL1878.csv,,,
1139,1139,/Users/dangoo/My documents/PhD Research/Pairwise Approach/RP/qsar_data_unsorted/data_CHEMBL4306.csv,data_CHEMBL4306.csv,"(480, 603)",480,603,0.045833333,/home/iris/PA/qsar_data_unsorted/data_CHEMBL4306.csv,,,
1,1,/Users/dangoo/My documents/PhD Research/Pairwise Approach/RP/qsar_data_unsorted/data_CHEMBL3563.csv,data_CHEMBL3563.csv,"(482, 691)",482,691,0.10373444,/home/iris/PA/qsar_data_unsorted/data_CHEMBL3563.csv,,,
1255,1255,/Users/dangoo/My documents/PhD Research/Pairwise Approach/RP/qsar_data_unsorted/data_CHEMBL4477.csv,data_CHEMBL4477.csv,"(483, 594)",483,594,0.035196687,/home/iris/PA/qsar_data_unsorted/data_CHEMBL4477.csv,,,
1394,1394,/Users/dangoo/My documents/PhD Research/Pairwise Approach/RP/qsar_data_unsorted/data_CHEMBL1906.csv,data_CHEMBL1906.csv,"(483, 727)",483,727,0.163561077,/home/iris/PA/qsar_data_unsorted/data_CHEMBL1906.csv,,,
70,70,/Users/dangoo/My documents/PhD Research/Pairwise Approach/RP/qsar_data_unsorted/data_CHEMBL2095149.csv,data_CHEMBL2095149.csv,"(491, 886)",491,886,0.276985743,/home/iris/PA/qsar_data_unsorted/data_CHEMBL2095149.csv,,,
1483,1483,/Users/dangoo/My documents/PhD Research/Pairwise Approach/RP/qsar_data_unsorted/data_CHEMBL2955.csv,data_CHEMBL2955.csv,"(492, 743)",492,743,0.284552846,/home/iris/PA/qsar_data_unsorted/data_CHEMBL2955.csv,,,
605,605,/Users/dangoo/My documents/PhD Research/Pairwise Approach/RP/qsar_data_unsorted/data_CHEMBL2889.csv,data_CHEMBL2889.csv,"(494, 815)",494,815,0.21659919,/home/iris/PA/qsar_data_unsorted/data_CHEMBL2889.csv,,,
1102,1102,/Users/dangoo/My documents/PhD Research/Pairwise Approach/RP/qsar_data_unsorted/data_CHEMBL6101.csv,data_CHEMBL6101.csv,"(494, 832)",494,832,0.599190283,/home/iris/PA/qsar_data_unsorted/data_CHEMBL6101.csv,,,
64,64,/Users/dangoo/My documents/PhD Research/Pairwise Approach/RP/qsar_data_unsorted/data_CHEMBL1293239.csv,data_CHEMBL1293239.csv,"(499, 806)",499,806,0.55511022,/home/iris/PA/qsar_data_unsorted/data_CHEMBL1293239.csv,,,
1364,1364,/Users/dangoo/My documents/PhD Research/Pairwise Approach/RP/qsar_data_unsorted/data_CHEMBL1907594.csv,data_CHEMBL1907594.csv,"(505, 538)",505,538,0.041584158,/home/iris/PA/qsar_data_unsorted/data_CHEMBL1907594.csv,,,
615,615,/Users/dangoo/My documents/PhD Research/Pairwise Approach/RP/qsar_data_unsorted/data_CHEMBL2622.csv,data_CHEMBL2622.csv,"(507, 584)",507,584,0.055226824,/home/iris/PA/qsar_data_unsorted/data_CHEMBL2622.csv,,,
887,887,/Users/dangoo/My documents/PhD Research/Pairwise Approach/RP/qsar_data_unsorted/data_CHEMBL3116.csv,data_CHEMBL3116.csv,"(507, 858)",507,858,0.287968442,/home/iris/PA/qsar_data_unsorted/data_CHEMBL3116.csv,,,
569,569,/Users/dangoo/My documents/PhD Research/Pairwise Approach/RP/qsar_data_unsorted/data_CHEMBL4618.csv,data_CHEMBL4618.csv,"(510, 493)",510,493,0.068627451,/home/iris/PA/qsar_data_unsorted/data_CHEMBL4618.csv,,,
359,359,/Users/dangoo/My documents/PhD Research/Pairwise Approach/RP/qsar_data_unsorted/data_CHEMBL2525.csv,data_CHEMBL2525.csv,"(511, 547)",511,547,0.031311155,/home/iris/PA/qsar_data_unsorted/data_CHEMBL2525.csv,,,
1249,1249,/Users/dangoo/My documents/PhD Research/Pairwise Approach/RP/qsar_data_unsorted/data_CHEMBL1902.csv,data_CHEMBL1902.csv,"(511, 444)",511,444,0.039138943,/home/iris/PA/qsar_data_unsorted/data_CHEMBL1902.csv,,,
230,230,/Users/dangoo/My documents/PhD Research/Pairwise Approach/RP/qsar_data_unsorted/data_CHEMBL254.csv,data_CHEMBL254.csv,"(512, 614)",512,614,0.083984375,/home/iris/PA/qsar_data_unsorted/data_CHEMBL254.csv,,,
301,301,/Users/dangoo/My documents/PhD Research/Pairwise Approach/RP/qsar_data_unsorted/data_CHEMBL309.csv,data_CHEMBL309.csv,"(512, 562)",512,562,0.0703125,/home/iris/PA/qsar_data_unsorted/data_CHEMBL309.csv,,,
213,213,/Users/dangoo/My documents/PhD Research/Pairwise Approach/RP/qsar_data_unsorted/data_CHEMBL2094254.csv,data_CHEMBL2094254.csv,"(513, 448)",513,448,0.025341131,/home/iris/PA/qsar_data_unsorted/data_CHEMBL2094254.csv,,,
1209,1209,/Users/dangoo/My documents/PhD Research/Pairwise Approach/RP/qsar_data_unsorted/data_CHEMBL5147.csv,data_CHEMBL5147.csv,"(513, 699)",513,699,0.152046784,/home/iris/PA/qsar_data_unsorted/data_CHEMBL5147.csv,,,
76,76,/Users/dangoo/My documents/PhD Research/Pairwise Approach/RP/qsar_data_unsorted/data_CHEMBL2047.csv,data_CHEMBL2047.csv,"(514, 569)",514,569,0.048638132,/home/iris/PA/qsar_data_unsorted/data_CHEMBL2047.csv,,,
1031,1031,/Users/dangoo/My documents/PhD Research/Pairwise Approach/RP/qsar_data_unsorted/data_CHEMBL4860.csv,data_CHEMBL4860.csv,"(514, 606)",514,606,0.035019455,/home/iris/PA/qsar_data_unsorted/data_CHEMBL4860.csv,,,
650,650,/Users/dangoo/My documents/PhD Research/Pairwise Approach/RP/qsar_data_unsorted/data_CHEMBL1293266.csv,data_CHEMBL1293266.csv,"(516, 786)",516,786,0.501937984,/home/iris/PA/qsar_data_unsorted/data_CHEMBL1293266.csv,,,
1650,1650,/Users/dangoo/My documents/PhD Research/Pairwise Approach/RP/qsar_data_unsorted/data_CHEMBL2094115.csv,data_CHEMBL2094115.csv,"(516, 599)",516,599,0.085271318,/home/iris/PA/qsar_data_unsorted/data_CHEMBL2094115.csv,,,
1768,1768,/Users/dangoo/My documents/PhD Research/Pairwise Approach/RP/qsar_data_unsorted/data_CHEMBL6014.csv,data_CHEMBL6014.csv,"(516, 813)",516,813,0.906976744,/home/iris/PA/qsar_data_unsorted/data_CHEMBL6014.csv,,,
641,641,/Users/dangoo/My documents/PhD Research/Pairwise Approach/RP/qsar_data_unsorted/data_CHEMBL2568.csv,data_CHEMBL2568.csv,"(517, 500)",517,500,0.032882012,/home/iris/PA/qsar_data_unsorted/data_CHEMBL2568.csv,,,
1344,1344,/Users/dangoo/My documents/PhD Research/Pairwise Approach/RP/qsar_data_unsorted/data_CHEMBL1873.csv,data_CHEMBL1873.csv,"(518, 695)",518,695,0.102316602,/home/iris/PA/qsar_data_unsorted/data_CHEMBL1873.csv,,,
1852,1852,/Users/dangoo/My documents/PhD Research/Pairwise Approach/RP/qsar_data_unsorted/data_CHEMBL4175.csv,data_CHEMBL4175.csv,"(519, 839)",519,839,0.780346821,/home/iris/PA/qsar_data_unsorted/data_CHEMBL4175.csv,,,
104,104,/Users/dangoo/My documents/PhD Research/Pairwise Approach/RP/qsar_data_unsorted/data_CHEMBL1942.csv,data_CHEMBL1942.csv,"(520, 744)",520,744,0.042307692,/home/iris/PA/qsar_data_unsorted/data_CHEMBL1942.csv,,,
436,436,/Users/dangoo/My documents/PhD Research/Pairwise Approach/RP/qsar_data_unsorted/data_CHEMBL3772.csv,data_CHEMBL3772.csv,"(522, 593)",522,593,0.053639847,/home/iris/PA/qsar_data_unsorted/data_CHEMBL3772.csv,,,
2085,2085,/Users/dangoo/My documents/PhD Research/Pairwise Approach/RP/qsar_data_unsorted/data_CHEMBL5645.csv,data_CHEMBL5645.csv,"(523, 512)",523,512,0.019120459,/home/iris/PA/qsar_data_unsorted/data_CHEMBL5645.csv,,,
1804,1804,/Users/dangoo/My documents/PhD Research/Pairwise Approach/RP/qsar_data_unsorted/data_CHEMBL4575.csv,data_CHEMBL4575.csv,"(526, 816)",526,816,0.576045627,/home/iris/PA/qsar_data_unsorted/data_CHEMBL4575.csv,,,
1969,1969,/Users/dangoo/My documents/PhD Research/Pairwise Approach/RP/qsar_data_unsorted/data_CHEMBL4599.csv,data_CHEMBL4599.csv,"(526, 834)",526,834,0.338403042,/home/iris/PA/qsar_data_unsorted/data_CHEMBL4599.csv,,,
219,219,/Users/dangoo/My documents/PhD Research/Pairwise Approach/RP/qsar_data_unsorted/data_CHEMBL5703.csv,data_CHEMBL5703.csv,"(532, 841)",532,841,0.772556391,/home/iris/PA/qsar_data_unsorted/data_CHEMBL5703.csv,,,
445,445,/Users/dangoo/My documents/PhD Research/Pairwise Approach/RP/qsar_data_unsorted/data_CHEMBL3996.csv,data_CHEMBL3996.csv,"(532, 542)",532,542,0.077067669,/home/iris/PA/qsar_data_unsorted/data_CHEMBL3996.csv,,,
768,768,/Users/dangoo/My documents/PhD Research/Pairwise Approach/RP/qsar_data_unsorted/data_CHEMBL3891.csv,data_CHEMBL3891.csv,"(532, 517)",532,517,0.028195489,/home/iris/PA/qsar_data_unsorted/data_CHEMBL3891.csv,,,
494,494,/Users/dangoo/My documents/PhD Research/Pairwise Approach/RP/qsar_data_unsorted/data_CHEMBL5498.csv,data_CHEMBL5498.csv,"(533, 590)",533,590,0.071294559,/home/iris/PA/qsar_data_unsorted/data_CHEMBL5498.csv,,,
257,257,/Users/dangoo/My documents/PhD Research/Pairwise Approach/RP/qsar_data_unsorted/data_CHEMBL1941.csv,data_CHEMBL1941.csv,"(534, 691)",534,691,0.194756554,/home/iris/PA/qsar_data_unsorted/data_CHEMBL1941.csv,,,
439,439,/Users/dangoo/My documents/PhD Research/Pairwise Approach/RP/qsar_data_unsorted/data_CHEMBL3982.csv,data_CHEMBL3982.csv,"(534, 848)",534,848,0.608614232,/home/iris/PA/qsar_data_unsorted/data_CHEMBL3982.csv,,,
497,497,/Users/dangoo/My documents/PhD Research/Pairwise Approach/RP/qsar_data_unsorted/data_CHEMBL4625.csv,data_CHEMBL4625.csv,"(534, 687)",534,687,0.061797753,/home/iris/PA/qsar_data_unsorted/data_CHEMBL4625.csv,,,
1231,1231,/Users/dangoo/My documents/PhD Research/Pairwise Approach/RP/qsar_data_unsorted/data_CHEMBL4649.csv,data_CHEMBL4649.csv,"(536, 452)",536,452,0.035447761,/home/iris/PA/qsar_data_unsorted/data_CHEMBL4649.csv,,,
1619,1619,/Users/dangoo/My documents/PhD Research/Pairwise Approach/RP/qsar_data_unsorted/data_CHEMBL288.csv,data_CHEMBL288.csv,"(537, 652)",537,652,0.04283054,/home/iris/PA/qsar_data_unsorted/data_CHEMBL288.csv,,,
350,350,/Users/dangoo/My documents/PhD Research/Pairwise Approach/RP/qsar_data_unsorted/data_CHEMBL1075104.csv,data_CHEMBL1075104.csv,"(538, 847)",538,847,0.234200743,/home/iris/PA/qsar_data_unsorted/data_CHEMBL1075104.csv,,,
1200,1200,/Users/dangoo/My documents/PhD Research/Pairwise Approach/RP/qsar_data_unsorted/data_CHEMBL3508.csv,data_CHEMBL3508.csv,"(540, 505)",540,505,0.187037037,/home/iris/PA/qsar_data_unsorted/data_CHEMBL3508.csv,,,
189,189,/Users/dangoo/My documents/PhD Research/Pairwise Approach/RP/qsar_data_unsorted/data_CHEMBL1075115.csv,data_CHEMBL1075115.csv,"(541, 837)",541,837,0.835489834,/home/iris/PA/qsar_data_unsorted/data_CHEMBL1075115.csv,,,
1362,1362,/Users/dangoo/My documents/PhD Research/Pairwise Approach/RP/qsar_data_unsorted/data_CHEMBL2598.csv,data_CHEMBL2598.csv,"(541, 853)",541,853,0.763401109,/home/iris/PA/qsar_data_unsorted/data_CHEMBL2598.csv,,,
1862,1862,/Users/dangoo/My documents/PhD Research/Pairwise Approach/RP/qsar_data_unsorted/data_CHEMBL3815.csv,data_CHEMBL3815.csv,"(541, 562)",541,562,0.025878004,/home/iris/PA/qsar_data_unsorted/data_CHEMBL3815.csv,,,
1925,1925,/Users/dangoo/My documents/PhD Research/Pairwise Approach/RP/qsar_data_unsorted/data_CHEMBL1811.csv,data_CHEMBL1811.csv,"(542, 595)",542,595,0.042435424,/home/iris/PA/qsar_data_unsorted/data_CHEMBL1811.csv,,,
1523,1523,/Users/dangoo/My documents/PhD Research/Pairwise Approach/RP/qsar_data_unsorted/data_CHEMBL3055.csv,data_CHEMBL3055.csv,"(543, 861)",543,861,0.285451197,/home/iris/PA/qsar_data_unsorted/data_CHEMBL3055.csv,,,
2086,2086,/Users/dangoo/My documents/PhD Research/Pairwise Approach/RP/qsar_data_unsorted/data_CHEMBL5137.csv,data_CHEMBL5137.csv,"(547, 565)",547,565,0.0511883,/home/iris/PA/qsar_data_unsorted/data_CHEMBL5137.csv,,,
3,3,/Users/dangoo/My documents/PhD Research/Pairwise Approach/RP/qsar_data_unsorted/data_CHEMBL4218.csv,data_CHEMBL4218.csv,"(551, 897)",551,897,0.466424682,/home/iris/PA/qsar_data_unsorted/data_CHEMBL4218.csv,,,
56,56,/Users/dangoo/My documents/PhD Research/Pairwise Approach/RP/qsar_data_unsorted/data_CHEMBL1994.csv,data_CHEMBL1994.csv,"(551, 693)",551,693,0.090744102,/home/iris/PA/qsar_data_unsorted/data_CHEMBL1994.csv,,,
487,487,/Users/dangoo/My documents/PhD Research/Pairwise Approach/RP/qsar_data_unsorted/data_CHEMBL2094130.csv,data_CHEMBL2094130.csv,"(553, 591)",553,591,0.056057866,/home/iris/PA/qsar_data_unsorted/data_CHEMBL2094130.csv,,,
1579,1579,/Users/dangoo/My documents/PhD Research/Pairwise Approach/RP/qsar_data_unsorted/data_CHEMBL4601.csv,data_CHEMBL4601.csv,"(553, 833)",553,833,0.594936709,/home/iris/PA/qsar_data_unsorted/data_CHEMBL4601.csv,,,
1122,1122,/Users/dangoo/My documents/PhD Research/Pairwise Approach/RP/qsar_data_unsorted/data_CHEMBL5568.csv,data_CHEMBL5568.csv,"(556, 854)",556,854,0.582733813,/home/iris/PA/qsar_data_unsorted/data_CHEMBL5568.csv,,,
464,464,/Users/dangoo/My documents/PhD Research/Pairwise Approach/RP/qsar_data_unsorted/data_CHEMBL4223.csv,data_CHEMBL4223.csv,"(559, 854)",559,854,0.524150268,/home/iris/PA/qsar_data_unsorted/data_CHEMBL4223.csv,,,
517,517,/Users/dangoo/My documents/PhD Research/Pairwise Approach/RP/qsar_data_unsorted/data_CHEMBL1952.csv,data_CHEMBL1952.csv,"(559, 562)",559,562,0.010733453,/home/iris/PA/qsar_data_unsorted/data_CHEMBL1952.csv,,,
430,430,/Users/dangoo/My documents/PhD Research/Pairwise Approach/RP/qsar_data_unsorted/data_CHEMBL3766.csv,data_CHEMBL3766.csv,"(560, 546)",560,546,0.094642857,/home/iris/PA/qsar_data_unsorted/data_CHEMBL3766.csv,,,
550,550,/Users/dangoo/My documents/PhD Research/Pairwise Approach/RP/qsar_data_unsorted/data_CHEMBL5076.csv,data_CHEMBL5076.csv,"(561, 527)",561,527,0.021390374,/home/iris/PA/qsar_data_unsorted/data_CHEMBL5076.csv,,,
1847,1847,/Users/dangoo/My documents/PhD Research/Pairwise Approach/RP/qsar_data_unsorted/data_CHEMBL3785.csv,data_CHEMBL3785.csv,"(564, 559)",564,559,0.088652482,/home/iris/PA/qsar_data_unsorted/data_CHEMBL3785.csv,,,
1527,1527,/Users/dangoo/My documents/PhD Research/Pairwise Approach/RP/qsar_data_unsorted/data_CHEMBL4074.csv,data_CHEMBL4074.csv,"(565, 498)",565,498,0.026548673,/home/iris/PA/qsar_data_unsorted/data_CHEMBL4074.csv,,,
180,180,/Users/dangoo/My documents/PhD Research/Pairwise Approach/RP/qsar_data_unsorted/data_CHEMBL1808.csv,data_CHEMBL1808.csv,"(569, 535)",569,535,0.040421793,/home/iris/PA/qsar_data_unsorted/data_CHEMBL1808.csv,,,
918,918,/Users/dangoo/My documents/PhD Research/Pairwise Approach/RP/qsar_data_unsorted/data_CHEMBL2590.csv,data_CHEMBL2590.csv,"(569, 413)",569,413,0.040421793,/home/iris/PA/qsar_data_unsorted/data_CHEMBL2590.csv,,,
1838,1838,/Users/dangoo/My documents/PhD Research/Pairwise Approach/RP/qsar_data_unsorted/data_CHEMBL2094112.csv,data_CHEMBL2094112.csv,"(570, 606)",570,606,0.038596491,/home/iris/PA/qsar_data_unsorted/data_CHEMBL2094112.csv,,,
1542,1542,/Users/dangoo/My documents/PhD Research/Pairwise Approach/RP/qsar_data_unsorted/data_CHEMBL3230.csv,data_CHEMBL3230.csv,"(573, 739)",573,739,0.122164049,/home/iris/PA/qsar_data_unsorted/data_CHEMBL3230.csv,,,
1995,1995,/Users/dangoo/My documents/PhD Research/Pairwise Approach/RP/qsar_data_unsorted/data_CHEMBL3157.csv,data_CHEMBL3157.csv,"(574, 623)",574,623,0.066202091,/home/iris/PA/qsar_data_unsorted/data_CHEMBL3157.csv,,,
448,448,/Users/dangoo/My documents/PhD Research/Pairwise Approach/RP/qsar_data_unsorted/data_CHEMBL324.csv,data_CHEMBL324.csv,"(575, 560)",575,560,0.144347826,/home/iris/PA/qsar_data_unsorted/data_CHEMBL324.csv,,,
564,564,/Users/dangoo/My documents/PhD Research/Pairwise Approach/RP/qsar_data_unsorted/data_CHEMBL1947.csv,data_CHEMBL1947.csv,"(576, 492)",576,492,0.142361111,/home/iris/PA/qsar_data_unsorted/data_CHEMBL1947.csv,,,
523,523,/Users/dangoo/My documents/PhD Research/Pairwise Approach/RP/qsar_data_unsorted/data_CHEMBL4427.csv,data_CHEMBL4427.csv,"(577, 624)",577,624,0.126516464,/home/iris/PA/qsar_data_unsorted/data_CHEMBL4427.csv,,,
541,541,/Users/dangoo/My documents/PhD Research/Pairwise Approach/RP/qsar_data_unsorted/data_CHEMBL2916.csv,data_CHEMBL2916.csv,"(577, 545)",577,545,0.057192374,/home/iris/PA/qsar_data_unsorted/data_CHEMBL2916.csv,,,
345,345,/Users/dangoo/My documents/PhD Research/Pairwise Approach/RP/qsar_data_unsorted/data_CHEMBL2094127.csv,data_CHEMBL2094127.csv,"(579, 666)",579,666,0.051813472,/home/iris/PA/qsar_data_unsorted/data_CHEMBL2094127.csv,,,
1816,1816,/Users/dangoo/My documents/PhD Research/Pairwise Approach/RP/qsar_data_unsorted/data_CHEMBL2896.csv,data_CHEMBL2896.csv,"(579, 850)",579,850,0.73402418,/home/iris/PA/qsar_data_unsorted/data_CHEMBL2896.csv,,,
888,888,/Users/dangoo/My documents/PhD Research/Pairwise Approach/RP/qsar_data_unsorted/data_CHEMBL1926.csv,data_CHEMBL1926.csv,"(580, 479)",580,479,0.017241379,/home/iris/PA/qsar_data_unsorted/data_CHEMBL1926.csv,,,
1510,1510,/Users/dangoo/My documents/PhD Research/Pairwise Approach/RP/qsar_data_unsorted/data_CHEMBL4896.csv,data_CHEMBL4896.csv,"(581, 850)",581,850,0.774526678,/home/iris/PA/qsar_data_unsorted/data_CHEMBL4896.csv,,,
1164,1164,/Users/dangoo/My documents/PhD Research/Pairwise Approach/RP/qsar_data_unsorted/data_CHEMBL1293246.csv,data_CHEMBL1293246.csv,"(583, 910)",583,910,0.246998285,/home/iris/PA/qsar_data_unsorted/data_CHEMBL1293246.csv,,,
1630,1630,/Users/dangoo/My documents/PhD Research/Pairwise Approach/RP/qsar_data_unsorted/data_CHEMBL6003.csv,data_CHEMBL6003.csv,"(583, 863)",583,863,0.749571184,/home/iris/PA/qsar_data_unsorted/data_CHEMBL6003.csv,,,
352,352,/Users/dangoo/My documents/PhD Research/Pairwise Approach/RP/qsar_data_unsorted/data_CHEMBL3798.csv,data_CHEMBL3798.csv,"(584, 614)",584,614,0.025684932,/home/iris/PA/qsar_data_unsorted/data_CHEMBL3798.csv,,,
457,457,/Users/dangoo/My documents/PhD Research/Pairwise Approach/RP/qsar_data_unsorted/data_CHEMBL1741212.csv,data_CHEMBL1741212.csv,"(586, 887)",586,887,0.494880546,/home/iris/PA/qsar_data_unsorted/data_CHEMBL1741212.csv,,,
1203,1203,/Users/dangoo/My documents/PhD Research/Pairwise Approach/RP/qsar_data_unsorted/data_CHEMBL4273.csv,data_CHEMBL4273.csv,"(592, 864)",592,864,0.631756757,/home/iris/PA/qsar_data_unsorted/data_CHEMBL4273.csv,,,
1600,1600,/Users/dangoo/My documents/PhD Research/Pairwise Approach/RP/qsar_data_unsorted/data_CHEMBL5084.csv,data_CHEMBL5084.csv,"(594, 877)",594,877,0.631313131,/home/iris/PA/qsar_data_unsorted/data_CHEMBL5084.csv,,,
1225,1225,/Users/dangoo/My documents/PhD Research/Pairwise Approach/RP/qsar_data_unsorted/data_CHEMBL4073.csv,data_CHEMBL4073.csv,"(596, 633)",596,633,0.097315436,/home/iris/PA/qsar_data_unsorted/data_CHEMBL4073.csv,,,
444,444,/Users/dangoo/My documents/PhD Research/Pairwise Approach/RP/qsar_data_unsorted/data_CHEMBL2095204.csv,data_CHEMBL2095204.csv,"(600, 631)",600,631,0.111666667,/home/iris/PA/qsar_data_unsorted/data_CHEMBL2095204.csv,,,
1758,1758,/Users/dangoo/My documents/PhD Research/Pairwise Approach/RP/qsar_data_unsorted/data_CHEMBL4429.csv,data_CHEMBL4429.csv,"(600, 578)",600,578,0.051666667,/home/iris/PA/qsar_data_unsorted/data_CHEMBL4429.csv,,,
1726,1726,/Users/dangoo/My documents/PhD Research/Pairwise Approach/RP/qsar_data_unsorted/data_CHEMBL3192.csv,data_CHEMBL3192.csv,"(601, 614)",601,614,0.079866889,/home/iris/PA/qsar_data_unsorted/data_CHEMBL3192.csv,,,
328,328,/Users/dangoo/My documents/PhD Research/Pairwise Approach/RP/qsar_data_unsorted/data_CHEMBL331.csv,data_CHEMBL331.csv,"(603, 756)",603,756,0.124378109,/home/iris/PA/qsar_data_unsorted/data_CHEMBL331.csv,,,
1940,1940,/Users/dangoo/My documents/PhD Research/Pairwise Approach/RP/qsar_data_unsorted/data_CHEMBL2854.csv,data_CHEMBL2854.csv,"(605, 579)",605,579,0.018181818,/home/iris/PA/qsar_data_unsorted/data_CHEMBL2854.csv,,,
1269,1269,/Users/dangoo/My documents/PhD Research/Pairwise Approach/RP/qsar_data_unsorted/data_CHEMBL2007.csv,data_CHEMBL2007.csv,"(612, 892)",612,892,0.238562092,/home/iris/PA/qsar_data_unsorted/data_CHEMBL2007.csv,,,
1245,1245,/Users/dangoo/My documents/PhD Research/Pairwise Approach/RP/qsar_data_unsorted/data_CHEMBL1916.csv,data_CHEMBL1916.csv,"(613, 778)",613,778,0.044045677,/home/iris/PA/qsar_data_unsorted/data_CHEMBL1916.csv,,,
646,646,/Users/dangoo/My documents/PhD Research/Pairwise Approach/RP/qsar_data_unsorted/data_CHEMBL3138.csv,data_CHEMBL3138.csv,"(614, 515)",614,515,0.021172638,/home/iris/PA/qsar_data_unsorted/data_CHEMBL3138.csv,,,
80,80,/Users/dangoo/My documents/PhD Research/Pairwise Approach/RP/qsar_data_unsorted/data_CHEMBL257.csv,data_CHEMBL257.csv,"(621, 522)",621,522,0.056360709,/home/iris/PA/qsar_data_unsorted/data_CHEMBL257.csv,,,
462,462,/Users/dangoo/My documents/PhD Research/Pairwise Approach/RP/qsar_data_unsorted/data_CHEMBL4237.csv,data_CHEMBL4237.csv,"(622, 881)",622,881,0.496784566,/home/iris/PA/qsar_data_unsorted/data_CHEMBL4237.csv,,,
1279,1279,/Users/dangoo/My documents/PhD Research/Pairwise Approach/RP/qsar_data_unsorted/data_CHEMBL1917.csv,data_CHEMBL1917.csv,"(624, 469)",624,469,0.336538462,/home/iris/PA/qsar_data_unsorted/data_CHEMBL1917.csv,,,
324,324,/Users/dangoo/My documents/PhD Research/Pairwise Approach/RP/qsar_data_unsorted/data_CHEMBL4578.csv,data_CHEMBL4578.csv,"(625, 867)",625,867,0.5792,/home/iris/PA/qsar_data_unsorted/data_CHEMBL4578.csv,,,
1403,1403,/Users/dangoo/My documents/PhD Research/Pairwise Approach/RP/qsar_data_unsorted/data_CHEMBL4895.csv,data_CHEMBL4895.csv,"(625, 864)",625,864,0.4192,/home/iris/PA/qsar_data_unsorted/data_CHEMBL4895.csv,,,
738,738,/Users/dangoo/My documents/PhD Research/Pairwise Approach/RP/qsar_data_unsorted/data_CHEMBL2635.csv,data_CHEMBL2635.csv,"(630, 871)",630,871,0.142857143,/home/iris/PA/qsar_data_unsorted/data_CHEMBL2635.csv,,,
886,886,/Users/dangoo/My documents/PhD Research/Pairwise Approach/RP/qsar_data_unsorted/data_CHEMBL5567.csv,data_CHEMBL5567.csv,"(630, 758)",630,758,0.057142857,/home/iris/PA/qsar_data_unsorted/data_CHEMBL5567.csv,,,
1346,1346,/Users/dangoo/My documents/PhD Research/Pairwise Approach/RP/qsar_data_unsorted/data_CHEMBL3094.csv,data_CHEMBL3094.csv,"(631, 880)",631,880,0.729001585,/home/iris/PA/qsar_data_unsorted/data_CHEMBL3094.csv,,,
15,15,/Users/dangoo/My documents/PhD Research/Pairwise Approach/RP/qsar_data_unsorted/data_CHEMBL1795093.csv,data_CHEMBL1795093.csv,"(636, 905)",636,905,0.496855346,/home/iris/PA/qsar_data_unsorted/data_CHEMBL1795093.csv,,,
335,335,/Users/dangoo/My documents/PhD Research/Pairwise Approach/RP/qsar_data_unsorted/data_CHEMBL2337.csv,data_CHEMBL2337.csv,"(636, 474)",636,474,0.028301887,/home/iris/PA/qsar_data_unsorted/data_CHEMBL2337.csv,,,
356,356,/Users/dangoo/My documents/PhD Research/Pairwise Approach/RP/qsar_data_unsorted/data_CHEMBL4975.csv,data_CHEMBL4975.csv,"(636, 542)",636,542,0.045597484,/home/iris/PA/qsar_data_unsorted/data_CHEMBL4975.csv,,,
29,29,/Users/dangoo/My documents/PhD Research/Pairwise Approach/RP/qsar_data_unsorted/data_CHEMBL2094121.csv,data_CHEMBL2094121.csv,"(638, 615)",638,615,0.061128527,/home/iris/PA/qsar_data_unsorted/data_CHEMBL2094121.csv,,,
351,351,/Users/dangoo/My documents/PhD Research/Pairwise Approach/RP/qsar_data_unsorted/data_CHEMBL2492.csv,data_CHEMBL2492.csv,"(639, 680)",639,680,0.0657277,/home/iris/PA/qsar_data_unsorted/data_CHEMBL2492.csv,,,
632,632,/Users/dangoo/My documents/PhD Research/Pairwise Approach/RP/qsar_data_unsorted/data_CHEMBL1293312.csv,data_CHEMBL1293312.csv,"(639, 929)",639,929,0.006259781,/home/iris/PA/qsar_data_unsorted/data_CHEMBL1293312.csv,,,
1927,1927,/Users/dangoo/My documents/PhD Research/Pairwise Approach/RP/qsar_data_unsorted/data_CHEMBL3974.csv,data_CHEMBL3974.csv,"(645, 577)",645,577,0.017054264,/home/iris/PA/qsar_data_unsorted/data_CHEMBL3974.csv,,,
1864,1864,/Users/dangoo/My documents/PhD Research/Pairwise Approach/RP/qsar_data_unsorted/data_CHEMBL3829.csv,data_CHEMBL3829.csv,"(646, 889)",646,889,0.582043344,/home/iris/PA/qsar_data_unsorted/data_CHEMBL3829.csv,,,
1135,1135,/Users/dangoo/My documents/PhD Research/Pairwise Approach/RP/qsar_data_unsorted/data_CHEMBL2993.csv,data_CHEMBL2993.csv,"(647, 594)",647,594,0.071097372,/home/iris/PA/qsar_data_unsorted/data_CHEMBL2993.csv,,,
720,720,/Users/dangoo/My documents/PhD Research/Pairwise Approach/RP/qsar_data_unsorted/data_CHEMBL5819.csv,data_CHEMBL5819.csv,"(652, 885)",652,885,0.641104294,/home/iris/PA/qsar_data_unsorted/data_CHEMBL5819.csv,,,
1081,1081,/Users/dangoo/My documents/PhD Research/Pairwise Approach/RP/qsar_data_unsorted/data_CHEMBL4525.csv,data_CHEMBL4525.csv,"(655, 883)",655,883,0.485496183,/home/iris/PA/qsar_data_unsorted/data_CHEMBL4525.csv,,,
1896,1896,/Users/dangoo/My documents/PhD Research/Pairwise Approach/RP/qsar_data_unsorted/data_CHEMBL3357.csv,data_CHEMBL3357.csv,"(656, 893)",656,893,0.5625,/home/iris/PA/qsar_data_unsorted/data_CHEMBL3357.csv,,,
1048,1048,/Users/dangoo/My documents/PhD Research/Pairwise Approach/RP/qsar_data_unsorted/data_CHEMBL4121.csv,data_CHEMBL4121.csv,"(662, 896)",662,896,0.614803625,/home/iris/PA/qsar_data_unsorted/data_CHEMBL4121.csv,,,
169,169,/Users/dangoo/My documents/PhD Research/Pairwise Approach/RP/qsar_data_unsorted/data_CHEMBL2094122.csv,data_CHEMBL2094122.csv,"(664, 604)",664,604,0.043674699,/home/iris/PA/qsar_data_unsorted/data_CHEMBL2094122.csv,,,
875,875,/Users/dangoo/My documents/PhD Research/Pairwise Approach/RP/qsar_data_unsorted/data_CHEMBL1075167.csv,data_CHEMBL1075167.csv,"(664, 890)",664,890,0.490963855,/home/iris/PA/qsar_data_unsorted/data_CHEMBL1075167.csv,,,
1172,1172,/Users/dangoo/My documents/PhD Research/Pairwise Approach/RP/qsar_data_unsorted/data_CHEMBL4893.csv,data_CHEMBL4893.csv,"(665, 615)",665,615,0.040601504,/home/iris/PA/qsar_data_unsorted/data_CHEMBL4893.csv,,,
1189,1189,/Users/dangoo/My documents/PhD Research/Pairwise Approach/RP/qsar_data_unsorted/data_CHEMBL5347.csv,data_CHEMBL5347.csv,"(665, 900)",665,900,0.639097744,/home/iris/PA/qsar_data_unsorted/data_CHEMBL5347.csv,,,
1686,1686,/Users/dangoo/My documents/PhD Research/Pairwise Approach/RP/qsar_data_unsorted/data_CHEMBL1075322.csv,data_CHEMBL1075322.csv,"(666, 909)",666,909,0.241741742,/home/iris/PA/qsar_data_unsorted/data_CHEMBL1075322.csv,,,
492,492,/Users/dangoo/My documents/PhD Research/Pairwise Approach/RP/qsar_data_unsorted/data_CHEMBL4792.csv,data_CHEMBL4792.csv,"(668, 790)",668,790,0.136227545,/home/iris/PA/qsar_data_unsorted/data_CHEMBL4792.csv,,,
869,869,/Users/dangoo/My documents/PhD Research/Pairwise Approach/RP/qsar_data_unsorted/data_CHEMBL3710.csv,data_CHEMBL3710.csv,"(669, 596)",669,596,0.037369208,/home/iris/PA/qsar_data_unsorted/data_CHEMBL3710.csv,,,
133,133,/Users/dangoo/My documents/PhD Research/Pairwise Approach/RP/qsar_data_unsorted/data_CHEMBL2094120.csv,data_CHEMBL2094120.csv,"(670, 609)",670,609,0.041791045,/home/iris/PA/qsar_data_unsorted/data_CHEMBL2094120.csv,,,
1656,1656,/Users/dangoo/My documents/PhD Research/Pairwise Approach/RP/qsar_data_unsorted/data_CHEMBL5683.csv,data_CHEMBL5683.csv,"(670, 893)",670,893,0.892537313,/home/iris/PA/qsar_data_unsorted/data_CHEMBL5683.csv,,,
493,493,/Users/dangoo/My documents/PhD Research/Pairwise Approach/RP/qsar_data_unsorted/data_CHEMBL3943.csv,data_CHEMBL3943.csv,"(671, 660)",671,660,0.049180328,/home/iris/PA/qsar_data_unsorted/data_CHEMBL3943.csv,,,
1160,1160,/Users/dangoo/My documents/PhD Research/Pairwise Approach/RP/qsar_data_unsorted/data_CHEMBL1900.csv,data_CHEMBL1900.csv,"(671, 626)",671,626,0.035767511,/home/iris/PA/qsar_data_unsorted/data_CHEMBL1900.csv,,,
760,760,/Users/dangoo/My documents/PhD Research/Pairwise Approach/RP/qsar_data_unsorted/data_CHEMBL2219.csv,data_CHEMBL2219.csv,"(674, 894)",674,894,0.324925816,/home/iris/PA/qsar_data_unsorted/data_CHEMBL2219.csv,,,
1959,1959,/Users/dangoo/My documents/PhD Research/Pairwise Approach/RP/qsar_data_unsorted/data_CHEMBL5650.csv,data_CHEMBL5650.csv,"(675, 896)",675,896,0.660740741,/home/iris/PA/qsar_data_unsorted/data_CHEMBL5650.csv,,,
2035,2035,/Users/dangoo/My documents/PhD Research/Pairwise Approach/RP/qsar_data_unsorted/data_CHEMBL4375.csv,data_CHEMBL4375.csv,"(676, 895)",676,895,0.613905325,/home/iris/PA/qsar_data_unsorted/data_CHEMBL4375.csv,,,
1951,1951,/Users/dangoo/My documents/PhD Research/Pairwise Approach/RP/qsar_data_unsorted/data_CHEMBL4202.csv,data_CHEMBL4202.csv,"(678, 893)",678,893,0.495575221,/home/iris/PA/qsar_data_unsorted/data_CHEMBL4202.csv,,,
286,286,/Users/dangoo/My documents/PhD Research/Pairwise Approach/RP/qsar_data_unsorted/data_CHEMBL4018.csv,data_CHEMBL4018.csv,"(682, 904)",682,904,0.096774194,/home/iris/PA/qsar_data_unsorted/data_CHEMBL4018.csv,,,
498,498,/Users/dangoo/My documents/PhD Research/Pairwise Approach/RP/qsar_data_unsorted/data_CHEMBL1985.csv,data_CHEMBL1985.csv,"(683, 604)",683,604,0.026354319,/home/iris/PA/qsar_data_unsorted/data_CHEMBL1985.csv,,,
766,766,/Users/dangoo/My documents/PhD Research/Pairwise Approach/RP/qsar_data_unsorted/data_CHEMBL2543.csv,data_CHEMBL2543.csv,"(688, 890)",688,890,0.50872093,/home/iris/PA/qsar_data_unsorted/data_CHEMBL2543.csv,,,
1030,1030,/Users/dangoo/My documents/PhD Research/Pairwise Approach/RP/qsar_data_unsorted/data_CHEMBL3869.csv,data_CHEMBL3869.csv,"(688, 750)",688,750,0.10755814,/home/iris/PA/qsar_data_unsorted/data_CHEMBL3869.csv,,,
2050,2050,/Users/dangoo/My documents/PhD Research/Pairwise Approach/RP/qsar_data_unsorted/data_CHEMBL3142.csv,data_CHEMBL3142.csv,"(690, 618)",690,618,0.108695652,/home/iris/PA/qsar_data_unsorted/data_CHEMBL3142.csv,,,
49,49,/Users/dangoo/My documents/PhD Research/Pairwise Approach/RP/qsar_data_unsorted/data_CHEMBL4608.csv,data_CHEMBL4608.csv,"(692, 609)",692,609,0.086705202,/home/iris/PA/qsar_data_unsorted/data_CHEMBL4608.csv,,,
333,333,/Users/dangoo/My documents/PhD Research/Pairwise Approach/RP/qsar_data_unsorted/data_CHEMBL319.csv,data_CHEMBL319.csv,"(692, 681)",692,681,0.049132948,/home/iris/PA/qsar_data_unsorted/data_CHEMBL319.csv,,,
1766,1766,/Users/dangoo/My documents/PhD Research/Pairwise Approach/RP/qsar_data_unsorted/data_CHEMBL1790.csv,data_CHEMBL1790.csv,"(692, 676)",692,676,0.147398844,/home/iris/PA/qsar_data_unsorted/data_CHEMBL1790.csv,,,
1875,1875,/Users/dangoo/My documents/PhD Research/Pairwise Approach/RP/qsar_data_unsorted/data_CHEMBL4439.csv,data_CHEMBL4439.csv,"(692, 711)",692,711,0.167630058,/home/iris/PA/qsar_data_unsorted/data_CHEMBL4439.csv,,,
645,645,/Users/dangoo/My documents/PhD Research/Pairwise Approach/RP/qsar_data_unsorted/data_CHEMBL3886.csv,data_CHEMBL3886.csv,"(694, 894)",694,894,0.632564841,/home/iris/PA/qsar_data_unsorted/data_CHEMBL3886.csv,,,
838,838,/Users/dangoo/My documents/PhD Research/Pairwise Approach/RP/qsar_data_unsorted/data_CHEMBL1293304.csv,data_CHEMBL1293304.csv,"(696, 959)",696,959,0.005747126,/home/iris/PA/qsar_data_unsorted/data_CHEMBL1293304.csv,,,
96,96,/Users/dangoo/My documents/PhD Research/Pairwise Approach/RP/qsar_data_unsorted/data_CHEMBL3402.csv,data_CHEMBL3402.csv,"(700, 913)",700,913,0.41,/home/iris/PA/qsar_data_unsorted/data_CHEMBL3402.csv,,,
1785,1785,/Users/dangoo/My documents/PhD Research/Pairwise Approach/RP/qsar_data_unsorted/data_CHEMBL3795.csv,data_CHEMBL3795.csv,"(705, 570)",705,570,0.082269504,/home/iris/PA/qsar_data_unsorted/data_CHEMBL3795.csv,,,
934,934,/Users/dangoo/My documents/PhD Research/Pairwise Approach/RP/qsar_data_unsorted/data_CHEMBL1853.csv,data_CHEMBL1853.csv,"(706, 558)",706,558,0.324362606,/home/iris/PA/qsar_data_unsorted/data_CHEMBL1853.csv,,,
1387,1387,/Users/dangoo/My documents/PhD Research/Pairwise Approach/RP/qsar_data_unsorted/data_CHEMBL2002.csv,data_CHEMBL2002.csv,"(707, 677)",707,677,0.175388967,/home/iris/PA/qsar_data_unsorted/data_CHEMBL2002.csv,,,
1917,1917,/Users/dangoo/My documents/PhD Research/Pairwise Approach/RP/qsar_data_unsorted/data_CHEMBL5518.csv,data_CHEMBL5518.csv,"(709, 898)",709,898,0.401974612,/home/iris/PA/qsar_data_unsorted/data_CHEMBL5518.csv,,,
1660,1660,/Users/dangoo/My documents/PhD Research/Pairwise Approach/RP/qsar_data_unsorted/data_CHEMBL4204.csv,data_CHEMBL4204.csv,"(711, 897)",711,897,0.517580872,/home/iris/PA/qsar_data_unsorted/data_CHEMBL4204.csv,,,
511,511,/Users/dangoo/My documents/PhD Research/Pairwise Approach/RP/qsar_data_unsorted/data_CHEMBL1946.csv,data_CHEMBL1946.csv,"(712, 480)",712,480,0.021067416,/home/iris/PA/qsar_data_unsorted/data_CHEMBL1946.csv,,,
562,562,/Users/dangoo/My documents/PhD Research/Pairwise Approach/RP/qsar_data_unsorted/data_CHEMBL4803.csv,data_CHEMBL4803.csv,"(713, 669)",713,669,0.152875175,/home/iris/PA/qsar_data_unsorted/data_CHEMBL4803.csv,,,
152,152,/Users/dangoo/My documents/PhD Research/Pairwise Approach/RP/qsar_data_unsorted/data_CHEMBL5113.csv,data_CHEMBL5113.csv,"(714, 825)",714,825,0.100840336,/home/iris/PA/qsar_data_unsorted/data_CHEMBL5113.csv,,,
810,810,/Users/dangoo/My documents/PhD Research/Pairwise Approach/RP/qsar_data_unsorted/data_CHEMBL3476.csv,data_CHEMBL3476.csv,"(714, 862)",714,862,0.333333333,/home/iris/PA/qsar_data_unsorted/data_CHEMBL3476.csv,,,
111,111,/Users/dangoo/My documents/PhD Research/Pairwise Approach/RP/qsar_data_unsorted/data_CHEMBL2250.csv,data_CHEMBL2250.csv,"(715, 898)",715,898,0.542657343,/home/iris/PA/qsar_data_unsorted/data_CHEMBL2250.csv,,,
209,209,/Users/dangoo/My documents/PhD Research/Pairwise Approach/RP/qsar_data_unsorted/data_CHEMBL3831.csv,data_CHEMBL3831.csv,"(717, 904)",717,904,0.50069735,/home/iris/PA/qsar_data_unsorted/data_CHEMBL3831.csv,,,
38,38,/Users/dangoo/My documents/PhD Research/Pairwise Approach/RP/qsar_data_unsorted/data_CHEMBL4026.csv,data_CHEMBL4026.csv,"(720, 876)",720,876,0.316666667,/home/iris/PA/qsar_data_unsorted/data_CHEMBL4026.csv,,,
526,526,/Users/dangoo/My documents/PhD Research/Pairwise Approach/RP/qsar_data_unsorted/data_CHEMBL285.csv,data_CHEMBL285.csv,"(721, 629)",721,629,0.037447989,/home/iris/PA/qsar_data_unsorted/data_CHEMBL285.csv,,,
211,211,/Users/dangoo/My documents/PhD Research/Pairwise Approach/RP/qsar_data_unsorted/data_CHEMBL4409.csv,data_CHEMBL4409.csv,"(725, 742)",725,742,0.022068966,/home/iris/PA/qsar_data_unsorted/data_CHEMBL4409.csv,,,
995,995,/Users/dangoo/My documents/PhD Research/Pairwise Approach/RP/qsar_data_unsorted/data_CHEMBL2035.csv,data_CHEMBL2035.csv,"(726, 701)",726,701,0.090909091,/home/iris/PA/qsar_data_unsorted/data_CHEMBL2035.csv,,,
703,703,/Users/dangoo/My documents/PhD Research/Pairwise Approach/RP/qsar_data_unsorted/data_CHEMBL4093.csv,data_CHEMBL4093.csv,"(727, 638)",727,638,0.070151307,/home/iris/PA/qsar_data_unsorted/data_CHEMBL4093.csv,,,
729,729,/Users/dangoo/My documents/PhD Research/Pairwise Approach/RP/qsar_data_unsorted/data_CHEMBL3501.csv,data_CHEMBL3501.csv,"(731, 529)",731,529,0.049247606,/home/iris/PA/qsar_data_unsorted/data_CHEMBL3501.csv,,,
1147,1147,/Users/dangoo/My documents/PhD Research/Pairwise Approach/RP/qsar_data_unsorted/data_CHEMBL5794.csv,data_CHEMBL5794.csv,"(732, 900)",732,900,0.616120219,/home/iris/PA/qsar_data_unsorted/data_CHEMBL5794.csv,,,
1240,1240,/Users/dangoo/My documents/PhD Research/Pairwise Approach/RP/qsar_data_unsorted/data_CHEMBL4852.csv,data_CHEMBL4852.csv,"(733, 901)",733,901,0.358799454,/home/iris/PA/qsar_data_unsorted/data_CHEMBL4852.csv,,,
476,476,/Users/dangoo/My documents/PhD Research/Pairwise Approach/RP/qsar_data_unsorted/data_CHEMBL326.csv,data_CHEMBL326.csv,"(737, 746)",737,746,0.035278155,/home/iris/PA/qsar_data_unsorted/data_CHEMBL326.csv,,,
1583,1583,/Users/dangoo/My documents/PhD Research/Pairwise Approach/RP/qsar_data_unsorted/data_CHEMBL1792.csv,data_CHEMBL1792.csv,"(740, 554)",740,554,0.274324324,/home/iris/PA/qsar_data_unsorted/data_CHEMBL1792.csv,,,
374,374,/Users/dangoo/My documents/PhD Research/Pairwise Approach/RP/qsar_data_unsorted/data_CHEMBL4801.csv,data_CHEMBL4801.csv,"(742, 666)",742,666,0.052560647,/home/iris/PA/qsar_data_unsorted/data_CHEMBL4801.csv,,,
222,222,/Users/dangoo/My documents/PhD Research/Pairwise Approach/RP/qsar_data_unsorted/data_CHEMBL2095162.csv,data_CHEMBL2095162.csv,"(743, 939)",743,939,0.609690444,/home/iris/PA/qsar_data_unsorted/data_CHEMBL2095162.csv,,,
241,241,/Users/dangoo/My documents/PhD Research/Pairwise Approach/RP/qsar_data_unsorted/data_CHEMBL2095163.csv,data_CHEMBL2095163.csv,"(743, 938)",743,938,0.516823688,/home/iris/PA/qsar_data_unsorted/data_CHEMBL2095163.csv,,,
1317,1317,/Users/dangoo/My documents/PhD Research/Pairwise Approach/RP/qsar_data_unsorted/data_CHEMBL5608.csv,data_CHEMBL5608.csv,"(746, 927)",746,927,0.363270777,/home/iris/PA/qsar_data_unsorted/data_CHEMBL5608.csv,,,
1205,1205,/Users/dangoo/My documents/PhD Research/Pairwise Approach/RP/qsar_data_unsorted/data_CHEMBL5145.csv,data_CHEMBL5145.csv,"(747, 828)",747,828,0.137884873,/home/iris/PA/qsar_data_unsorted/data_CHEMBL5145.csv,,,
1349,1349,/Users/dangoo/My documents/PhD Research/Pairwise Approach/RP/qsar_data_unsorted/data_CHEMBL4670.csv,data_CHEMBL4670.csv,"(747, 906)",747,906,0.93038822,/home/iris/PA/qsar_data_unsorted/data_CHEMBL4670.csv,,,
1663,1663,/Users/dangoo/My documents/PhD Research/Pairwise Approach/RP/qsar_data_unsorted/data_CHEMBL4576.csv,data_CHEMBL4576.csv,"(747, 888)",747,888,0.522088353,/home/iris/PA/qsar_data_unsorted/data_CHEMBL4576.csv,,,
74,74,/Users/dangoo/My documents/PhD Research/Pairwise Approach/RP/qsar_data_unsorted/data_CHEMBL2095161.csv,data_CHEMBL2095161.csv,"(748, 939)",748,939,0.787433155,/home/iris/PA/qsar_data_unsorted/data_CHEMBL2095161.csv,,,
95,95,/Users/dangoo/My documents/PhD Research/Pairwise Approach/RP/qsar_data_unsorted/data_CHEMBL2094256.csv,data_CHEMBL2094256.csv,"(748, 699)",748,699,0.030748663,/home/iris/PA/qsar_data_unsorted/data_CHEMBL2094256.csv,,,
1475,1475,/Users/dangoo/My documents/PhD Research/Pairwise Approach/RP/qsar_data_unsorted/data_CHEMBL2028.csv,data_CHEMBL2028.csv,"(748, 567)",748,567,0.195187166,/home/iris/PA/qsar_data_unsorted/data_CHEMBL2028.csv,,,
190,190,/Users/dangoo/My documents/PhD Research/Pairwise Approach/RP/qsar_data_unsorted/data_CHEMBL3602.csv,data_CHEMBL3602.csv,"(752, 571)",752,571,0.027925532,/home/iris/PA/qsar_data_unsorted/data_CHEMBL3602.csv,,,
1625,1625,/Users/dangoo/My documents/PhD Research/Pairwise Approach/RP/qsar_data_unsorted/data_CHEMBL1741180.csv,data_CHEMBL1741180.csv,"(754, 932)",754,932,0.059681698,/home/iris/PA/qsar_data_unsorted/data_CHEMBL1741180.csv,,,
429,429,/Users/dangoo/My documents/PhD Research/Pairwise Approach/RP/qsar_data_unsorted/data_CHEMBL2493.csv,data_CHEMBL2493.csv,"(763, 910)",763,910,0.330275229,/home/iris/PA/qsar_data_unsorted/data_CHEMBL2493.csv,,,
947,947,/Users/dangoo/My documents/PhD Research/Pairwise Approach/RP/qsar_data_unsorted/data_CHEMBL1907601.csv,data_CHEMBL1907601.csv,"(768, 700)",768,700,0.036458333,/home/iris/PA/qsar_data_unsorted/data_CHEMBL1907601.csv,,,
1646,1646,/Users/dangoo/My documents/PhD Research/Pairwise Approach/RP/qsar_data_unsorted/data_CHEMBL3769.csv,data_CHEMBL3769.csv,"(769, 696)",769,696,0.036410923,/home/iris/PA/qsar_data_unsorted/data_CHEMBL3769.csv,,,
276,276,/Users/dangoo/My documents/PhD Research/Pairwise Approach/RP/qsar_data_unsorted/data_CHEMBL1821.csv,data_CHEMBL1821.csv,"(770, 752)",770,752,0.084415584,/home/iris/PA/qsar_data_unsorted/data_CHEMBL1821.csv,,,
1582,1582,/Users/dangoo/My documents/PhD Research/Pairwise Approach/RP/qsar_data_unsorted/data_CHEMBL4198.csv,data_CHEMBL4198.csv,"(771, 854)",771,854,0.324254215,/home/iris/PA/qsar_data_unsorted/data_CHEMBL4198.csv,,,
826,826,/Users/dangoo/My documents/PhD Research/Pairwise Approach/RP/qsar_data_unsorted/data_CHEMBL3884.csv,data_CHEMBL3884.csv,"(774, 608)",774,608,0.033591731,/home/iris/PA/qsar_data_unsorted/data_CHEMBL3884.csv,,,
1089,1089,/Users/dangoo/My documents/PhD Research/Pairwise Approach/RP/qsar_data_unsorted/data_CHEMBL3247.csv,data_CHEMBL3247.csv,"(777, 622)",777,622,0.020592021,/home/iris/PA/qsar_data_unsorted/data_CHEMBL3247.csv,,,
275,275,/Users/dangoo/My documents/PhD Research/Pairwise Approach/RP/qsar_data_unsorted/data_CHEMBL3788.csv,data_CHEMBL3788.csv,"(778, 913)",778,913,0.474293059,/home/iris/PA/qsar_data_unsorted/data_CHEMBL3788.csv,,,
1261,1261,/Users/dangoo/My documents/PhD Research/Pairwise Approach/RP/qsar_data_unsorted/data_CHEMBL202.csv,data_CHEMBL202.csv,"(778, 625)",778,625,0.029562982,/home/iris/PA/qsar_data_unsorted/data_CHEMBL202.csv,,,
1560,1560,/Users/dangoo/My documents/PhD Research/Pairwise Approach/RP/qsar_data_unsorted/data_CHEMBL3032.csv,data_CHEMBL3032.csv,"(782, 914)",782,914,0.469309463,/home/iris/PA/qsar_data_unsorted/data_CHEMBL3032.csv,,,
1786,1786,/Users/dangoo/My documents/PhD Research/Pairwise Approach/RP/qsar_data_unsorted/data_CHEMBL5469.csv,data_CHEMBL5469.csv,"(785, 936)",785,936,0.45477707,/home/iris/PA/qsar_data_unsorted/data_CHEMBL5469.csv,,,
437,437,/Users/dangoo/My documents/PhD Research/Pairwise Approach/RP/qsar_data_unsorted/data_CHEMBL2094126.csv,data_CHEMBL2094126.csv,"(789, 730)",789,730,0.08365019,/home/iris/PA/qsar_data_unsorted/data_CHEMBL2094126.csv,,,
1938,1938,/Users/dangoo/My documents/PhD Research/Pairwise Approach/RP/qsar_data_unsorted/data_CHEMBL3009.csv,data_CHEMBL3009.csv,"(789, 918)",789,918,0.709759189,/home/iris/PA/qsar_data_unsorted/data_CHEMBL3009.csv,,,
1895,1895,/Users/dangoo/My documents/PhD Research/Pairwise Approach/RP/qsar_data_unsorted/data_CHEMBL2049.csv,data_CHEMBL2049.csv,"(794, 749)",794,749,0.091939547,/home/iris/PA/qsar_data_unsorted/data_CHEMBL2049.csv,,,
261,261,/Users/dangoo/My documents/PhD Research/Pairwise Approach/RP/qsar_data_unsorted/data_CHEMBL2284.csv,data_CHEMBL2284.csv,"(798, 770)",798,770,0.705513784,/home/iris/PA/qsar_data_unsorted/data_CHEMBL2284.csv,,,
1511,1511,/Users/dangoo/My documents/PhD Research/Pairwise Approach/RP/qsar_data_unsorted/data_CHEMBL4128.csv,data_CHEMBL4128.csv,"(800, 836)",800,836,0.105,/home/iris/PA/qsar_data_unsorted/data_CHEMBL4128.csv,,,
472,472,/Users/dangoo/My documents/PhD Research/Pairwise Approach/RP/qsar_data_unsorted/data_CHEMBL3572.csv,data_CHEMBL3572.csv,"(801, 630)",801,630,0.033707865,/home/iris/PA/qsar_data_unsorted/data_CHEMBL3572.csv,,,
608,608,/Users/dangoo/My documents/PhD Research/Pairwise Approach/RP/qsar_data_unsorted/data_CHEMBL4552.csv,data_CHEMBL4552.csv,"(801, 524)",801,524,0.029962547,/home/iris/PA/qsar_data_unsorted/data_CHEMBL4552.csv,,,
451,451,/Users/dangoo/My documents/PhD Research/Pairwise Approach/RP/qsar_data_unsorted/data_CHEMBL330.csv,data_CHEMBL330.csv,"(802, 749)",802,749,0.086034913,/home/iris/PA/qsar_data_unsorted/data_CHEMBL330.csv,,,
1052,1052,/Users/dangoo/My documents/PhD Research/Pairwise Approach/RP/qsar_data_unsorted/data_CHEMBL4900.csv,data_CHEMBL4900.csv,"(804, 924)",804,924,0.536069652,/home/iris/PA/qsar_data_unsorted/data_CHEMBL4900.csv,,,
704,704,/Users/dangoo/My documents/PhD Research/Pairwise Approach/RP/qsar_data_unsorted/data_CHEMBL1293313.csv,data_CHEMBL1293313.csv,"(806, 920)",806,920,0.037220844,/home/iris/PA/qsar_data_unsorted/data_CHEMBL1293313.csv,,,
1289,1289,/Users/dangoo/My documents/PhD Research/Pairwise Approach/RP/qsar_data_unsorted/data_CHEMBL4674.csv,data_CHEMBL4674.csv,"(810, 926)",810,926,0.735802469,/home/iris/PA/qsar_data_unsorted/data_CHEMBL4674.csv,,,
870,870,/Users/dangoo/My documents/PhD Research/Pairwise Approach/RP/qsar_data_unsorted/data_CHEMBL5407.csv,data_CHEMBL5407.csv,"(811, 918)",811,918,0.440197287,/home/iris/PA/qsar_data_unsorted/data_CHEMBL5407.csv,,,
1634,1634,/Users/dangoo/My documents/PhD Research/Pairwise Approach/RP/qsar_data_unsorted/data_CHEMBL4600.csv,data_CHEMBL4600.csv,"(813, 923)",813,923,0.843788438,/home/iris/PA/qsar_data_unsorted/data_CHEMBL4600.csv,,,
1842,1842,/Users/dangoo/My documents/PhD Research/Pairwise Approach/RP/qsar_data_unsorted/data_CHEMBL1804.csv,data_CHEMBL1804.csv,"(818, 599)",818,599,0.19193154,/home/iris/PA/qsar_data_unsorted/data_CHEMBL1804.csv,,,
620,620,/Users/dangoo/My documents/PhD Research/Pairwise Approach/RP/qsar_data_unsorted/data_CHEMBL5818.csv,data_CHEMBL5818.csv,"(819, 933)",819,933,0.371184371,/home/iris/PA/qsar_data_unsorted/data_CHEMBL5818.csv,,,
735,735,/Users/dangoo/My documents/PhD Research/Pairwise Approach/RP/qsar_data_unsorted/data_CHEMBL5600.csv,data_CHEMBL5600.csv,"(821, 925)",821,925,0.510353228,/home/iris/PA/qsar_data_unsorted/data_CHEMBL5600.csv,,,
1919,1919,/Users/dangoo/My documents/PhD Research/Pairwise Approach/RP/qsar_data_unsorted/data_CHEMBL1741179.csv,data_CHEMBL1741179.csv,"(826, 921)",826,921,0.326876513,/home/iris/PA/qsar_data_unsorted/data_CHEMBL1741179.csv,,,
1296,1296,/Users/dangoo/My documents/PhD Research/Pairwise Approach/RP/qsar_data_unsorted/data_CHEMBL1293319.csv,data_CHEMBL1293319.csv,"(833, 973)",833,973,0.004801921,/home/iris/PA/qsar_data_unsorted/data_CHEMBL1293319.csv,,,
1793,1793,/Users/dangoo/My documents/PhD Research/Pairwise Approach/RP/qsar_data_unsorted/data_CHEMBL2094116.csv,data_CHEMBL2094116.csv,"(834, 639)",834,639,0.081534772,/home/iris/PA/qsar_data_unsorted/data_CHEMBL2094116.csv,,,
1316,1316,/Users/dangoo/My documents/PhD Research/Pairwise Approach/RP/qsar_data_unsorted/data_CHEMBL4516.csv,data_CHEMBL4516.csv,"(836, 932)",836,932,0.694976077,/home/iris/PA/qsar_data_unsorted/data_CHEMBL4516.csv,,,
92,92,/Users/dangoo/My documents/PhD Research/Pairwise Approach/RP/qsar_data_unsorted/data_CHEMBL3358.csv,data_CHEMBL3358.csv,"(837, 632)",837,632,0.081242533,/home/iris/PA/qsar_data_unsorted/data_CHEMBL3358.csv,,,
399,399,/Users/dangoo/My documents/PhD Research/Pairwise Approach/RP/qsar_data_unsorted/data_CHEMBL2068.csv,data_CHEMBL2068.csv,"(837, 933)",837,933,0.556750299,/home/iris/PA/qsar_data_unsorted/data_CHEMBL2068.csv,,,
910,910,/Users/dangoo/My documents/PhD Research/Pairwise Approach/RP/qsar_data_unsorted/data_CHEMBL4308.csv,data_CHEMBL4308.csv,"(838, 644)",838,644,0.099045346,/home/iris/PA/qsar_data_unsorted/data_CHEMBL4308.csv,,,
372,372,/Users/dangoo/My documents/PhD Research/Pairwise Approach/RP/qsar_data_unsorted/data_CHEMBL1945.csv,data_CHEMBL1945.csv,"(842, 540)",842,540,0.049881235,/home/iris/PA/qsar_data_unsorted/data_CHEMBL1945.csv,,,
229,229,/Users/dangoo/My documents/PhD Research/Pairwise Approach/RP/qsar_data_unsorted/data_CHEMBL2939.csv,data_CHEMBL2939.csv,"(843, 929)",843,929,0.693950178,/home/iris/PA/qsar_data_unsorted/data_CHEMBL2939.csv,,,
658,658,/Users/dangoo/My documents/PhD Research/Pairwise Approach/RP/qsar_data_unsorted/data_CHEMBL4441.csv,data_CHEMBL4441.csv,"(847, 653)",847,653,0.036599764,/home/iris/PA/qsar_data_unsorted/data_CHEMBL4441.csv,,,
655,655,/Users/dangoo/My documents/PhD Research/Pairwise Approach/RP/qsar_data_unsorted/data_CHEMBL5763.csv,data_CHEMBL5763.csv,"(852, 705)",852,705,0.031690141,/home/iris/PA/qsar_data_unsorted/data_CHEMBL5763.csv,,,
1113,1113,/Users/dangoo/My documents/PhD Research/Pairwise Approach/RP/qsar_data_unsorted/data_CHEMBL3910.csv,data_CHEMBL3910.csv,"(859, 709)",859,709,0.040745052,/home/iris/PA/qsar_data_unsorted/data_CHEMBL3910.csv,,,
1963,1963,/Users/dangoo/My documents/PhD Research/Pairwise Approach/RP/qsar_data_unsorted/data_CHEMBL3553.csv,data_CHEMBL3553.csv,"(862, 917)",862,917,0.588167053,/home/iris/PA/qsar_data_unsorted/data_CHEMBL3553.csv,,,
405,405,/Users/dangoo/My documents/PhD Research/Pairwise Approach/RP/qsar_data_unsorted/data_CHEMBL3438.csv,data_CHEMBL3438.csv,"(864, 925)",864,925,0.761574074,/home/iris/PA/qsar_data_unsorted/data_CHEMBL3438.csv,,,
1519,1519,/Users/dangoo/My documents/PhD Research/Pairwise Approach/RP/qsar_data_unsorted/data_CHEMBL1865.csv,data_CHEMBL1865.csv,"(864, 724)",864,724,0.059027778,/home/iris/PA/qsar_data_unsorted/data_CHEMBL1865.csv,,,
586,586,/Users/dangoo/My documents/PhD Research/Pairwise Approach/RP/qsar_data_unsorted/data_CHEMBL2094125.csv,data_CHEMBL2094125.csv,"(865, 778)",865,778,0.112138728,/home/iris/PA/qsar_data_unsorted/data_CHEMBL2094125.csv,,,
927,927,/Users/dangoo/My documents/PhD Research/Pairwise Approach/RP/qsar_data_unsorted/data_CHEMBL4644.csv,data_CHEMBL4644.csv,"(866, 618)",866,618,0.084295612,/home/iris/PA/qsar_data_unsorted/data_CHEMBL4644.csv,,,
20,20,/Users/dangoo/My documents/PhD Research/Pairwise Approach/RP/qsar_data_unsorted/data_CHEMBL4581.csv,data_CHEMBL4581.csv,"(876, 698)",876,698,0.038812785,/home/iris/PA/qsar_data_unsorted/data_CHEMBL4581.csv,,,
1343,1343,/Users/dangoo/My documents/PhD Research/Pairwise Approach/RP/qsar_data_unsorted/data_CHEMBL1867.csv,data_CHEMBL1867.csv,"(877, 861)",877,861,0.07981756,/home/iris/PA/qsar_data_unsorted/data_CHEMBL1867.csv,,,
1221,1221,/Users/dangoo/My documents/PhD Research/Pairwise Approach/RP/qsar_data_unsorted/data_CHEMBL1889.csv,data_CHEMBL1889.csv,"(878, 775)",878,775,0.050113895,/home/iris/PA/qsar_data_unsorted/data_CHEMBL1889.csv,,,
1005,1005,/Users/dangoo/My documents/PhD Research/Pairwise Approach/RP/qsar_data_unsorted/data_CHEMBL3471.csv,data_CHEMBL3471.csv,"(881, 859)",881,859,0.167990919,/home/iris/PA/qsar_data_unsorted/data_CHEMBL3471.csv,,,
967,967,/Users/dangoo/My documents/PhD Research/Pairwise Approach/RP/qsar_data_unsorted/data_CHEMBL2828.csv,data_CHEMBL2828.csv,"(882, 934)",882,934,0.443310658,/home/iris/PA/qsar_data_unsorted/data_CHEMBL2828.csv,,,
747,747,/Users/dangoo/My documents/PhD Research/Pairwise Approach/RP/qsar_data_unsorted/data_CHEMBL4708.csv,data_CHEMBL4708.csv,"(886, 930)",886,930,0.469525959,/home/iris/PA/qsar_data_unsorted/data_CHEMBL4708.csv,,,
1198,1198,/Users/dangoo/My documents/PhD Research/Pairwise Approach/RP/qsar_data_unsorted/data_CHEMBL4501.csv,data_CHEMBL4501.csv,"(887, 952)",887,952,0.373167982,/home/iris/PA/qsar_data_unsorted/data_CHEMBL4501.csv,,,
644,644,/Users/dangoo/My documents/PhD Research/Pairwise Approach/RP/qsar_data_unsorted/data_CHEMBL3892.csv,data_CHEMBL3892.csv,"(889, 736)",889,736,0.202474691,/home/iris/PA/qsar_data_unsorted/data_CHEMBL3892.csv,,,
1956,1956,/Users/dangoo/My documents/PhD Research/Pairwise Approach/RP/qsar_data_unsorted/data_CHEMBL4566.csv,data_CHEMBL4566.csv,"(891, 679)",891,679,0.022446689,/home/iris/PA/qsar_data_unsorted/data_CHEMBL4566.csv,,,
102,102,/Users/dangoo/My documents/PhD Research/Pairwise Approach/RP/qsar_data_unsorted/data_CHEMBL3199.csv,data_CHEMBL3199.csv,"(894, 660)",894,660,0.061521253,/home/iris/PA/qsar_data_unsorted/data_CHEMBL3199.csv,,,
1576,1576,/Users/dangoo/My documents/PhD Research/Pairwise Approach/RP/qsar_data_unsorted/data_CHEMBL5251.csv,data_CHEMBL5251.csv,"(894, 951)",894,951,0.37360179,/home/iris/PA/qsar_data_unsorted/data_CHEMBL5251.csv,,,
525,525,/Users/dangoo/My documents/PhD Research/Pairwise Approach/RP/qsar_data_unsorted/data_CHEMBL2056.csv,data_CHEMBL2056.csv,"(895, 792)",895,792,0.163128492,/home/iris/PA/qsar_data_unsorted/data_CHEMBL2056.csv,,,
357,357,/Users/dangoo/My documents/PhD Research/Pairwise Approach/RP/qsar_data_unsorted/data_CHEMBL2243.csv,data_CHEMBL2243.csv,"(898, 644)",898,644,0.03674833,/home/iris/PA/qsar_data_unsorted/data_CHEMBL2243.csv,,,
889,889,/Users/dangoo/My documents/PhD Research/Pairwise Approach/RP/qsar_data_unsorted/data_CHEMBL1907589.csv,data_CHEMBL1907589.csv,"(898, 711)",898,711,0.10467706,/home/iris/PA/qsar_data_unsorted/data_CHEMBL1907589.csv,,,
974,974,/Users/dangoo/My documents/PhD Research/Pairwise Approach/RP/qsar_data_unsorted/data_CHEMBL3920.csv,data_CHEMBL3920.csv,"(899, 913)",899,913,0.159065628,/home/iris/PA/qsar_data_unsorted/data_CHEMBL3920.csv,,,
567,567,/Users/dangoo/My documents/PhD Research/Pairwise Approach/RP/qsar_data_unsorted/data_CHEMBL3836.csv,data_CHEMBL3836.csv,"(903, 945)",903,945,0.365448505,/home/iris/PA/qsar_data_unsorted/data_CHEMBL3836.csv,,,
1456,1456,/Users/dangoo/My documents/PhD Research/Pairwise Approach/RP/qsar_data_unsorted/data_CHEMBL4897.csv,data_CHEMBL4897.csv,"(906, 931)",906,931,0.543046358,/home/iris/PA/qsar_data_unsorted/data_CHEMBL4897.csv,,,
1495,1495,/Users/dangoo/My documents/PhD Research/Pairwise Approach/RP/qsar_data_unsorted/data_CHEMBL2001.csv,data_CHEMBL2001.csv,"(906, 632)",906,632,0.050772627,/home/iris/PA/qsar_data_unsorted/data_CHEMBL2001.csv,,,
794,794,/Users/dangoo/My documents/PhD Research/Pairwise Approach/RP/qsar_data_unsorted/data_CHEMBL4481.csv,data_CHEMBL4481.csv,"(913, 761)",913,761,0.052573932,/home/iris/PA/qsar_data_unsorted/data_CHEMBL4481.csv,,,
1181,1181,/Users/dangoo/My documents/PhD Research/Pairwise Approach/RP/qsar_data_unsorted/data_CHEMBL3905.csv,data_CHEMBL3905.csv,"(919, 930)",919,930,0.430903156,/home/iris/PA/qsar_data_unsorted/data_CHEMBL3905.csv,,,
271,271,/Users/dangoo/My documents/PhD Research/Pairwise Approach/RP/qsar_data_unsorted/data_CHEMBL1835.csv,data_CHEMBL1835.csv,"(923, 784)",923,784,0.046587216,/home/iris/PA/qsar_data_unsorted/data_CHEMBL1835.csv,,,
1706,1706,/Users/dangoo/My documents/PhD Research/Pairwise Approach/RP/qsar_data_unsorted/data_CHEMBL1801.csv,data_CHEMBL1801.csv,"(927, 821)",927,821,0.081984898,/home/iris/PA/qsar_data_unsorted/data_CHEMBL1801.csv,,,
1829,1829,/Users/dangoo/My documents/PhD Research/Pairwise Approach/RP/qsar_data_unsorted/data_CHEMBL3587.csv,data_CHEMBL3587.csv,"(927, 924)",927,924,0.166127292,/home/iris/PA/qsar_data_unsorted/data_CHEMBL3587.csv,,,
508,508,/Users/dangoo/My documents/PhD Research/Pairwise Approach/RP/qsar_data_unsorted/data_CHEMBL5261.csv,data_CHEMBL5261.csv,"(929, 952)",929,952,0.372443488,/home/iris/PA/qsar_data_unsorted/data_CHEMBL5261.csv,,,
1473,1473,/Users/dangoo/My documents/PhD Research/Pairwise Approach/RP/qsar_data_unsorted/data_CHEMBL4471.csv,data_CHEMBL4471.csv,"(935, 899)",935,899,0.062032086,/home/iris/PA/qsar_data_unsorted/data_CHEMBL4471.csv,,,
1561,1561,/Users/dangoo/My documents/PhD Research/Pairwise Approach/RP/qsar_data_unsorted/data_CHEMBL5443.csv,data_CHEMBL5443.csv,"(935, 876)",935,876,0.411764706,/home/iris/PA/qsar_data_unsorted/data_CHEMBL5443.csv,,,
813,813,/Users/dangoo/My documents/PhD Research/Pairwise Approach/RP/qsar_data_unsorted/data_CHEMBL2595.csv,data_CHEMBL2595.csv,"(937, 948)",937,948,0.287086446,/home/iris/PA/qsar_data_unsorted/data_CHEMBL2595.csv,,,
52,52,/Users/dangoo/My documents/PhD Research/Pairwise Approach/RP/qsar_data_unsorted/data_CHEMBL3629.csv,data_CHEMBL3629.csv,"(939, 939)",939,939,0.53887114,/home/iris/PA/qsar_data_unsorted/data_CHEMBL3629.csv,,,
98,98,/Users/dangoo/My documents/PhD Research/Pairwise Approach/RP/qsar_data_unsorted/data_CHEMBL2146304.csv,data_CHEMBL2146304.csv,"(940, 994)",940,994,0.307446809,/home/iris/PA/qsar_data_unsorted/data_CHEMBL2146304.csv,,,
118,118,/Users/dangoo/My documents/PhD Research/Pairwise Approach/RP/qsar_data_unsorted/data_CHEMBL1741176.csv,data_CHEMBL1741176.csv,"(940, 994)",940,994,0.486170213,/home/iris/PA/qsar_data_unsorted/data_CHEMBL1741176.csv,,,
846,846,/Users/dangoo/My documents/PhD Research/Pairwise Approach/RP/qsar_data_unsorted/data_CHEMBL3066.csv,data_CHEMBL3066.csv,"(940, 701)",940,701,0.024468085,/home/iris/PA/qsar_data_unsorted/data_CHEMBL3066.csv,,,
281,281,/Users/dangoo/My documents/PhD Research/Pairwise Approach/RP/qsar_data_unsorted/data_CHEMBL2327.csv,data_CHEMBL2327.csv,"(941, 815)",941,815,0.049946865,/home/iris/PA/qsar_data_unsorted/data_CHEMBL2327.csv,,,
1498,1498,/Users/dangoo/My documents/PhD Research/Pairwise Approach/RP/qsar_data_unsorted/data_CHEMBL4302.csv,data_CHEMBL4302.csv,"(944, 839)",944,839,0.058262712,/home/iris/PA/qsar_data_unsorted/data_CHEMBL4302.csv,,,
400,400,/Users/dangoo/My documents/PhD Research/Pairwise Approach/RP/qsar_data_unsorted/data_CHEMBL2094250.csv,data_CHEMBL2094250.csv,"(948, 758)",948,758,0.070675105,/home/iris/PA/qsar_data_unsorted/data_CHEMBL2094250.csv,,,
588,588,/Users/dangoo/My documents/PhD Research/Pairwise Approach/RP/qsar_data_unsorted/data_CHEMBL5314.csv,data_CHEMBL5314.csv,"(948, 942)",948,942,0.4092827,/home/iris/PA/qsar_data_unsorted/data_CHEMBL5314.csv,,,
1808,1808,/Users/dangoo/My documents/PhD Research/Pairwise Approach/RP/qsar_data_unsorted/data_CHEMBL3568.csv,data_CHEMBL3568.csv,"(948, 729)",948,729,0.04535865,/home/iris/PA/qsar_data_unsorted/data_CHEMBL3568.csv,,,
1427,1427,/Users/dangoo/My documents/PhD Research/Pairwise Approach/RP/qsar_data_unsorted/data_CHEMBL3242.csv,data_CHEMBL3242.csv,"(949, 816)",949,816,0.009483667,/home/iris/PA/qsar_data_unsorted/data_CHEMBL3242.csv,,,
1651,1651,/Users/dangoo/My documents/PhD Research/Pairwise Approach/RP/qsar_data_unsorted/data_CHEMBL5330.csv,data_CHEMBL5330.csv,"(949, 948)",949,948,0.295047418,/home/iris/PA/qsar_data_unsorted/data_CHEMBL5330.csv,,,
233,233,/Users/dangoo/My documents/PhD Research/Pairwise Approach/RP/qsar_data_unsorted/data_CHEMBL2938.csv,data_CHEMBL2938.csv,"(955, 941)",955,941,0.596858639,/home/iris/PA/qsar_data_unsorted/data_CHEMBL2938.csv,,,
2076,2076,/Users/dangoo/My documents/PhD Research/Pairwise Approach/RP/qsar_data_unsorted/data_CHEMBL3778.csv,data_CHEMBL3778.csv,"(958, 928)",958,928,0.59394572,/home/iris/PA/qsar_data_unsorted/data_CHEMBL3778.csv,,,
368,368,/Users/dangoo/My documents/PhD Research/Pairwise Approach/RP/qsar_data_unsorted/data_CHEMBL1951.csv,data_CHEMBL1951.csv,"(963, 678)",963,678,0.030114226,/home/iris/PA/qsar_data_unsorted/data_CHEMBL1951.csv,,,
107,107,/Users/dangoo/My documents/PhD Research/Pairwise Approach/RP/qsar_data_unsorted/data_CHEMBL4153.csv,data_CHEMBL4153.csv,"(964, 572)",964,572,0.047717842,/home/iris/PA/qsar_data_unsorted/data_CHEMBL4153.csv,,,
629,629,/Users/dangoo/My documents/PhD Research/Pairwise Approach/RP/qsar_data_unsorted/data_CHEMBL4045.csv,data_CHEMBL4045.csv,"(969, 948)",969,948,0.268317853,/home/iris/PA/qsar_data_unsorted/data_CHEMBL4045.csv,,,
1549,1549,/Users/dangoo/My documents/PhD Research/Pairwise Approach/RP/qsar_data_unsorted/data_CHEMBL4588.csv,data_CHEMBL4588.csv,"(969, 664)",969,664,0.038183695,/home/iris/PA/qsar_data_unsorted/data_CHEMBL4588.csv,,,
907,907,/Users/dangoo/My documents/PhD Research/Pairwise Approach/RP/qsar_data_unsorted/data_CHEMBL227.csv,data_CHEMBL227.csv,"(974, 918)",974,918,0.103696099,/home/iris/PA/qsar_data_unsorted/data_CHEMBL227.csv,,,
1957,1957,/Users/dangoo/My documents/PhD Research/Pairwise Approach/RP/qsar_data_unsorted/data_CHEMBL5136.csv,data_CHEMBL5136.csv,"(979, 796)",979,796,0.017364658,/home/iris/PA/qsar_data_unsorted/data_CHEMBL5136.csv,,,
260,260,/Users/dangoo/My documents/PhD Research/Pairwise Approach/RP/qsar_data_unsorted/data_CHEMBL1955.csv,data_CHEMBL1955.csv,"(985, 950)",985,950,0.36751269,/home/iris/PA/qsar_data_unsorted/data_CHEMBL1955.csv,,,
144,144,/Users/dangoo/My documents/PhD Research/Pairwise Approach/RP/qsar_data_unsorted/data_CHEMBL4225.csv,data_CHEMBL4225.csv,"(987, 953)",987,953,0.246200608,/home/iris/PA/qsar_data_unsorted/data_CHEMBL4225.csv,,,
171,171,/Users/dangoo/My documents/PhD Research/Pairwise Approach/RP/qsar_data_unsorted/data_CHEMBL5313.csv,data_CHEMBL5313.csv,"(992, 1007)",992,1007,0.084677419,/home/iris/PA/qsar_data_unsorted/data_CHEMBL5313.csv,,,
1894,1894,/Users/dangoo/My documents/PhD Research/Pairwise Approach/RP/qsar_data_unsorted/data_CHEMBL265.csv,data_CHEMBL265.csv,"(992, 707)",992,707,0.154233871,/home/iris/PA/qsar_data_unsorted/data_CHEMBL265.csv,,,
5,5,/Users/dangoo/My documents/PhD Research/Pairwise Approach/RP/qsar_data_unsorted/data_CHEMBL1741215.csv,data_CHEMBL1741215.csv,"(993, 895)",993,895,0.197381672,/home/iris/PA/qsar_data_unsorted/data_CHEMBL1741215.csv,,,
322,322,/Users/dangoo/My documents/PhD Research/Pairwise Approach/RP/qsar_data_unsorted/data_CHEMBL1741213.csv,data_CHEMBL1741213.csv,"(993, 895)",993,895,0.175226586,/home/iris/PA/qsar_data_unsorted/data_CHEMBL1741213.csv,,,
1872,1872,/Users/dangoo/My documents/PhD Research/Pairwise Approach/RP/qsar_data_unsorted/data_CHEMBL2094258.csv,data_CHEMBL2094258.csv,"(994, 874)",994,874,0.019114688,/home/iris/PA/qsar_data_unsorted/data_CHEMBL2094258.csv,,,
769,769,/Users/dangoo/My documents/PhD Research/Pairwise Approach/RP/qsar_data_unsorted/data_CHEMBL4898.csv,data_CHEMBL4898.csv,"(998, 955)",998,955,0.486973948,/home/iris/PA/qsar_data_unsorted/data_CHEMBL4898.csv,,,
312,312,/Users/dangoo/My documents/PhD Research/Pairwise Approach/RP/qsar_data_unsorted/data_CHEMBL1741217.csv,data_CHEMBL1741217.csv,"(1001, 952)",1001,952,0.07992008,/home/iris/PA/qsar_data_unsorted/data_CHEMBL1741217.csv,,,
1313,1313,/Users/dangoo/My documents/PhD Research/Pairwise Approach/RP/qsar_data_unsorted/data_CHEMBL3286.csv,data_CHEMBL3286.csv,"(1002, 788)",1002,788,0.038922156,/home/iris/PA/qsar_data_unsorted/data_CHEMBL3286.csv,,,
2030,2030,/Users/dangoo/My documents/PhD Research/Pairwise Approach/RP/qsar_data_unsorted/data_CHEMBL299.csv,data_CHEMBL299.csv,"(1003, 877)",1003,877,0.06779661,/home/iris/PA/qsar_data_unsorted/data_CHEMBL299.csv,,,
1393,1393,/Users/dangoo/My documents/PhD Research/Pairwise Approach/RP/qsar_data_unsorted/data_CHEMBL2599.csv,data_CHEMBL2599.csv,"(1004, 921)",1004,921,0.391434263,/home/iris/PA/qsar_data_unsorted/data_CHEMBL2599.csv,,,
167,167,/Users/dangoo/My documents/PhD Research/Pairwise Approach/RP/qsar_data_unsorted/data_CHEMBL2468.csv,data_CHEMBL2468.csv,"(1007, 956)",1007,956,0.39225422,/home/iris/PA/qsar_data_unsorted/data_CHEMBL2468.csv,,,
1798,1798,/Users/dangoo/My documents/PhD Research/Pairwise Approach/RP/qsar_data_unsorted/data_CHEMBL1795098.csv,data_CHEMBL1795098.csv,"(1010, 965)",1010,965,0.010891089,/home/iris/PA/qsar_data_unsorted/data_CHEMBL1795098.csv,,,
1986,1986,/Users/dangoo/My documents/PhD Research/Pairwise Approach/RP/qsar_data_unsorted/data_CHEMBL2093871.csv,data_CHEMBL2093871.csv,"(1016, 816)",1016,816,0.135826772,/home/iris/PA/qsar_data_unsorted/data_CHEMBL2093871.csv,,,
1451,1451,/Users/dangoo/My documents/PhD Research/Pairwise Approach/RP/qsar_data_unsorted/data_CHEMBL2564.csv,data_CHEMBL2564.csv,"(1023, 679)",1023,679,0.078201369,/home/iris/PA/qsar_data_unsorted/data_CHEMBL2564.csv,,,
380,380,/Users/dangoo/My documents/PhD Research/Pairwise Approach/RP/qsar_data_unsorted/data_CHEMBL2041.csv,data_CHEMBL2041.csv,"(1024, 955)",1024,955,0.249023438,/home/iris/PA/qsar_data_unsorted/data_CHEMBL2041.csv,,,
581,581,/Users/dangoo/My documents/PhD Research/Pairwise Approach/RP/qsar_data_unsorted/data_CHEMBL4793.csv,data_CHEMBL4793.csv,"(1024, 790)",1024,790,0.33203125,/home/iris/PA/qsar_data_unsorted/data_CHEMBL4793.csv,,,
1788,1788,/Users/dangoo/My documents/PhD Research/Pairwise Approach/RP/qsar_data_unsorted/data_CHEMBL4777.csv,data_CHEMBL4777.csv,"(1030, 932)",1030,932,0.067961165,/home/iris/PA/qsar_data_unsorted/data_CHEMBL4777.csv,,,
672,672,/Users/dangoo/My documents/PhD Research/Pairwise Approach/RP/qsar_data_unsorted/data_CHEMBL5979.csv,data_CHEMBL5979.csv,"(1038, 947)",1038,947,0.380539499,/home/iris/PA/qsar_data_unsorted/data_CHEMBL5979.csv,,,
199,199,/Users/dangoo/My documents/PhD Research/Pairwise Approach/RP/qsar_data_unsorted/data_CHEMBL2534.csv,data_CHEMBL2534.csv,"(1042, 941)",1042,941,0.514395393,/home/iris/PA/qsar_data_unsorted/data_CHEMBL2534.csv,,,
2075,2075,/Users/dangoo/My documents/PhD Research/Pairwise Approach/RP/qsar_data_unsorted/data_CHEMBL6166.csv,data_CHEMBL6166.csv,"(1044, 952)",1044,952,0.170498084,/home/iris/PA/qsar_data_unsorted/data_CHEMBL6166.csv,,,
1980,1980,/Users/dangoo/My documents/PhD Research/Pairwise Approach/RP/qsar_data_unsorted/data_CHEMBL4980.csv,data_CHEMBL4980.csv,"(1045, 732)",1045,732,0.067942584,/home/iris/PA/qsar_data_unsorted/data_CHEMBL4980.csv,,,
1710,1710,/Users/dangoo/My documents/PhD Research/Pairwise Approach/RP/qsar_data_unsorted/data_CHEMBL3145.csv,data_CHEMBL3145.csv,"(1056, 887)",1056,887,0.096590909,/home/iris/PA/qsar_data_unsorted/data_CHEMBL3145.csv,,,
409,409,/Users/dangoo/My documents/PhD Research/Pairwise Approach/RP/qsar_data_unsorted/data_CHEMBL3835.csv,data_CHEMBL3835.csv,"(1058, 957)",1058,957,0.541587902,/home/iris/PA/qsar_data_unsorted/data_CHEMBL3835.csv,,,
1694,1694,/Users/dangoo/My documents/PhD Research/Pairwise Approach/RP/qsar_data_unsorted/data_CHEMBL2094117.csv,data_CHEMBL2094117.csv,"(1069, 740)",1069,740,0.041159963,/home/iris/PA/qsar_data_unsorted/data_CHEMBL2094117.csv,,,
520,520,/Users/dangoo/My documents/PhD Research/Pairwise Approach/RP/qsar_data_unsorted/data_CHEMBL4816.csv,data_CHEMBL4816.csv,"(1070, 954)",1070,954,0.617757009,/home/iris/PA/qsar_data_unsorted/data_CHEMBL4816.csv,,,
325,325,/Users/dangoo/My documents/PhD Research/Pairwise Approach/RP/qsar_data_unsorted/data_CHEMBL1741207.csv,data_CHEMBL1741207.csv,"(1071, 928)",1071,928,0.197945845,/home/iris/PA/qsar_data_unsorted/data_CHEMBL1741207.csv,,,
1324,1324,/Users/dangoo/My documents/PhD Research/Pairwise Approach/RP/qsar_data_unsorted/data_CHEMBL1907609.csv,data_CHEMBL1907609.csv,"(1075, 773)",1075,773,0.049302326,/home/iris/PA/qsar_data_unsorted/data_CHEMBL1907609.csv,,,
1821,1821,/Users/dangoo/My documents/PhD Research/Pairwise Approach/RP/qsar_data_unsorted/data_CHEMBL3222.csv,data_CHEMBL3222.csv,"(1085, 706)",1085,706,0.069124424,/home/iris/PA/qsar_data_unsorted/data_CHEMBL3222.csv,,,
821,821,/Users/dangoo/My documents/PhD Research/Pairwise Approach/RP/qsar_data_unsorted/data_CHEMBL1293264.csv,data_CHEMBL1293264.csv,"(1086, 975)",1086,975,0.305709024,/home/iris/PA/qsar_data_unsorted/data_CHEMBL1293264.csv,,,
700,700,/Users/dangoo/My documents/PhD Research/Pairwise Approach/RP/qsar_data_unsorted/data_CHEMBL1841.csv,data_CHEMBL1841.csv,"(1088, 974)",1088,974,0.338235294,/home/iris/PA/qsar_data_unsorted/data_CHEMBL1841.csv,,,
1627,1627,/Users/dangoo/My documents/PhD Research/Pairwise Approach/RP/qsar_data_unsorted/data_CHEMBL1741194.csv,data_CHEMBL1741194.csv,"(1088, 978)",1088,978,0.030330882,/home/iris/PA/qsar_data_unsorted/data_CHEMBL1741194.csv,,,
908,908,/Users/dangoo/My documents/PhD Research/Pairwise Approach/RP/qsar_data_unsorted/data_CHEMBL3473.csv,data_CHEMBL3473.csv,"(1100, 724)",1100,724,0.020909091,/home/iris/PA/qsar_data_unsorted/data_CHEMBL3473.csv,,,
572,572,/Users/dangoo/My documents/PhD Research/Pairwise Approach/RP/qsar_data_unsorted/data_CHEMBL2527.csv,data_CHEMBL2527.csv,"(1102, 940)",1102,940,0.252268603,/home/iris/PA/qsar_data_unsorted/data_CHEMBL2527.csv,,,
599,599,/Users/dangoo/My documents/PhD Research/Pairwise Approach/RP/qsar_data_unsorted/data_CHEMBL5102.csv,data_CHEMBL5102.csv,"(1102, 742)",1102,742,0.043557169,/home/iris/PA/qsar_data_unsorted/data_CHEMBL5102.csv,,,
852,852,/Users/dangoo/My documents/PhD Research/Pairwise Approach/RP/qsar_data_unsorted/data_CHEMBL4523.csv,data_CHEMBL4523.csv,"(1103, 939)",1103,939,0.441523119,/home/iris/PA/qsar_data_unsorted/data_CHEMBL4523.csv,,,
162,162,/Users/dangoo/My documents/PhD Research/Pairwise Approach/RP/qsar_data_unsorted/data_CHEMBL2695.csv,data_CHEMBL2695.csv,"(1107, 961)",1107,961,0.296296296,/home/iris/PA/qsar_data_unsorted/data_CHEMBL2695.csv,,,
1813,1813,/Users/dangoo/My documents/PhD Research/Pairwise Approach/RP/qsar_data_unsorted/data_CHEMBL4203.csv,data_CHEMBL4203.csv,"(1116, 966)",1116,966,0.157706093,/home/iris/PA/qsar_data_unsorted/data_CHEMBL4203.csv,,,
1174,1174,/Users/dangoo/My documents/PhD Research/Pairwise Approach/RP/qsar_data_unsorted/data_CHEMBL3130.csv,data_CHEMBL3130.csv,"(1119, 912)",1119,912,0.079535299,/home/iris/PA/qsar_data_unsorted/data_CHEMBL3130.csv,,,
873,873,/Users/dangoo/My documents/PhD Research/Pairwise Approach/RP/qsar_data_unsorted/data_CHEMBL5375.csv,data_CHEMBL5375.csv,"(1133, 822)",1133,822,0.046778464,/home/iris/PA/qsar_data_unsorted/data_CHEMBL5375.csv,,,
390,390,/Users/dangoo/My documents/PhD Research/Pairwise Approach/RP/qsar_data_unsorted/data_CHEMBL2069.csv,data_CHEMBL2069.csv,"(1135, 788)",1135,788,0.045814978,/home/iris/PA/qsar_data_unsorted/data_CHEMBL2069.csv,,,
1924,1924,/Users/dangoo/My documents/PhD Research/Pairwise Approach/RP/qsar_data_unsorted/data_CHEMBL3948.csv,data_CHEMBL3948.csv,"(1135, 768)",1135,768,0.018502203,/home/iris/PA/qsar_data_unsorted/data_CHEMBL3948.csv,,,
1282,1282,/Users/dangoo/My documents/PhD Research/Pairwise Approach/RP/qsar_data_unsorted/data_CHEMBL1293251.csv,data_CHEMBL1293251.csv,"(1155, 985)",1155,985,0.012121212,/home/iris/PA/qsar_data_unsorted/data_CHEMBL1293251.csv,,,
1704,1704,/Users/dangoo/My documents/PhD Research/Pairwise Approach/RP/qsar_data_unsorted/data_CHEMBL2093863.csv,data_CHEMBL2093863.csv,"(1156, 853)",1156,853,0.022491349,/home/iris/PA/qsar_data_unsorted/data_CHEMBL2093863.csv,,,
665,665,/Users/dangoo/My documents/PhD Research/Pairwise Approach/RP/qsar_data_unsorted/data_CHEMBL4482.csv,data_CHEMBL4482.csv,"(1157, 970)",1157,970,0.631806396,/home/iris/PA/qsar_data_unsorted/data_CHEMBL4482.csv,,,
1020,1020,/Users/dangoo/My documents/PhD Research/Pairwise Approach/RP/qsar_data_unsorted/data_CHEMBL2949.csv,data_CHEMBL2949.csv,"(1158, 809)",1158,809,0.227979275,/home/iris/PA/qsar_data_unsorted/data_CHEMBL2949.csv,,,
500,500,/Users/dangoo/My documents/PhD Research/Pairwise Approach/RP/qsar_data_unsorted/data_CHEMBL4143.csv,data_CHEMBL4143.csv,"(1159, 994)",1159,994,0.20880069,/home/iris/PA/qsar_data_unsorted/data_CHEMBL4143.csv,,,
1244,1244,/Users/dangoo/My documents/PhD Research/Pairwise Approach/RP/qsar_data_unsorted/data_CHEMBL6089.csv,data_CHEMBL6089.csv,"(1159, 963)",1159,963,0.723037101,/home/iris/PA/qsar_data_unsorted/data_CHEMBL6089.csv,,,
1137,1137,/Users/dangoo/My documents/PhD Research/Pairwise Approach/RP/qsar_data_unsorted/data_CHEMBL2039.csv,data_CHEMBL2039.csv,"(1164, 675)",1164,675,0.024054983,/home/iris/PA/qsar_data_unsorted/data_CHEMBL2039.csv,,,
592,592,/Users/dangoo/My documents/PhD Research/Pairwise Approach/RP/qsar_data_unsorted/data_CHEMBL3759.csv,data_CHEMBL3759.csv,"(1171, 739)",1171,739,0.087959009,/home/iris/PA/qsar_data_unsorted/data_CHEMBL3759.csv,,,
1725,1725,/Users/dangoo/My documents/PhD Research/Pairwise Approach/RP/qsar_data_unsorted/data_CHEMBL1785.csv,data_CHEMBL1785.csv,"(1171, 708)",1171,708,0.047822374,/home/iris/PA/qsar_data_unsorted/data_CHEMBL1785.csv,,,
1912,1912,/Users/dangoo/My documents/PhD Research/Pairwise Approach/RP/qsar_data_unsorted/data_CHEMBL3155.csv,data_CHEMBL3155.csv,"(1171, 800)",1171,800,0.064901793,/home/iris/PA/qsar_data_unsorted/data_CHEMBL3155.csv,,,
971,971,/Users/dangoo/My documents/PhD Research/Pairwise Approach/RP/qsar_data_unsorted/data_CHEMBL4040.csv,data_CHEMBL4040.csv,"(1180, 962)",1180,962,0.455084746,/home/iris/PA/qsar_data_unsorted/data_CHEMBL4040.csv,,,
820,820,/Users/dangoo/My documents/PhD Research/Pairwise Approach/RP/qsar_data_unsorted/data_CHEMBL2581.csv,data_CHEMBL2581.csv,"(1187, 807)",1187,807,0.037910699,/home/iris/PA/qsar_data_unsorted/data_CHEMBL2581.csv,,,
1563,1563,/Users/dangoo/My documents/PhD Research/Pairwise Approach/RP/qsar_data_unsorted/data_CHEMBL2094128.csv,data_CHEMBL2094128.csv,"(1189, 846)",1189,846,0.077375946,/home/iris/PA/qsar_data_unsorted/data_CHEMBL2094128.csv,,,
1778,1778,/Users/dangoo/My documents/PhD Research/Pairwise Approach/RP/qsar_data_unsorted/data_CHEMBL3622.csv,data_CHEMBL3622.csv,"(1191, 986)",1191,986,0.14945424,/home/iris/PA/qsar_data_unsorted/data_CHEMBL3622.csv,,,
793,793,/Users/dangoo/My documents/PhD Research/Pairwise Approach/RP/qsar_data_unsorted/data_CHEMBL223.csv,data_CHEMBL223.csv,"(1194, 823)",1194,823,0.045226131,/home/iris/PA/qsar_data_unsorted/data_CHEMBL223.csv,,,
1806,1806,/Users/dangoo/My documents/PhD Research/Pairwise Approach/RP/qsar_data_unsorted/data_CHEMBL4561.csv,data_CHEMBL4561.csv,"(1199, 792)",1199,792,0.054211843,/home/iris/PA/qsar_data_unsorted/data_CHEMBL4561.csv,,,
212,212,/Users/dangoo/My documents/PhD Research/Pairwise Approach/RP/qsar_data_unsorted/data_CHEMBL5071.csv,data_CHEMBL5071.csv,"(1201, 716)",1201,716,0.019150708,/home/iris/PA/qsar_data_unsorted/data_CHEMBL5071.csv,,,
818,818,/Users/dangoo/My documents/PhD Research/Pairwise Approach/RP/qsar_data_unsorted/data_CHEMBL1907599.csv,data_CHEMBL1907599.csv,"(1203, 780)",1203,780,0.018287614,/home/iris/PA/qsar_data_unsorted/data_CHEMBL1907599.csv,,,
723,723,/Users/dangoo/My documents/PhD Research/Pairwise Approach/RP/qsar_data_unsorted/data_CHEMBL2637.csv,data_CHEMBL2637.csv,"(1211, 950)",1211,950,0.055326177,/home/iris/PA/qsar_data_unsorted/data_CHEMBL2637.csv,,,
1681,1681,/Users/dangoo/My documents/PhD Research/Pairwise Approach/RP/qsar_data_unsorted/data_CHEMBL2850.csv,data_CHEMBL2850.csv,"(1211, 977)",1211,977,0.277456647,/home/iris/PA/qsar_data_unsorted/data_CHEMBL2850.csv,,,
1339,1339,/Users/dangoo/My documents/PhD Research/Pairwise Approach/RP/qsar_data_unsorted/data_CHEMBL1898.csv,data_CHEMBL1898.csv,"(1236, 789)",1236,789,0.07605178,/home/iris/PA/qsar_data_unsorted/data_CHEMBL1898.csv,,,
583,583,/Users/dangoo/My documents/PhD Research/Pairwise Approach/RP/qsar_data_unsorted/data_CHEMBL1833.csv,data_CHEMBL1833.csv,"(1238, 866)",1238,866,0.071082391,/home/iris/PA/qsar_data_unsorted/data_CHEMBL1833.csv,,,
667,667,/Users/dangoo/My documents/PhD Research/Pairwise Approach/RP/qsar_data_unsorted/data_CHEMBL2959.csv,data_CHEMBL2959.csv,"(1238, 934)",1238,934,0.355411955,/home/iris/PA/qsar_data_unsorted/data_CHEMBL2959.csv,,,
617,617,/Users/dangoo/My documents/PhD Research/Pairwise Approach/RP/qsar_data_unsorted/data_CHEMBL4247.csv,data_CHEMBL4247.csv,"(1239, 956)",1239,956,0.226795803,/home/iris/PA/qsar_data_unsorted/data_CHEMBL4247.csv,,,
603,603,/Users/dangoo/My documents/PhD Research/Pairwise Approach/RP/qsar_data_unsorted/data_CHEMBL3229.csv,data_CHEMBL3229.csv,"(1240, 725)",1240,725,0.079032258,/home/iris/PA/qsar_data_unsorted/data_CHEMBL3229.csv,,,
1359,1359,/Users/dangoo/My documents/PhD Research/Pairwise Approach/RP/qsar_data_unsorted/data_CHEMBL1913.csv,data_CHEMBL1913.csv,"(1243, 931)",1243,931,0.088495575,/home/iris/PA/qsar_data_unsorted/data_CHEMBL1913.csv,,,
1449,1449,/Users/dangoo/My documents/PhD Research/Pairwise Approach/RP/qsar_data_unsorted/data_CHEMBL4101.csv,data_CHEMBL4101.csv,"(1246, 977)",1246,977,0.389245586,/home/iris/PA/qsar_data_unsorted/data_CHEMBL4101.csv,,,
196,196,/Users/dangoo/My documents/PhD Research/Pairwise Approach/RP/qsar_data_unsorted/data_CHEMBL1983.csv,data_CHEMBL1983.csv,"(1251, 811)",1251,811,0.044764189,/home/iris/PA/qsar_data_unsorted/data_CHEMBL1983.csv,,,
660,660,/Users/dangoo/My documents/PhD Research/Pairwise Approach/RP/qsar_data_unsorted/data_CHEMBL4333.csv,data_CHEMBL4333.csv,"(1255, 864)",1255,864,0.027091633,/home/iris/PA/qsar_data_unsorted/data_CHEMBL4333.csv,,,
159,159,/Users/dangoo/My documents/PhD Research/Pairwise Approach/RP/qsar_data_unsorted/data_CHEMBL2871.csv,data_CHEMBL2871.csv,"(1261, 753)",1261,753,0.053132435,/home/iris/PA/qsar_data_unsorted/data_CHEMBL2871.csv,,,
503,503,/Users/dangoo/My documents/PhD Research/Pairwise Approach/RP/qsar_data_unsorted/data_CHEMBL1991.csv,data_CHEMBL1991.csv,"(1266, 938)",1266,938,0.176935229,/home/iris/PA/qsar_data_unsorted/data_CHEMBL1991.csv,,,
731,731,/Users/dangoo/My documents/PhD Research/Pairwise Approach/RP/qsar_data_unsorted/data_CHEMBL3267.csv,data_CHEMBL3267.csv,"(1273, 897)",1273,897,0.117046347,/home/iris/PA/qsar_data_unsorted/data_CHEMBL3267.csv,,,
1874,1874,/Users/dangoo/My documents/PhD Research/Pairwise Approach/RP/qsar_data_unsorted/data_CHEMBL3356.csv,data_CHEMBL3356.csv,"(1275, 991)",1275,991,0.16627451,/home/iris/PA/qsar_data_unsorted/data_CHEMBL3356.csv,,,
593,593,/Users/dangoo/My documents/PhD Research/Pairwise Approach/RP/qsar_data_unsorted/data_CHEMBL4036.csv,data_CHEMBL4036.csv,"(1287, 980)",1287,980,0.411810412,/home/iris/PA/qsar_data_unsorted/data_CHEMBL4036.csv,,,
861,861,/Users/dangoo/My documents/PhD Research/Pairwise Approach/RP/qsar_data_unsorted/data_CHEMBL1907600.csv,data_CHEMBL1907600.csv,"(1292, 765)",1292,765,0.221362229,/home/iris/PA/qsar_data_unsorted/data_CHEMBL1907600.csv,,,
695,695,/Users/dangoo/My documents/PhD Research/Pairwise Approach/RP/qsar_data_unsorted/data_CHEMBL3105.csv,data_CHEMBL3105.csv,"(1295, 837)",1295,837,0.02007722,/home/iris/PA/qsar_data_unsorted/data_CHEMBL3105.csv,,,
673,673,/Users/dangoo/My documents/PhD Research/Pairwise Approach/RP/qsar_data_unsorted/data_CHEMBL209.csv,data_CHEMBL209.csv,"(1302, 856)",1302,856,0.05453149,/home/iris/PA/qsar_data_unsorted/data_CHEMBL209.csv,,,
1720,1720,/Users/dangoo/My documents/PhD Research/Pairwise Approach/RP/qsar_data_unsorted/data_CHEMBL4616.csv,data_CHEMBL4616.csv,"(1306, 743)",1306,743,0.052067381,/home/iris/PA/qsar_data_unsorted/data_CHEMBL4616.csv,,,
293,293,/Users/dangoo/My documents/PhD Research/Pairwise Approach/RP/qsar_data_unsorted/data_CHEMBL2146298.csv,data_CHEMBL2146298.csv,"(1311, 1001)",1311,1001,0.774980931,/home/iris/PA/qsar_data_unsorted/data_CHEMBL2146298.csv,,,
59,59,/Users/dangoo/My documents/PhD Research/Pairwise Approach/RP/qsar_data_unsorted/data_CHEMBL2292.csv,data_CHEMBL2292.csv,"(1312, 984)",1312,984,0.226371951,/home/iris/PA/qsar_data_unsorted/data_CHEMBL2292.csv,,,
1302,1302,/Users/dangoo/My documents/PhD Research/Pairwise Approach/RP/qsar_data_unsorted/data_CHEMBL4072.csv,data_CHEMBL4072.csv,"(1330, 845)",1330,845,0.17443609,/home/iris/PA/qsar_data_unsorted/data_CHEMBL4072.csv,,,
1981,1981,/Users/dangoo/My documents/PhD Research/Pairwise Approach/RP/qsar_data_unsorted/data_CHEMBL3976.csv,data_CHEMBL3976.csv,"(1352, 799)",1352,799,0.167159763,/home/iris/PA/qsar_data_unsorted/data_CHEMBL3976.csv,,,
817,817,/Users/dangoo/My documents/PhD Research/Pairwise Approach/RP/qsar_data_unsorted/data_CHEMBL1936.csv,data_CHEMBL1936.csv,"(1358, 969)",1358,969,0.331369661,/home/iris/PA/qsar_data_unsorted/data_CHEMBL1936.csv,,,
701,701,/Users/dangoo/My documents/PhD Research/Pairwise Approach/RP/qsar_data_unsorted/data_CHEMBL1855.csv,data_CHEMBL1855.csv,"(1362, 804)",1362,804,0.022760646,/home/iris/PA/qsar_data_unsorted/data_CHEMBL1855.csv,,,
1504,1504,/Users/dangoo/My documents/PhD Research/Pairwise Approach/RP/qsar_data_unsorted/data_CHEMBL1907596.csv,data_CHEMBL1907596.csv,"(1362, 755)",1362,755,0.055066079,/home/iris/PA/qsar_data_unsorted/data_CHEMBL1907596.csv,,,
902,902,/Users/dangoo/My documents/PhD Research/Pairwise Approach/RP/qsar_data_unsorted/data_CHEMBL232.csv,data_CHEMBL232.csv,"(1386, 857)",1386,857,0.064935065,/home/iris/PA/qsar_data_unsorted/data_CHEMBL232.csv,,,
1476,1476,/Users/dangoo/My documents/PhD Research/Pairwise Approach/RP/qsar_data_unsorted/data_CHEMBL2996.csv,data_CHEMBL2996.csv,"(1400, 970)",1400,970,0.357142857,/home/iris/PA/qsar_data_unsorted/data_CHEMBL2996.csv,,,
1294,1294,/Users/dangoo/My documents/PhD Research/Pairwise Approach/RP/qsar_data_unsorted/data_CHEMBL1293286.csv,data_CHEMBL1293286.csv,"(1408, 1008)",1408,1008,0.711647727,/home/iris/PA/qsar_data_unsorted/data_CHEMBL1293286.csv,,,
1373,1373,/Users/dangoo/My documents/PhD Research/Pairwise Approach/RP/qsar_data_unsorted/data_CHEMBL213.csv,data_CHEMBL213.csv,"(1414, 781)",1414,781,0.062942008,/home/iris/PA/qsar_data_unsorted/data_CHEMBL213.csv,,,
778,778,/Users/dangoo/My documents/PhD Research/Pairwise Approach/RP/qsar_data_unsorted/data_CHEMBL1907598.csv,data_CHEMBL1907598.csv,"(1425, 819)",1425,819,0.058947368,/home/iris/PA/qsar_data_unsorted/data_CHEMBL1907598.csv,,,
1141,1141,/Users/dangoo/My documents/PhD Research/Pairwise Approach/RP/qsar_data_unsorted/data_CHEMBL229.csv,data_CHEMBL229.csv,"(1425, 862)",1425,862,0.024561404,/home/iris/PA/qsar_data_unsorted/data_CHEMBL229.csv,,,
2059,2059,/Users/dangoo/My documents/PhD Research/Pairwise Approach/RP/qsar_data_unsorted/data_CHEMBL2093870.csv,data_CHEMBL2093870.csv,"(1425, 762)",1425,762,0.053333333,/home/iris/PA/qsar_data_unsorted/data_CHEMBL2093870.csv,,,
1469,1469,/Users/dangoo/My documents/PhD Research/Pairwise Approach/RP/qsar_data_unsorted/data_CHEMBL2014.csv,data_CHEMBL2014.csv,"(1426, 806)",1426,806,0.06171108,/home/iris/PA/qsar_data_unsorted/data_CHEMBL2014.csv,,,
647,647,/Users/dangoo/My documents/PhD Research/Pairwise Approach/RP/qsar_data_unsorted/data_CHEMBL4657.csv,data_CHEMBL4657.csv,"(1427, 847)",1427,847,0.26419061,/home/iris/PA/qsar_data_unsorted/data_CHEMBL4657.csv,,,
1792,1792,/Users/dangoo/My documents/PhD Research/Pairwise Approach/RP/qsar_data_unsorted/data_CHEMBL3024.csv,data_CHEMBL3024.csv,"(1443, 969)",1443,969,0.406098406,/home/iris/PA/qsar_data_unsorted/data_CHEMBL3024.csv,,,
580,580,/Users/dangoo/My documents/PhD Research/Pairwise Approach/RP/qsar_data_unsorted/data_CHEMBL1827.csv,data_CHEMBL1827.csv,"(1454, 908)",1454,908,0.026134801,/home/iris/PA/qsar_data_unsorted/data_CHEMBL1827.csv,,,
2037,2037,/Users/dangoo/My documents/PhD Research/Pairwise Approach/RP/qsar_data_unsorted/data_CHEMBL4361.csv,data_CHEMBL4361.csv,"(1457, 997)",1457,997,0.054221002,/home/iris/PA/qsar_data_unsorted/data_CHEMBL4361.csv,,,
713,713,/Users/dangoo/My documents/PhD Research/Pairwise Approach/RP/qsar_data_unsorted/data_CHEMBL4078.csv,data_CHEMBL4078.csv,"(1468, 884)",1468,884,0.053133515,/home/iris/PA/qsar_data_unsorted/data_CHEMBL4078.csv,,,
1667,1667,/Users/dangoo/My documents/PhD Research/Pairwise Approach/RP/qsar_data_unsorted/data_CHEMBL3231.csv,data_CHEMBL3231.csv,"(1480, 973)",1480,973,0.275675676,/home/iris/PA/qsar_data_unsorted/data_CHEMBL3231.csv,,,
1825,1825,/Users/dangoo/My documents/PhD Research/Pairwise Approach/RP/qsar_data_unsorted/data_CHEMBL304.csv,data_CHEMBL304.csv,"(1482, 720)",1482,720,0.034412955,/home/iris/PA/qsar_data_unsorted/data_CHEMBL304.csv,,,
536,536,/Users/dangoo/My documents/PhD Research/Pairwise Approach/RP/qsar_data_unsorted/data_CHEMBL252.csv,data_CHEMBL252.csv,"(1487, 787)",1487,787,0.024209818,/home/iris/PA/qsar_data_unsorted/data_CHEMBL252.csv,,,
1967,1967,/Users/dangoo/My documents/PhD Research/Pairwise Approach/RP/qsar_data_unsorted/data_CHEMBL2842.csv,data_CHEMBL2842.csv,"(1487, 899)",1487,899,0.125084062,/home/iris/PA/qsar_data_unsorted/data_CHEMBL2842.csv,,,
191,191,/Users/dangoo/My documents/PhD Research/Pairwise Approach/RP/qsar_data_unsorted/data_CHEMBL4179.csv,data_CHEMBL4179.csv,"(1488, 981)",1488,981,0.397177419,/home/iris/PA/qsar_data_unsorted/data_CHEMBL4179.csv,,,
1832,1832,/Users/dangoo/My documents/PhD Research/Pairwise Approach/RP/qsar_data_unsorted/data_CHEMBL4015.csv,data_CHEMBL4015.csv,"(1490, 787)",1490,787,0.034228188,/home/iris/PA/qsar_data_unsorted/data_CHEMBL4015.csv,,,
1655,1655,/Users/dangoo/My documents/PhD Research/Pairwise Approach/RP/qsar_data_unsorted/data_CHEMBL3594.csv,data_CHEMBL3594.csv,"(1492, 879)",1492,879,0.014075067,/home/iris/PA/qsar_data_unsorted/data_CHEMBL3594.csv,,,
2061,2061,/Users/dangoo/My documents/PhD Research/Pairwise Approach/RP/qsar_data_unsorted/data_CHEMBL2093864.csv,data_CHEMBL2093864.csv,"(1494, 853)",1494,853,0.041499331,/home/iris/PA/qsar_data_unsorted/data_CHEMBL2093864.csv,,,
2081,2081,/Users/dangoo/My documents/PhD Research/Pairwise Approach/RP/qsar_data_unsorted/data_CHEMBL312.csv,data_CHEMBL312.csv,"(1507, 862)",1507,862,0.02123424,/home/iris/PA/qsar_data_unsorted/data_CHEMBL312.csv,,,
181,181,/Users/dangoo/My documents/PhD Research/Pairwise Approach/RP/qsar_data_unsorted/data_CHEMBL3979.csv,data_CHEMBL3979.csv,"(1510, 744)",1510,744,0.09205298,/home/iris/PA/qsar_data_unsorted/data_CHEMBL3979.csv,,,
408,408,/Users/dangoo/My documents/PhD Research/Pairwise Approach/RP/qsar_data_unsorted/data_CHEMBL1978.csv,data_CHEMBL1978.csv,"(1515, 797)",1515,797,0.029042904,/home/iris/PA/qsar_data_unsorted/data_CHEMBL1978.csv,,,
799,799,/Users/dangoo/My documents/PhD Research/Pairwise Approach/RP/qsar_data_unsorted/data_CHEMBL2973.csv,data_CHEMBL2973.csv,"(1521, 962)",1521,962,0.222879684,/home/iris/PA/qsar_data_unsorted/data_CHEMBL2973.csv,,,
1008,1008,/Users/dangoo/My documents/PhD Research/Pairwise Approach/RP/qsar_data_unsorted/data_CHEMBL231.csv,data_CHEMBL231.csv,"(1524, 886)",1524,886,0.073490814,/home/iris/PA/qsar_data_unsorted/data_CHEMBL231.csv,,,
1158,1158,/Users/dangoo/My documents/PhD Research/Pairwise Approach/RP/qsar_data_unsorted/data_CHEMBL1914.csv,data_CHEMBL1914.csv,"(1528, 858)",1528,858,0.132198953,/home/iris/PA/qsar_data_unsorted/data_CHEMBL1914.csv,,,
1065,1065,/Users/dangoo/My documents/PhD Research/Pairwise Approach/RP/qsar_data_unsorted/data_CHEMBL3706.csv,data_CHEMBL3706.csv,"(1529, 825)",1529,825,0.028776978,/home/iris/PA/qsar_data_unsorted/data_CHEMBL3706.csv,,,
556,556,/Users/dangoo/My documents/PhD Research/Pairwise Approach/RP/qsar_data_unsorted/data_CHEMBL4354.csv,data_CHEMBL4354.csv,"(1541, 813)",1541,813,0.07073329,/home/iris/PA/qsar_data_unsorted/data_CHEMBL4354.csv,,,
1751,1751,/Users/dangoo/My documents/PhD Research/Pairwise Approach/RP/qsar_data_unsorted/data_CHEMBL248.csv,data_CHEMBL248.csv,"(1560, 882)",1560,882,0.019230769,/home/iris/PA/qsar_data_unsorted/data_CHEMBL248.csv,,,
1480,1480,/Users/dangoo/My documents/PhD Research/Pairwise Approach/RP/qsar_data_unsorted/data_CHEMBL210.csv,data_CHEMBL210.csv,"(1577, 897)",1577,897,0.062777425,/home/iris/PA/qsar_data_unsorted/data_CHEMBL210.csv,,,
1674,1674,/Users/dangoo/My documents/PhD Research/Pairwise Approach/RP/qsar_data_unsorted/data_CHEMBL3227.csv,data_CHEMBL3227.csv,"(1584, 815)",1584,815,0.116161616,/home/iris/PA/qsar_data_unsorted/data_CHEMBL3227.csv,,,
2012,2012,/Users/dangoo/My documents/PhD Research/Pairwise Approach/RP/qsar_data_unsorted/data_CHEMBL298.csv,data_CHEMBL298.csv,"(1585, 778)",1585,778,0.070031546,/home/iris/PA/qsar_data_unsorted/data_CHEMBL298.csv,,,
262,262,/Users/dangoo/My documents/PhD Research/Pairwise Approach/RP/qsar_data_unsorted/data_CHEMBL4805.csv,data_CHEMBL4805.csv,"(1591, 812)",1591,812,0.039597737,/home/iris/PA/qsar_data_unsorted/data_CHEMBL4805.csv,,,
110,110,/Users/dangoo/My documents/PhD Research/Pairwise Approach/RP/qsar_data_unsorted/data_CHEMBL1981.csv,data_CHEMBL1981.csv,"(1597, 979)",1597,979,0.344395742,/home/iris/PA/qsar_data_unsorted/data_CHEMBL1981.csv,,,
187,187,/Users/dangoo/My documents/PhD Research/Pairwise Approach/RP/qsar_data_unsorted/data_CHEMBL4794.csv,data_CHEMBL4794.csv,"(1602, 815)",1602,815,0.073033708,/home/iris/PA/qsar_data_unsorted/data_CHEMBL4794.csv,,,
1054,1054,/Users/dangoo/My documents/PhD Research/Pairwise Approach/RP/qsar_data_unsorted/data_CHEMBL1844.csv,data_CHEMBL1844.csv,"(1608, 972)",1608,972,0.342039801,/home/iris/PA/qsar_data_unsorted/data_CHEMBL1844.csv,,,
693,693,/Users/dangoo/My documents/PhD Research/Pairwise Approach/RP/qsar_data_unsorted/data_CHEMBL4124.csv,data_CHEMBL4124.csv,"(1616, 808)",1616,808,0.019183168,/home/iris/PA/qsar_data_unsorted/data_CHEMBL4124.csv,,,
320,320,/Users/dangoo/My documents/PhD Research/Pairwise Approach/RP/qsar_data_unsorted/data_CHEMBL3571.csv,data_CHEMBL3571.csv,"(1627, 824)",1627,824,0.074984634,/home/iris/PA/qsar_data_unsorted/data_CHEMBL3571.csv,,,
1521,1521,/Users/dangoo/My documents/PhD Research/Pairwise Approach/RP/qsar_data_unsorted/data_CHEMBL1871.csv,data_CHEMBL1871.csv,"(1631, 919)",1631,919,0.125689761,/home/iris/PA/qsar_data_unsorted/data_CHEMBL1871.csv,,,
129,129,/Users/dangoo/My documents/PhD Research/Pairwise Approach/RP/qsar_data_unsorted/data_CHEMBL2094108.csv,data_CHEMBL2094108.csv,"(1639, 872)",1639,872,0.018303844,/home/iris/PA/qsar_data_unsorted/data_CHEMBL2094108.csv,,,
140,140,/Users/dangoo/My documents/PhD Research/Pairwise Approach/RP/qsar_data_unsorted/data_CHEMBL322.csv,data_CHEMBL322.csv,"(1648, 842)",1648,842,0.101334951,/home/iris/PA/qsar_data_unsorted/data_CHEMBL322.csv,,,
1551,1551,/Users/dangoo/My documents/PhD Research/Pairwise Approach/RP/qsar_data_unsorted/data_CHEMBL302.csv,data_CHEMBL302.csv,"(1649, 896)",1649,896,0.027289266,/home/iris/PA/qsar_data_unsorted/data_CHEMBL302.csv,,,
630,630,/Users/dangoo/My documents/PhD Research/Pairwise Approach/RP/qsar_data_unsorted/data_CHEMBL1868.csv,data_CHEMBL1868.csv,"(1671, 971)",1671,971,0.161579892,/home/iris/PA/qsar_data_unsorted/data_CHEMBL1868.csv,,,
885,885,/Users/dangoo/My documents/PhD Research/Pairwise Approach/RP/qsar_data_unsorted/data_CHEMBL2208.csv,data_CHEMBL2208.csv,"(1695, 979)",1695,979,0.357522124,/home/iris/PA/qsar_data_unsorted/data_CHEMBL2208.csv,,,
1489,1489,/Users/dangoo/My documents/PhD Research/Pairwise Approach/RP/qsar_data_unsorted/data_CHEMBL2954.csv,data_CHEMBL2954.csv,"(1703, 851)",1703,851,0.040516735,/home/iris/PA/qsar_data_unsorted/data_CHEMBL2954.csv,,,
864,864,/Users/dangoo/My documents/PhD Research/Pairwise Approach/RP/qsar_data_unsorted/data_CHEMBL4296.csv,data_CHEMBL4296.csv,"(1730, 829)",1730,829,0.047398844,/home/iris/PA/qsar_data_unsorted/data_CHEMBL4296.csv,,,
662,662,/Users/dangoo/My documents/PhD Research/Pairwise Approach/RP/qsar_data_unsorted/data_CHEMBL208.csv,data_CHEMBL208.csv,"(1731, 898)",1731,898,0.067590988,/home/iris/PA/qsar_data_unsorted/data_CHEMBL208.csv,,,
1229,1229,/Users/dangoo/My documents/PhD Research/Pairwise Approach/RP/qsar_data_unsorted/data_CHEMBL1862.csv,data_CHEMBL1862.csv,"(1739, 989)",1739,989,0.222541691,/home/iris/PA/qsar_data_unsorted/data_CHEMBL1862.csv,,,
1780,1780,/Users/dangoo/My documents/PhD Research/Pairwise Approach/RP/qsar_data_unsorted/data_CHEMBL1800.csv,data_CHEMBL1800.csv,"(1745, 813)",1745,813,0.076790831,/home/iris/PA/qsar_data_unsorted/data_CHEMBL1800.csv,,,
513,513,/Users/dangoo/My documents/PhD Research/Pairwise Approach/RP/qsar_data_unsorted/data_CHEMBL3837.csv,data_CHEMBL3837.csv,"(1748, 916)",1748,916,0.135583524,/home/iris/PA/qsar_data_unsorted/data_CHEMBL3837.csv,,,
235,235,/Users/dangoo/My documents/PhD Research/Pairwise Approach/RP/qsar_data_unsorted/data_CHEMBL269.csv,data_CHEMBL269.csv,"(1814, 809)",1814,809,0.077728776,/home/iris/PA/qsar_data_unsorted/data_CHEMBL269.csv,,,
227,227,/Users/dangoo/My documents/PhD Research/Pairwise Approach/RP/qsar_data_unsorted/data_CHEMBL268.csv,data_CHEMBL268.csv,"(1829, 874)",1829,874,0.038819027,/home/iris/PA/qsar_data_unsorted/data_CHEMBL268.csv,,,
1853,1853,/Users/dangoo/My documents/PhD Research/Pairwise Approach/RP/qsar_data_unsorted/data_CHEMBL2276.csv,data_CHEMBL2276.csv,"(1842, 994)",1842,994,0.249728556,/home/iris/PA/qsar_data_unsorted/data_CHEMBL2276.csv,,,
466,466,/Users/dangoo/My documents/PhD Research/Pairwise Approach/RP/qsar_data_unsorted/data_CHEMBL4235.csv,data_CHEMBL4235.csv,"(1851, 882)",1851,882,0.018908698,/home/iris/PA/qsar_data_unsorted/data_CHEMBL4235.csv,,,
158,158,/Users/dangoo/My documents/PhD Research/Pairwise Approach/RP/qsar_data_unsorted/data_CHEMBL308.csv,data_CHEMBL308.csv,"(1852, 989)",1852,989,0.245680346,/home/iris/PA/qsar_data_unsorted/data_CHEMBL308.csv,,,
661,661,/Users/dangoo/My documents/PhD Research/Pairwise Approach/RP/qsar_data_unsorted/data_CHEMBL2971.csv,data_CHEMBL2971.csv,"(1862, 997)",1862,997,0.204081633,/home/iris/PA/qsar_data_unsorted/data_CHEMBL2971.csv,,,
47,47,/Users/dangoo/My documents/PhD Research/Pairwise Approach/RP/qsar_data_unsorted/data_CHEMBL3952.csv,data_CHEMBL3952.csv,"(1863, 851)",1863,851,0.078368223,/home/iris/PA/qsar_data_unsorted/data_CHEMBL3952.csv,,,
366,366,/Users/dangoo/My documents/PhD Research/Pairwise Approach/RP/qsar_data_unsorted/data_CHEMBL1741171.csv,data_CHEMBL1741171.csv,"(1875, 1011)",1875,1011,0.006933333,/home/iris/PA/qsar_data_unsorted/data_CHEMBL1741171.csv,,,
407,407,/Users/dangoo/My documents/PhD Research/Pairwise Approach/RP/qsar_data_unsorted/data_CHEMBL287.csv,data_CHEMBL287.csv,"(1875, 847)",1875,847,0.021866667,/home/iris/PA/qsar_data_unsorted/data_CHEMBL287.csv,,,
46,46,/Users/dangoo/My documents/PhD Research/Pairwise Approach/RP/qsar_data_unsorted/data_CHEMBL2093869.csv,data_CHEMBL2093869.csv,"(1891, 828)",1891,828,0.042305658,/home/iris/PA/qsar_data_unsorted/data_CHEMBL2093869.csv,,,
331,331,/Users/dangoo/My documents/PhD Research/Pairwise Approach/RP/qsar_data_unsorted/data_CHEMBL325.csv,data_CHEMBL325.csv,"(1891, 883)",1891,883,0.030671602,/home/iris/PA/qsar_data_unsorted/data_CHEMBL325.csv,,,
1025,1025,/Users/dangoo/My documents/PhD Research/Pairwise Approach/RP/qsar_data_unsorted/data_CHEMBL2034.csv,data_CHEMBL2034.csv,"(1897, 913)",1897,913,0.04797048,/home/iris/PA/qsar_data_unsorted/data_CHEMBL2034.csv,,,
1761,1761,/Users/dangoo/My documents/PhD Research/Pairwise Approach/RP/qsar_data_unsorted/data_CHEMBL1974.csv,data_CHEMBL1974.csv,"(1902, 981)",1902,981,0.180336488,/home/iris/PA/qsar_data_unsorted/data_CHEMBL1974.csv,,,
1401,1401,/Users/dangoo/My documents/PhD Research/Pairwise Approach/RP/qsar_data_unsorted/data_CHEMBL3650.csv,data_CHEMBL3650.csv,"(1932, 999)",1932,999,0.218944099,/home/iris/PA/qsar_data_unsorted/data_CHEMBL3650.csv,,,
1492,1492,/Users/dangoo/My documents/PhD Research/Pairwise Approach/RP/qsar_data_unsorted/data_CHEMBL211.csv,data_CHEMBL211.csv,"(1953, 905)",1953,905,0.064516129,/home/iris/PA/qsar_data_unsorted/data_CHEMBL211.csv,,,
220,220,/Users/dangoo/My documents/PhD Research/Pairwise Approach/RP/qsar_data_unsorted/data_CHEMBL283.csv,data_CHEMBL283.csv,"(1976, 867)",1976,867,0.050101215,/home/iris/PA/qsar_data_unsorted/data_CHEMBL283.csv,,,
486,486,/Users/dangoo/My documents/PhD Research/Pairwise Approach/RP/qsar_data_unsorted/data_CHEMBL2334.csv,data_CHEMBL2334.csv,"(1979, 978)",1979,978,0.098029308,/home/iris/PA/qsar_data_unsorted/data_CHEMBL2334.csv,,,
670,670,/Users/dangoo/My documents/PhD Research/Pairwise Approach/RP/qsar_data_unsorted/data_CHEMBL221.csv,data_CHEMBL221.csv,"(2042, 911)",2042,911,0.247306562,/home/iris/PA/qsar_data_unsorted/data_CHEMBL221.csv,,,
1014,1014,/Users/dangoo/My documents/PhD Research/Pairwise Approach/RP/qsar_data_unsorted/data_CHEMBL219.csv,data_CHEMBL219.csv,"(2055, 887)",2055,887,0.054501217,/home/iris/PA/qsar_data_unsorted/data_CHEMBL219.csv,,,
297,297,/Users/dangoo/My documents/PhD Research/Pairwise Approach/RP/qsar_data_unsorted/data_CHEMBL335.csv,data_CHEMBL335.csv,"(2063, 965)",2063,965,0.041202133,/home/iris/PA/qsar_data_unsorted/data_CHEMBL335.csv,,,
62,62,/Users/dangoo/My documents/PhD Research/Pairwise Approach/RP/qsar_data_unsorted/data_CHEMBL1957.csv,data_CHEMBL1957.csv,"(2145, 990)",2145,990,0.167365967,/home/iris/PA/qsar_data_unsorted/data_CHEMBL1957.csv,,,
2025,2025,/Users/dangoo/My documents/PhD Research/Pairwise Approach/RP/qsar_data_unsorted/data_CHEMBL3397.csv,data_CHEMBL3397.csv,"(2212, 1006)",2212,1006,0.139692586,/home/iris/PA/qsar_data_unsorted/data_CHEMBL3397.csv,,,
428,428,/Users/dangoo/My documents/PhD Research/Pairwise Approach/RP/qsar_data_unsorted/data_CHEMBL1824.csv,data_CHEMBL1824.csv,"(2230, 986)",2230,986,0.215695067,/home/iris/PA/qsar_data_unsorted/data_CHEMBL1824.csv,,,
863,863,/Users/dangoo/My documents/PhD Research/Pairwise Approach/RP/qsar_data_unsorted/data_CHEMBL4282.csv,data_CHEMBL4282.csv,"(2243, 1002)",2243,1002,0.24164066,/home/iris/PA/qsar_data_unsorted/data_CHEMBL4282.csv,,,
231,231,/Users/dangoo/My documents/PhD Research/Pairwise Approach/RP/qsar_data_unsorted/data_CHEMBL255.csv,data_CHEMBL255.csv,"(2256, 905)",2256,905,0.105496454,/home/iris/PA/qsar_data_unsorted/data_CHEMBL255.csv,,,
1789,1789,/Users/dangoo/My documents/PhD Research/Pairwise Approach/RP/qsar_data_unsorted/data_CHEMBL4005.csv,data_CHEMBL4005.csv,"(2314, 963)",2314,963,0.076923077,/home/iris/PA/qsar_data_unsorted/data_CHEMBL4005.csv,,,
1379,1379,/Users/dangoo/My documents/PhD Research/Pairwise Approach/RP/qsar_data_unsorted/data_CHEMBL206.csv,data_CHEMBL206.csv,"(2349, 1003)",2349,1003,0.068539804,/home/iris/PA/qsar_data_unsorted/data_CHEMBL206.csv,,,
728,728,/Users/dangoo/My documents/PhD Research/Pairwise Approach/RP/qsar_data_unsorted/data_CHEMBL1907607.csv,data_CHEMBL1907607.csv,"(2353, 963)",2353,963,0.057373566,/home/iris/PA/qsar_data_unsorted/data_CHEMBL1907607.csv,,,
66,66,/Users/dangoo/My documents/PhD Research/Pairwise Approach/RP/qsar_data_unsorted/data_CHEMBL3371.csv,data_CHEMBL3371.csv,"(2408, 877)",2408,877,0.037375415,/home/iris/PA/qsar_data_unsorted/data_CHEMBL3371.csv,,,
1426,1426,/Users/dangoo/My documents/PhD Research/Pairwise Approach/RP/qsar_data_unsorted/data_CHEMBL1907608.csv,data_CHEMBL1907608.csv,"(2414, 968)",2414,968,0.122203811,/home/iris/PA/qsar_data_unsorted/data_CHEMBL1907608.csv,,,
714,714,/Users/dangoo/My documents/PhD Research/Pairwise Approach/RP/qsar_data_unsorted/data_CHEMBL3717.csv,data_CHEMBL3717.csv,"(2442, 1008)",2442,1008,0.201883702,/home/iris/PA/qsar_data_unsorted/data_CHEMBL3717.csv,,,
1739,1739,/Users/dangoo/My documents/PhD Research/Pairwise Approach/RP/qsar_data_unsorted/data_CHEMBL249.csv,data_CHEMBL249.csv,"(2446, 949)",2446,949,0.012673753,/home/iris/PA/qsar_data_unsorted/data_CHEMBL249.csv,,,
543,543,/Users/dangoo/My documents/PhD Research/Pairwise Approach/RP/qsar_data_unsorted/data_CHEMBL247.csv,data_CHEMBL247.csv,"(2465, 965)",2465,965,0.069776876,/home/iris/PA/qsar_data_unsorted/data_CHEMBL247.csv,,,
1689,1689,/Users/dangoo/My documents/PhD Research/Pairwise Approach/RP/qsar_data_unsorted/data_CHEMBL301.csv,data_CHEMBL301.csv,"(2577, 1001)",2577,1001,0.168800931,/home/iris/PA/qsar_data_unsorted/data_CHEMBL301.csv,,,
1880,1880,/Users/dangoo/My documents/PhD Research/Pairwise Approach/RP/qsar_data_unsorted/data_CHEMBL270.csv,data_CHEMBL270.csv,"(2578, 890)",2578,890,0.039565555,/home/iris/PA/qsar_data_unsorted/data_CHEMBL270.csv,,,
381,381,/Users/dangoo/My documents/PhD Research/Pairwise Approach/RP/qsar_data_unsorted/data_CHEMBL286.csv,data_CHEMBL286.csv,"(2585, 901)",2585,901,0.016634429,/home/iris/PA/qsar_data_unsorted/data_CHEMBL286.csv,,,
666,666,/Users/dangoo/My documents/PhD Research/Pairwise Approach/RP/qsar_data_unsorted/data_CHEMBL220.csv,data_CHEMBL220.csv,"(2604, 979)",2604,979,0.093701997,/home/iris/PA/qsar_data_unsorted/data_CHEMBL220.csv,,,
294,294,/Users/dangoo/My documents/PhD Research/Pairwise Approach/RP/qsar_data_unsorted/data_CHEMBL321.csv,data_CHEMBL321.csv,"(2615, 923)",2615,923,0.062715105,/home/iris/PA/qsar_data_unsorted/data_CHEMBL321.csv,,,
1882,1882,/Users/dangoo/My documents/PhD Research/Pairwise Approach/RP/qsar_data_unsorted/data_CHEMBL258.csv,data_CHEMBL258.csv,"(2615, 1010)",2615,1010,0.156022945,/home/iris/PA/qsar_data_unsorted/data_CHEMBL258.csv,,,
710,710,/Users/dangoo/My documents/PhD Research/Pairwise Approach/RP/qsar_data_unsorted/data_CHEMBL4722.csv,data_CHEMBL4722.csv,"(2625, 1002)",2625,1002,0.125333333,/home/iris/PA/qsar_data_unsorted/data_CHEMBL4722.csv,,,
573,573,/Users/dangoo/My documents/PhD Research/Pairwise Approach/RP/qsar_data_unsorted/data_CHEMBL4630.csv,data_CHEMBL4630.csv,"(2756, 1006)",2756,1006,0.208635704,/home/iris/PA/qsar_data_unsorted/data_CHEMBL4630.csv,,,
1017,1017,/Users/dangoo/My documents/PhD Research/Pairwise Approach/RP/qsar_data_unsorted/data_CHEMBL224.csv,data_CHEMBL224.csv,"(2778, 954)",2778,954,0.058675306,/home/iris/PA/qsar_data_unsorted/data_CHEMBL224.csv,,,
797,797,/Users/dangoo/My documents/PhD Research/Pairwise Approach/RP/qsar_data_unsorted/data_CHEMBL222.csv,data_CHEMBL222.csv,"(2789, 924)",2789,924,0.043384726,/home/iris/PA/qsar_data_unsorted/data_CHEMBL222.csv,,,
1588,1588,/Users/dangoo/My documents/PhD Research/Pairwise Approach/RP/qsar_data_unsorted/data_CHEMBL289.csv,data_CHEMBL289.csv,"(2851, 1015)",2851,1015,0.124517713,/home/iris/PA/qsar_data_unsorted/data_CHEMBL289.csv,,,
446,446,/Users/dangoo/My documents/PhD Research/Pairwise Approach/RP/qsar_data_unsorted/data_CHEMBL318.csv,data_CHEMBL318.csv,"(2866, 964)",2866,964,0.02547104,/home/iris/PA/qsar_data_unsorted/data_CHEMBL318.csv,,,
1011,1011,/Users/dangoo/My documents/PhD Research/Pairwise Approach/RP/qsar_data_unsorted/data_CHEMBL225.csv,data_CHEMBL225.csv,"(2869, 955)",2869,955,0.086441269,/home/iris/PA/qsar_data_unsorted/data_CHEMBL225.csv,,,
1888,1888,/Users/dangoo/My documents/PhD Research/Pairwise Approach/RP/qsar_data_unsorted/data_CHEMBL259.csv,data_CHEMBL259.csv,"(2872, 979)",2872,979,0.066155989,/home/iris/PA/qsar_data_unsorted/data_CHEMBL259.csv,,,
1828,1828,/Users/dangoo/My documents/PhD Research/Pairwise Approach/RP/qsar_data_unsorted/data_CHEMBL338.csv,data_CHEMBL338.csv,"(2897, 850)",2897,850,0.024853297,/home/iris/PA/qsar_data_unsorted/data_CHEMBL338.csv,,,
1019,1019,/Users/dangoo/My documents/PhD Research/Pairwise Approach/RP/qsar_data_unsorted/data_CHEMBL230.csv,data_CHEMBL230.csv,"(2933, 960)",2933,960,0.08353222,/home/iris/PA/qsar_data_unsorted/data_CHEMBL230.csv,,,
514,514,/Users/dangoo/My documents/PhD Research/Pairwise Approach/RP/qsar_data_unsorted/data_CHEMBL1293228.csv,data_CHEMBL1293228.csv,"(2991, 1021)",2991,1021,0.018722835,/home/iris/PA/qsar_data_unsorted/data_CHEMBL1293228.csv,,,
2042,2042,/Users/dangoo/My documents/PhD Research/Pairwise Approach/RP/qsar_data_unsorted/data_CHEMBL4822.csv,data_CHEMBL4822.csv,"(2998, 976)",2998,976,0.039026017,/home/iris/PA/qsar_data_unsorted/data_CHEMBL4822.csv,,,
1740,1740,/Users/dangoo/My documents/PhD Research/Pairwise Approach/RP/qsar_data_unsorted/data_CHEMBL261.csv,data_CHEMBL261.csv,"(3019, 955)",3019,955,0.014574362,/home/iris/PA/qsar_data_unsorted/data_CHEMBL261.csv,,,
1072,1072,/Users/dangoo/My documents/PhD Research/Pairwise Approach/RP/qsar_data_unsorted/data_CHEMBL344.csv,data_CHEMBL344.csv,"(3048, 940)",3048,940,0.022309711,/home/iris/PA/qsar_data_unsorted/data_CHEMBL344.csv,,,
1604,1604,/Users/dangoo/My documents/PhD Research/Pairwise Approach/RP/qsar_data_unsorted/data_CHEMBL262.csv,data_CHEMBL262.csv,"(3058, 1012)",3058,1012,0.094833224,/home/iris/PA/qsar_data_unsorted/data_CHEMBL262.csv,,,
857,857,/Users/dangoo/My documents/PhD Research/Pairwise Approach/RP/qsar_data_unsorted/data_CHEMBL1907610.csv,data_CHEMBL1907610.csv,"(3083, 951)",3083,951,0.048978268,/home/iris/PA/qsar_data_unsorted/data_CHEMBL1907610.csv,,,
664,664,/Users/dangoo/My documents/PhD Research/Pairwise Approach/RP/qsar_data_unsorted/data_CHEMBL234.csv,data_CHEMBL234.csv,"(3133, 949)",3133,949,0.048834982,/home/iris/PA/qsar_data_unsorted/data_CHEMBL234.csv,,,
1877,1877,/Users/dangoo/My documents/PhD Research/Pairwise Approach/RP/qsar_data_unsorted/data_CHEMBL264.csv,data_CHEMBL264.csv,"(3134, 919)",3134,919,0.019783025,/home/iris/PA/qsar_data_unsorted/data_CHEMBL264.csv,,,
1146,1146,/Users/dangoo/My documents/PhD Research/Pairwise Approach/RP/qsar_data_unsorted/data_CHEMBL214.csv,data_CHEMBL214.csv,"(3356, 969)",3356,969,0.047675805,/home/iris/PA/qsar_data_unsorted/data_CHEMBL214.csv,,,
555,555,/Users/dangoo/My documents/PhD Research/Pairwise Approach/RP/qsar_data_unsorted/data_CHEMBL284.csv,data_CHEMBL284.csv,"(3429, 951)",3429,951,0.042578011,/home/iris/PA/qsar_data_unsorted/data_CHEMBL284.csv,,,
84,84,/Users/dangoo/My documents/PhD Research/Pairwise Approach/RP/qsar_data_unsorted/data_CHEMBL256.csv,data_CHEMBL256.csv,"(3438, 991)",3438,991,0.067481094,/home/iris/PA/qsar_data_unsorted/data_CHEMBL256.csv,,,
478,478,/Users/dangoo/My documents/PhD Research/Pairwise Approach/RP/qsar_data_unsorted/data_CHEMBL332.csv,data_CHEMBL332.csv,"(3459, 935)",3459,935,0.115929459,/home/iris/PA/qsar_data_unsorted/data_CHEMBL332.csv,,,
900,900,/Users/dangoo/My documents/PhD Research/Pairwise Approach/RP/qsar_data_unsorted/data_CHEMBL226.csv,data_CHEMBL226.csv,"(3490, 969)",3490,969,0.063896848,/home/iris/PA/qsar_data_unsorted/data_CHEMBL226.csv,,,
1966,1966,/Users/dangoo/My documents/PhD Research/Pairwise Approach/RP/qsar_data_unsorted/data_CHEMBL313.csv,data_CHEMBL313.csv,"(3527, 914)",3527,914,0.015310462,/home/iris/PA/qsar_data_unsorted/data_CHEMBL313.csv,,,
596,596,/Users/dangoo/My documents/PhD Research/Pairwise Approach/RP/qsar_data_unsorted/data_CHEMBL333.csv,data_CHEMBL333.csv,"(3617, 994)",3617,994,0.092618192,/home/iris/PA/qsar_data_unsorted/data_CHEMBL333.csv,,,
622,622,/Users/dangoo/My documents/PhD Research/Pairwise Approach/RP/qsar_data_unsorted/data_CHEMBL340.csv,data_CHEMBL340.csv,"(3649, 1019)",3649,1019,0.125787887,/home/iris/PA/qsar_data_unsorted/data_CHEMBL340.csv,,,
2017,2017,/Users/dangoo/My documents/PhD Research/Pairwise Approach/RP/qsar_data_unsorted/data_CHEMBL267.csv,data_CHEMBL267.csv,"(3650, 1006)",3650,1006,0.10739726,/home/iris/PA/qsar_data_unsorted/data_CHEMBL267.csv,,,
1491,1491,/Users/dangoo/My documents/PhD Research/Pairwise Approach/RP/qsar_data_unsorted/data_CHEMBL205.csv,data_CHEMBL205.csv,"(3664, 975)",3664,975,0.022379913,/home/iris/PA/qsar_data_unsorted/data_CHEMBL205.csv,,,
1746,1746,/Users/dangoo/My documents/PhD Research/Pairwise Approach/RP/qsar_data_unsorted/data_CHEMBL260.csv,data_CHEMBL260.csv,"(3889, 1002)",3889,1002,0.048855747,/home/iris/PA/qsar_data_unsorted/data_CHEMBL260.csv,,,
392,392,/Users/dangoo/My documents/PhD Research/Pairwise Approach/RP/qsar_data_unsorted/data_CHEMBL251.csv,data_CHEMBL251.csv,"(4081, 999)",4081,999,0.0825778,/home/iris/PA/qsar_data_unsorted/data_CHEMBL251.csv,,,
906,906,/Users/dangoo/My documents/PhD Research/Pairwise Approach/RP/qsar_data_unsorted/data_CHEMBL233.csv,data_CHEMBL233.csv,"(4089, 1014)",4089,1014,0.091709464,/home/iris/PA/qsar_data_unsorted/data_CHEMBL233.csv,,,
1148,1148,/Users/dangoo/My documents/PhD Research/Pairwise Approach/RP/qsar_data_unsorted/data_CHEMBL228.csv,data_CHEMBL228.csv,"(4156, 953)",4156,953,0.047160731,/home/iris/PA/qsar_data_unsorted/data_CHEMBL228.csv,,,
545,545,/Users/dangoo/My documents/PhD Research/Pairwise Approach/RP/qsar_data_unsorted/data_CHEMBL253.csv,data_CHEMBL253.csv,"(4332, 993)",4332,993,0.073176362,/home/iris/PA/qsar_data_unsorted/data_CHEMBL253.csv,,,
1939,1939,/Users/dangoo/My documents/PhD Research/Pairwise Approach/RP/qsar_data_unsorted/data_CHEMBL339.csv,data_CHEMBL339.csv,"(4378, 959)",4378,959,0.105527638,/home/iris/PA/qsar_data_unsorted/data_CHEMBL339.csv,,,
1264,1264,/Users/dangoo/My documents/PhD Research/Pairwise Approach/RP/qsar_data_unsorted/data_CHEMBL203.csv,data_CHEMBL203.csv,"(5012, 1012)",5012,1012,0.087589785,/home/iris/PA/qsar_data_unsorted/data_CHEMBL203.csv,,,
1481,1481,/Users/dangoo/My documents/PhD Research/Pairwise Approach/RP/qsar_data_unsorted/data_CHEMBL204.csv,data_CHEMBL204.csv,"(5742, 1023)",5742,1023,0.060606061,/home/iris/PA/qsar_data_unsorted/data_CHEMBL204.csv,,,